FileName,base_name,file_type,file_ext,timestamp_precise,SequenceNumber,FileType,FileSize,DateTimeOriginal,SubSecTimeOriginal,ExposureTime,FNumber,ISO,ExposureCompensation,ExposureMode,ExposureProgram,FocalLength,FocusMode,FocusDistance2,ImageWidth,ImageHeight,Orientation,LensModel,Model,ReleaseMode2,AFPointSelected,subsec
A1205582.JPG,A1205582,JPG,jpg,2025-09-27T09:43:05Z,0,JPEG,11902042,2025:09:27 09:43:02,307,0.0025,6.3,12800,-2,1,1,83,3,inf,8640,5760,1,FE 50-150mm F2 GM,ILCE-1M2,93,0,307
A1205582.ARW,A1205582,RAW,arw,2025-09-27T09:43:05Z,0,ARW,64774144,2025:09:27 09:43:02,307,0.0025,6.3,12800,-2,1,1,83,3,inf,8704,6144,1,FE 50-150mm F2 GM,ILCE-1M2,93,0,307
A1205581.JPG,A1205581,JPG,jpg,2025-09-27T09:43:09Z,0,JPEG,13798752,2025:09:27 09:43:00,932,0.0025,6.3,10000,-2,1,1,83,3,15.1076048866518,8640,5760,1,FE 50-150mm F2 GM,ILCE-1M2,85,0,932
A1205581.ARW,A1205581,RAW,arw,2025-09-27T09:43:09Z,0,ARW,67399680,2025:09:27 09:43:00,932,0.0025,6.3,10000,-2,1,1,83,3,15.1076048866518,8704,6144,1,FE 50-150mm F2 GM,ILCE-1M2,85,0,932
A1205583.JPG,A1205583,JPG,jpg,2025-09-27T11:10:14Z,0,JPEG,10865008,2025:09:27 11:10:14,011,0.0025,6.3,100,-2,1,1,150,3,269.910331833339,8640,5760,1,FE 50-150mm F2 GM,ILCE-1M2,92,0,11
A1205583.ARW,A1205583,RAW,arw,2025-09-27T11:10:14Z,0,ARW,58400768,2025:09:27 11:10:14,011,0.0025,6.3,100,-2,1,1,150,3,269.910331833339,8704,6144,1,FE 50-150mm F2 GM,ILCE-1M2,92,0,11
A1205584.JPG,A1205584,JPG,jpg,2025-09-27T11:12:53Z,0,JPEG,20117563,2025:09:27 11:12:51,267,6.25e-4,2.8,400,0,1,1,50,3,27.9669979562306,8640,5760,1,FE 50-150mm F2 GM,ILCE-1M2,255,0,267
A1205584.ARW,A1205584,RAW,arw,2025-09-27T11:12:53Z,0,ARW,73510912,2025:09:27 11:12:51,267,6.25e-4,2.8,400,0,1,1,50,3,27.9669979562306,8704,6144,1,FE 50-150mm F2 GM,ILCE-1M2,255,0,267
A1205585.JPG,A1205585,JPG,jpg,2025-09-27T11:13:03Z,0,JPEG,13125266,2025:09:27 11:12:59,454,6.25e-4,2.8,320,0,1,1,50,3,63.6331199781624,8640,5760,1,FE 50-150mm F2 GM,ILCE-1M2,255,0,454
A1205585.ARW,A1205585,RAW,arw,2025-09-27T11:13:03Z,0,ARW,63827968,2025:09:27 11:12:59,454,6.25e-4,2.8,320,0,1,1,50,3,63.6331199781624,8704,6144,1,FE 50-150mm F2 GM,ILCE-1M2,255,0,454
A1205586.JPG,A1205586,JPG,jpg,2025-09-27T11:14:06Z,0,JPEG,15756608,2025:09:27 11:14:02,496,6.25e-4,2.8,1000,0,1,1,50,3,58.3559780995426,8640,5760,1,FE 50-150mm F2 GM,ILCE-1M2,255,0,496
A1205586.ARW,A1205586,RAW,arw,2025-09-27T11:14:06Z,0,ARW,67076096,2025:09:27 11:14:02,496,6.25e-4,2.8,1000,0,1,1,50,3,58.3559780995426,8704,6144,1,FE 50-150mm F2 GM,ILCE-1M2,255,0,496
A1205588.JPG,A1205588,JPG,jpg,2025-09-27T11:14:21Z,0,JPEG,13961969,2025:09:27 11:14:21,004,6.25e-4,2.8,400,0,1,1,50,3,51.25,8640,5760,1,FE 50-150mm F2 GM,ILCE-1M2,255,0,4
A1205588.ARW,A1205588,RAW,arw,2025-09-27T11:14:21Z,0,ARW,67301376,2025:09:27 11:14:21,004,6.25e-4,2.8,400,0,1,1,50,3,51.25,8704,6144,1,FE 50-150mm F2 GM,ILCE-1M2,255,0,4
A1205587.JPG,A1205587,JPG,jpg,2025-09-27T11:14:22Z,0,JPEG,13477558,2025:09:27 11:14:20,270,6.25e-4,2.8,320,0,1,1,50,3,45.0100553055565,8640,5760,1,FE 50-150mm F2 GM,ILCE-1M2,255,0,270
A1205587.ARW,A1205587,RAW,arw,2025-09-27T11:14:22Z,0,ARW,64790528,2025:09:27 11:14:20,270,6.25e-4,2.8,320,0,1,1,50,3,45.0100553055565,8704,6144,1,FE 50-150mm F2 GM,ILCE-1M2,255,0,270
A1205590.JPG,A1205590,JPG,jpg,2025-09-27T11:26:45Z,0,JPEG,16408379,2025:09:27 11:26:45,040,6.25e-4,2.8,400,0,1,1,127,3,192.18528662714,8640,5760,1,FE 50-150mm F2 GM,ILCE-1M2,93,0,40
A1205590.ARW,A1205590,RAW,arw,2025-09-27T11:26:45Z,0,ARW,66195456,2025:09:27 11:26:45,040,6.25e-4,2.8,400,0,1,1,127,3,192.18528662714,8704,6144,1,FE 50-150mm F2 GM,ILCE-1M2,93,0,40
A1205589.JPG,A1205589,JPG,jpg,2025-09-27T11:26:50Z,0,JPEG,16374925,2025:09:27 11:26:43,788,6.25e-4,2.8,500,0,1,1,127,3,184.042645359496,8640,5760,1,FE 50-150mm F2 GM,ILCE-1M2,93,0,788
A1205589.ARW,A1205589,RAW,arw,2025-09-27T11:26:50Z,0,ARW,67837952,2025:09:27 11:26:43,788,6.25e-4,2.8,500,0,1,1,127,3,184.042645359496,8704,6144,1,FE 50-150mm F2 GM,ILCE-1M2,93,0,788
A1205591.JPG,A1205591,JPG,jpg,2025-09-27T11:32:10Z,0,JPEG,14445196,2025:09:27 11:32:07,318,6.25e-4,2.8,640,0,1,1,150,3,226.990496016307,8640,5760,1,FE 50-150mm F2 GM,ILCE-1M2,223,0,318
A1205591.ARW,A1205591,RAW,arw,2025-09-27T11:32:10Z,0,ARW,67780608,2025:09:27 11:32:07,318,6.25e-4,2.8,640,0,1,1,150,3,226.990496016307,8704,6144,1,FE 50-150mm F2 GM,ILCE-1M2,223,0,318
A1205592.JPG,A1205592,JPG,jpg,2025-09-27T11:32:10Z,0,JPEG,14644723,2025:09:27 11:32:09,186,6.25e-4,2.8,500,0,1,1,150,3,217.373203180507,8640,5760,1,FE 50-150mm F2 GM,ILCE-1M2,223,0,186
A1205592.ARW,A1205592,RAW,arw,2025-09-27T11:32:10Z,0,ARW,66383872,2025:09:27 11:32:09,186,6.25e-4,2.8,500,0,1,1,150,3,217.373203180507,8704,6144,1,FE 50-150mm F2 GM,ILCE-1M2,223,0,186
A1205594.JPG,A1205594,JPG,jpg,2025-09-27T11:32:23Z,0,JPEG,17431135,2025:09:27 11:32:20,365,6.25e-4,2.8,400,0,1,1,50,3,60.9374042881393,8640,5760,1,FE 50-150mm F2 GM,ILCE-1M2,223,0,365
A1205594.ARW,A1205594,RAW,arw,2025-09-27T11:32:23Z,0,ARW,69541888,2025:09:27 11:32:20,365,6.25e-4,2.8,400,0,1,1,50,3,60.9374042881393,8704,6144,1,FE 50-150mm F2 GM,ILCE-1M2,223,0,365
A1205593.JPG,A1205593,JPG,jpg,2025-09-27T11:32:28Z,0,JPEG,17557433,2025:09:27 11:32:19,956,6.25e-4,2.8,400,0,1,1,50,3,63.6331199781624,8640,5760,1,FE 50-150mm F2 GM,ILCE-1M2,223,0,956
A1205593.ARW,A1205593,RAW,arw,2025-09-27T11:32:28Z,0,ARW,69873664,2025:09:27 11:32:19,956,6.25e-4,2.8,400,0,1,1,50,3,63.6331199781624,8704,6144,1,FE 50-150mm F2 GM,ILCE-1M2,223,0,956
A1205596.JPG,A1205596,JPG,jpg,2025-09-27T11:33:01Z,0,JPEG,16821705,2025:09:27 11:33:01,030,6.25e-4,2.8,250,0,1,1,90,3,130.423921908304,8640,5760,1,FE 50-150mm F2 GM,ILCE-1M2,223,0,30
A1205596.ARW,A1205596,RAW,arw,2025-09-27T11:33:01Z,0,ARW,65605632,2025:09:27 11:33:01,030,6.25e-4,2.8,250,0,1,1,90,3,130.423921908304,8704,6144,1,FE 50-150mm F2 GM,ILCE-1M2,223,0,30
A1205595.JPG,A1205595,JPG,jpg,2025-09-27T11:33:06Z,0,JPEG,15128068,2025:09:27 11:32:57,952,6.25e-4,2.8,320,0,1,1,50,3,63.6331199781624,8640,5760,1,FE 50-150mm F2 GM,ILCE-1M2,223,0,952
A1205595.ARW,A1205595,RAW,arw,2025-09-27T11:33:06Z,0,ARW,66019328,2025:09:27 11:32:57,952,6.25e-4,2.8,320,0,1,1,50,3,63.6331199781624,8704,6144,1,FE 50-150mm F2 GM,ILCE-1M2,223,0,952
A1205597.JPG,A1205597,JPG,jpg,2025-09-27T11:33:11Z,0,JPEG,16414464,2025:09:27 11:33:03,845,6.25e-4,2.8,500,0,1,1,90,3,136.194297609784,8640,5760,1,FE 50-150mm F2 GM,ILCE-1M2,223,0,845
A1205597.ARW,A1205597,RAW,arw,2025-09-27T11:33:11Z,0,ARW,67301376,2025:09:27 11:33:03,845,6.25e-4,2.8,500,0,1,1,90,3,136.194297609784,8704,6144,1,FE 50-150mm F2 GM,ILCE-1M2,223,0,845
A1205598.JPG,A1205598,JPG,jpg,2025-09-27T11:33:30Z,0,JPEG,17456091,2025:09:27 11:33:29,129,6.25e-4,2.8,400,0,1,1,90,3,161.946199100003,8640,5760,1,FE 50-150mm F2 GM,ILCE-1M2,223,0,129
A1205598.ARW,A1205598,RAW,arw,2025-09-27T11:33:30Z,0,ARW,68173824,2025:09:27 11:33:29,129,6.25e-4,2.8,400,0,1,1,90,3,161.946199100003,8704,6144,1,FE 50-150mm F2 GM,ILCE-1M2,223,0,129
A1205599.JPG,A1205599,JPG,jpg,2025-09-27T11:33:34Z,0,JPEG,13921332,2025:09:27 11:33:34,025,6.25e-4,2.8,640,0,1,1,150,3,217.373203180507,8640,5760,1,FE 50-150mm F2 GM,ILCE-1M2,223,0,25
A1205599.ARW,A1205599,RAW,arw,2025-09-27T11:33:34Z,0,ARW,67182592,2025:09:27 11:33:34,025,6.25e-4,2.8,640,0,1,1,150,3,217.373203180507,8704,6144,1,FE 50-150mm F2 GM,ILCE-1M2,223,0,25
A1205600.JPG,A1205600,JPG,jpg,2025-09-27T11:34:46Z,0,JPEG,14162637,2025:09:27 11:34:46,077,6.25e-4,2.8,500,0,1,1,150,3,217.373203180507,8640,5760,1,FE 50-150mm F2 GM,ILCE-1M2,223,0,77
A1205600.ARW,A1205600,RAW,arw,2025-09-27T11:34:46Z,0,ARW,66134016,2025:09:27 11:34:46,077,6.25e-4,2.8,500,0,1,1,150,3,217.373203180507,8704,6144,1,FE 50-150mm F2 GM,ILCE-1M2,223,0,77
A1205601.JPG,A1205601,JPG,jpg,2025-09-27T11:35:18Z,0,JPEG,14065816,2025:09:27 11:35:18,096,6.25e-4,2.8,500,0,1,1,150,3,226.990496016307,8640,5760,1,FE 50-150mm F2 GM,ILCE-1M2,223,0,96
A1205601.ARW,A1205601,RAW,arw,2025-09-27T11:35:18Z,0,ARW,66179072,2025:09:27 11:35:18,096,6.25e-4,2.8,500,0,1,1,150,3,226.990496016307,8704,6144,1,FE 50-150mm F2 GM,ILCE-1M2,223,0,96
A1205603.JPG,A1205603,JPG,jpg,2025-09-27T11:35:26Z,0,JPEG,13732952,2025:09:27 11:35:21,564,6.25e-4,2.8,500,0,1,1,150,3,226.990496016307,8640,5760,1,FE 50-150mm F2 GM,ILCE-1M2,223,0,564
A1205603.ARW,A1205603,RAW,arw,2025-09-27T11:35:26Z,0,ARW,65114112,2025:09:27 11:35:21,564,6.25e-4,2.8,500,0,1,1,150,3,226.990496016307,8704,6144,1,FE 50-150mm F2 GM,ILCE-1M2,223,0,564
A1205602.JPG,A1205602,JPG,jpg,2025-09-27T11:35:29Z,0,JPEG,13966708,2025:09:27 11:35:20,913,6.25e-4,2.8,500,0,1,1,150,3,226.990496016307,8640,5760,1,FE 50-150mm F2 GM,ILCE-1M2,223,0,913
A1205602.ARW,A1205602,RAW,arw,2025-09-27T11:35:29Z,0,ARW,65814528,2025:09:27 11:35:20,913,6.25e-4,2.8,500,0,1,1,150,3,226.990496016307,8704,6144,1,FE 50-150mm F2 GM,ILCE-1M2,223,0,913
A1205604.JPG,A1205604,JPG,jpg,2025-09-27T11:36:39Z,0,JPEG,14914820,2025:09:27 11:36:37,215,6.25e-4,2.8,400,0,1,1,150,3,237.03358278266,8640,5760,1,FE 50-150mm F2 GM,ILCE-1M2,223,0,215
A1205604.ARW,A1205604,RAW,arw,2025-09-27T11:36:39Z,0,ARW,64811008,2025:09:27 11:36:37,215,6.25e-4,2.8,400,0,1,1,150,3,237.03358278266,8704,6144,1,FE 50-150mm F2 GM,ILCE-1M2,223,0,215
A1205605.JPG,A1205605,JPG,jpg,2025-09-27T11:37:30Z,0,JPEG,14898789,2025:09:27 11:37:24,660,6.25e-4,2.8,400,0,1,1,150,3,237.03358278266,8640,5760,1,FE 50-150mm F2 GM,ILCE-1M2,223,0,660
A1205605.ARW,A1205605,RAW,arw,2025-09-27T11:37:30Z,0,ARW,65335296,2025:09:27 11:37:24,660,6.25e-4,2.8,400,0,1,1,150,3,237.03358278266,8704,6144,1,FE 50-150mm F2 GM,ILCE-1M2,223,0,660
A1205606.JPG,A1205606,JPG,jpg,2025-09-27T11:37:40Z,0,JPEG,14597203,2025:09:27 11:37:33,783,6.25e-4,2.8,320,0,1,1,150,3,226.990496016307,8640,5760,1,FE 50-150mm F2 GM,ILCE-1M2,223,0,783
A1205606.ARW,A1205606,RAW,arw,2025-09-27T11:37:40Z,0,ARW,63582208,2025:09:27 11:37:33,783,6.25e-4,2.8,320,0,1,1,150,3,226.990496016307,8704,6144,1,FE 50-150mm F2 GM,ILCE-1M2,223,0,783
A1205607.JPG,A1205607,JPG,jpg,2025-09-27T11:38:11Z,0,JPEG,17149196,2025:09:27 11:38:08,354,6.25e-4,2.8,320,0,1,1,94,3,155.113357392107,8640,5760,1,FE 50-150mm F2 GM,ILCE-1M2,223,0,354
A1205607.ARW,A1205607,RAW,arw,2025-09-27T11:38:11Z,0,ARW,67248128,2025:09:27 11:38:08,354,6.25e-4,2.8,320,0,1,1,94,3,155.113357392107,8704,6144,1,FE 50-150mm F2 GM,ILCE-1M2,223,0,354
A1205609.JPG,A1205609,JPG,jpg,2025-09-27T11:38:16Z,0,JPEG,18138779,2025:09:27 11:38:15,185,6.25e-4,2.8,320,0,1,1,72,3,118.810231193955,8640,5760,1,FE 50-150mm F2 GM,ILCE-1M2,223,0,185
A1205609.ARW,A1205609,RAW,arw,2025-09-27T11:38:16Z,0,ARW,69902336,2025:09:27 11:38:15,185,6.25e-4,2.8,320,0,1,1,72,3,118.810231193955,8704,6144,1,FE 50-150mm F2 GM,ILCE-1M2,223,0,185
A1205608.JPG,A1205608,JPG,jpg,2025-09-27T11:38:17Z,0,JPEG,17369697,2025:09:27 11:38:10,744,6.25e-4,2.8,320,0,1,1,94,3,148.541045210467,8640,5760,1,FE 50-150mm F2 GM,ILCE-1M2,223,0,744
A1205608.ARW,A1205608,RAW,arw,2025-09-27T11:38:17Z,0,ARW,67330048,2025:09:27 11:38:10,744,6.25e-4,2.8,320,0,1,1,94,3,148.541045210467,8704,6144,1,FE 50-150mm F2 GM,ILCE-1M2,223,0,744
A1205610.JPG,A1205610,JPG,jpg,2025-09-27T11:38:23Z,0,JPEG,18609281,2025:09:27 11:38:16,710,6.25e-4,2.8,320,0,1,1,73,3,125.790377666091,8640,5760,1,FE 50-150mm F2 GM,ILCE-1M2,223,0,710
A1205610.ARW,A1205610,RAW,arw,2025-09-27T11:38:23Z,0,ARW,69988352,2025:09:27 11:38:16,710,6.25e-4,2.8,320,0,1,1,73,3,125.790377666091,8704,6144,1,FE 50-150mm F2 GM,ILCE-1M2,223,0,710
A1205611.JPG,A1205611,JPG,jpg,2025-09-27T11:38:23Z,0,JPEG,18100714,2025:09:27 11:38:19,441,6.25e-4,2.8,320,0,1,1,73,3,120.460373293871,8640,5760,1,FE 50-150mm F2 GM,ILCE-1M2,223,0,441
A1205611.ARW,A1205611,RAW,arw,2025-09-27T11:38:23Z,0,ARW,69529600,2025:09:27 11:38:19,441,6.25e-4,2.8,320,0,1,1,73,3,120.460373293871,8704,6144,1,FE 50-150mm F2 GM,ILCE-1M2,223,0,441
A1205612.JPG,A1205612,JPG,jpg,2025-09-27T11:38:25Z,0,JPEG,17864724,2025:09:27 11:38:23,210,6.25e-4,2.8,320,0,1,1,73,3,120.460373293871,8640,5760,1,FE 50-150mm F2 GM,ILCE-1M2,223,0,210
A1205612.ARW,A1205612,RAW,arw,2025-09-27T11:38:25Z,0,ARW,69038080,2025:09:27 11:38:23,210,6.25e-4,2.8,320,0,1,1,73,3,120.460373293871,8704,6144,1,FE 50-150mm F2 GM,ILCE-1M2,223,0,210
A1205618.JPG,A1205618,JPG,jpg,2025-09-27T11:38:30Z,0,JPEG,12974265,2025:09:27 11:38:30,002,6.25e-4,2.8,200,0,1,1,73,3,105.788292214514,8640,5760,1,FE 50-150mm F2 GM,ILCE-1M2,223,0,2
A1205618.ARW,A1205618,RAW,arw,2025-09-27T11:38:30Z,0,ARW,61341696,2025:09:27 11:38:30,002,6.25e-4,2.8,200,0,1,1,73,3,105.788292214514,8704,6144,1,FE 50-150mm F2 GM,ILCE-1M2,223,0,2
A1205614.JPG,A1205614,JPG,jpg,2025-09-27T11:38:30Z,0,JPEG,16685504,2025:09:27 11:38:27,309,6.25e-4,2.8,200,0,1,1,73,3,120.460373293871,8640,5760,1,FE 50-150mm F2 GM,ILCE-1M2,223,0,309
A1205614.ARW,A1205614,RAW,arw,2025-09-27T11:38:30Z,0,ARW,66097152,2025:09:27 11:38:27,309,6.25e-4,2.8,200,0,1,1,73,3,120.460373293871,8704,6144,1,FE 50-150mm F2 GM,ILCE-1M2,223,0,309
A1205619.JPG,A1205619,JPG,jpg,2025-09-27T11:38:33Z,0,JPEG,15453302,2025:09:27 11:38:30,305,6.25e-4,2.8,200,0,1,1,73,3,88.9686102606834,8640,5760,1,FE 50-150mm F2 GM,ILCE-1M2,223,0,305
A1205619.ARW,A1205619,RAW,arw,2025-09-27T11:38:33Z,0,ARW,63913984,2025:09:27 11:38:30,305,6.25e-4,2.8,200,0,1,1,73,3,88.9686102606834,8704,6144,1,FE 50-150mm F2 GM,ILCE-1M2,223,0,305
A1205615.JPG,A1205615,JPG,jpg,2025-09-27T11:38:34Z,0,JPEG,16607907,2025:09:27 11:38:27,718,6.25e-4,2.8,200,0,1,1,73,3,120.460373293871,8640,5760,1,FE 50-150mm F2 GM,ILCE-1M2,223,0,718
A1205615.ARW,A1205615,RAW,arw,2025-09-27T11:38:34Z,0,ARW,65970176,2025:09:27 11:38:27,718,6.25e-4,2.8,200,0,1,1,73,3,120.460373293871,8704,6144,1,FE 50-150mm F2 GM,ILCE-1M2,223,0,718
A1205616.JPG,A1205616,JPG,jpg,2025-09-27T11:38:34Z,0,JPEG,16939454,2025:09:27 11:38:28,659,6.25e-4,2.8,200,0,1,1,73,3,120.460373293871,8640,5760,1,FE 50-150mm F2 GM,ILCE-1M2,223,0,659
A1205616.ARW,A1205616,RAW,arw,2025-09-27T11:38:34Z,0,ARW,65359872,2025:09:27 11:38:28,659,6.25e-4,2.8,200,0,1,1,73,3,120.460373293871,8704,6144,1,FE 50-150mm F2 GM,ILCE-1M2,223,0,659
A1205613.JPG,A1205613,JPG,jpg,2025-09-27T11:38:34Z,0,JPEG,16704436,2025:09:27 11:38:26,876,6.25e-4,2.8,200,0,1,1,73,3,120.460373293871,8640,5760,1,FE 50-150mm F2 GM,ILCE-1M2,223,0,876
A1205613.ARW,A1205613,RAW,arw,2025-09-27T11:38:34Z,0,ARW,66027520,2025:09:27 11:38:26,876,6.25e-4,2.8,200,0,1,1,73,3,120.460373293871,8704,6144,1,FE 50-150mm F2 GM,ILCE-1M2,223,0,876
A1205617.JPG,A1205617,JPG,jpg,2025-09-27T11:38:36Z,0,JPEG,11685863,2025:09:27 11:38:29,773,6.25e-4,2.8,200,0,1,1,73,3,105.788292214514,8640,5760,1,FE 50-150mm F2 GM,ILCE-1M2,223,0,773
A1205617.ARW,A1205617,RAW,arw,2025-09-27T11:38:36Z,0,ARW,60022784,2025:09:27 11:38:29,773,6.25e-4,2.8,200,0,1,1,73,3,105.788292214514,8704,6144,1,FE 50-150mm F2 GM,ILCE-1M2,223,0,773
A1205620.JPG,A1205620,JPG,jpg,2025-09-27T11:38:42Z,0,JPEG,15312813,2025:09:27 11:38:35,738,6.25e-4,2.8,500,0,1,1,150,3,247.521314987405,8640,5760,1,FE 50-150mm F2 GM,ILCE-1M2,223,0,738
A1205620.ARW,A1205620,RAW,arw,2025-09-27T11:38:42Z,0,ARW,67641344,2025:09:27 11:38:35,738,6.25e-4,2.8,500,0,1,1,150,3,247.521314987405,8704,6144,1,FE 50-150mm F2 GM,ILCE-1M2,223,0,738
A1205621.JPG,A1205621,JPG,jpg,2025-09-27T11:38:45Z,0,JPEG,15541772,2025:09:27 11:38:36,982,6.25e-4,2.8,500,0,1,1,150,3,247.521314987405,8640,5760,1,FE 50-150mm F2 GM,ILCE-1M2,223,0,982
A1205621.ARW,A1205621,RAW,arw,2025-09-27T11:38:45Z,0,ARW,67747840,2025:09:27 11:38:36,982,6.25e-4,2.8,500,0,1,1,150,3,247.521314987405,8704,6144,1,FE 50-150mm F2 GM,ILCE-1M2,223,0,982
A1205622.JPG,A1205622,JPG,jpg,2025-09-27T11:39:02Z,0,JPEG,13305985,2025:09:27 11:39:00,240,6.25e-4,2.8,500,0,1,1,150,3,281.853642072475,8640,5760,8,FE 50-150mm F2 GM,ILCE-1M2,223,0,240
A1205622.ARW,A1205622,RAW,arw,2025-09-27T11:39:02Z,0,ARW,66342912,2025:09:27 11:39:00,240,6.25e-4,2.8,500,0,1,1,150,3,281.853642072475,8704,6144,8,FE 50-150mm F2 GM,ILCE-1M2,223,0,240
A1205623.JPG,A1205623,JPG,jpg,2025-09-27T11:39:04Z,0,JPEG,12909814,2025:09:27 11:39:03,124,6.25e-4,2.8,500,0,1,1,150,3,258.473378765941,8640,5760,8,FE 50-150mm F2 GM,ILCE-1M2,223,0,124
A1205623.ARW,A1205623,RAW,arw,2025-09-27T11:39:04Z,0,ARW,64987136,2025:09:27 11:39:03,124,6.25e-4,2.8,500,0,1,1,150,3,258.473378765941,8704,6144,8,FE 50-150mm F2 GM,ILCE-1M2,223,0,124
A1205624.JPG,A1205624,JPG,jpg,2025-09-27T11:39:05Z,0,JPEG,11939248,2025:09:27 11:39:04,127,6.25e-4,2.8,400,0,1,1,150,3,258.473378765941,8640,5760,8,FE 50-150mm F2 GM,ILCE-1M2,223,0,127
A1205624.ARW,A1205624,RAW,arw,2025-09-27T11:39:05Z,0,ARW,63225856,2025:09:27 11:39:04,127,6.25e-4,2.8,400,0,1,1,150,3,258.473378765941,8704,6144,8,FE 50-150mm F2 GM,ILCE-1M2,223,0,127
A1205625.JPG,A1205625,JPG,jpg,2025-09-27T11:39:22Z,0,JPEG,12606675,2025:09:27 11:39:18,456,6.25e-4,2.8,320,0,1,1,150,3,269.910331833339,8640,5760,8,FE 50-150mm F2 GM,ILCE-1M2,223,0,456
A1205625.ARW,A1205625,RAW,arw,2025-09-27T11:39:22Z,0,ARW,63586304,2025:09:27 11:39:18,456,6.25e-4,2.8,320,0,1,1,150,3,269.910331833339,8704,6144,8,FE 50-150mm F2 GM,ILCE-1M2,223,0,456
A1205626.JPG,A1205626,JPG,jpg,2025-09-27T11:39:30Z,0,JPEG,12718756,2025:09:27 11:39:23,749,6.25e-4,2.8,320,0,1,1,150,3,269.910331833339,8640,5760,8,FE 50-150mm F2 GM,ILCE-1M2,223,0,749
A1205626.ARW,A1205626,RAW,arw,2025-09-27T11:39:30Z,0,ARW,64114688,2025:09:27 11:39:23,749,6.25e-4,2.8,320,0,1,1,150,3,269.910331833339,8704,6144,8,FE 50-150mm F2 GM,ILCE-1M2,223,0,749
A1205627.JPG,A1205627,JPG,jpg,2025-09-27T11:39:34Z,0,JPEG,13344095,2025:09:27 11:39:29,551,6.25e-4,2.8,400,0,1,1,150,3,269.910331833339,8640,5760,8,FE 50-150mm F2 GM,ILCE-1M2,223,0,551
A1205627.ARW,A1205627,RAW,arw,2025-09-27T11:39:34Z,0,ARW,66072576,2025:09:27 11:39:29,551,6.25e-4,2.8,400,0,1,1,150,3,269.910331833339,8704,6144,8,FE 50-150mm F2 GM,ILCE-1M2,223,0,551
A1205628.JPG,A1205628,JPG,jpg,2025-09-27T11:39:35Z,0,JPEG,12743534,2025:09:27 11:39:34,172,6.25e-4,2.8,400,0,1,1,150,3,269.910331833339,8640,5760,8,FE 50-150mm F2 GM,ILCE-1M2,223,0,172
A1205628.ARW,A1205628,RAW,arw,2025-09-27T11:39:35Z,0,ARW,65110016,2025:09:27 11:39:34,172,6.25e-4,2.8,400,0,1,1,150,3,269.910331833339,8704,6144,8,FE 50-150mm F2 GM,ILCE-1M2,223,0,172
A1205629.JPG,A1205629,JPG,jpg,2025-09-27T11:39:40Z,0,JPEG,12781537,2025:09:27 11:39:38,277,6.25e-4,2.8,400,0,1,1,150,3,281.853642072475,8640,5760,8,FE 50-150mm F2 GM,ILCE-1M2,223,0,277
A1205629.ARW,A1205629,RAW,arw,2025-09-27T11:39:40Z,0,ARW,65368064,2025:09:27 11:39:38,277,6.25e-4,2.8,400,0,1,1,150,3,281.853642072475,8704,6144,8,FE 50-150mm F2 GM,ILCE-1M2,223,0,277
A1205630.JPG,A1205630,JPG,jpg,2025-09-27T11:39:44Z,0,JPEG,12289717,2025:09:27 11:39:41,342,6.25e-4,2.8,400,0,1,1,150,3,281.853642072475,8640,5760,8,FE 50-150mm F2 GM,ILCE-1M2,223,0,342
A1205630.ARW,A1205630,RAW,arw,2025-09-27T11:39:44Z,0,ARW,64417792,2025:09:27 11:39:41,342,6.25e-4,2.8,400,0,1,1,150,3,281.853642072475,8704,6144,8,FE 50-150mm F2 GM,ILCE-1M2,223,0,342
A1205632.JPG,A1205632,JPG,jpg,2025-09-27T11:39:48Z,0,JPEG,12111731,2025:09:27 11:39:47,103,6.25e-4,2.8,320,0,1,1,150,3,281.853642072475,8640,5760,8,FE 50-150mm F2 GM,ILCE-1M2,223,0,103
A1205632.ARW,A1205632,RAW,arw,2025-09-27T11:39:48Z,0,ARW,64008192,2025:09:27 11:39:47,103,6.25e-4,2.8,320,0,1,1,150,3,281.853642072475,8704,6144,8,FE 50-150mm F2 GM,ILCE-1M2,223,0,103
A1205631.JPG,A1205631,JPG,jpg,2025-09-27T11:39:54Z,0,JPEG,11988771,2025:09:27 11:39:45,911,6.25e-4,2.8,320,0,1,1,150,3,281.853642072475,8640,5760,8,FE 50-150mm F2 GM,ILCE-1M2,223,0,911
A1205631.ARW,A1205631,RAW,arw,2025-09-27T11:39:54Z,0,ARW,63983616,2025:09:27 11:39:45,911,6.25e-4,2.8,320,0,1,1,150,3,281.853642072475,8704,6144,8,FE 50-150mm F2 GM,ILCE-1M2,223,0,911
A1205634.JPG,A1205634,JPG,jpg,2025-09-27T12:23:59Z,0,JPEG,9643259,2025:09:27 12:23:57,247,6.25e-4,2.8,100,0,1,1,73,3,2.03733402603268,8640,5760,1,FE 50-150mm F2 GM,ILCE-1M2,93,0,247
A1205634.ARW,A1205634,RAW,arw,2025-09-27T12:23:59Z,0,ARW,59342848,2025:09:27 12:23:57,247,6.25e-4,2.8,100,0,1,1,73,3,2.03733402603268,8704,6144,1,FE 50-150mm F2 GM,ILCE-1M2,93,0,247
A1205633.JPG,A1205633,JPG,jpg,2025-09-27T12:24:00Z,0,JPEG,14554581,2025:09:27 12:23:54,635,6.25e-4,2.8,100,0,1,1,73,3,1.79793293845734,8640,5760,1,FE 50-150mm F2 GM,ILCE-1M2,92,0,635
A1205633.ARW,A1205633,RAW,arw,2025-09-27T12:24:00Z,0,ARW,64552960,2025:09:27 12:23:54,635,6.25e-4,2.8,100,0,1,1,73,3,1.79793293845734,8704,6144,1,FE 50-150mm F2 GM,ILCE-1M2,92,0,635
A1205635.JPG,A1205635,JPG,jpg,2025-09-27T12:26:35Z,0,JPEG,25457064,2025:09:27 12:26:35,063,6.25e-4,2.8,100,0,1,1,59,3,85.5001265843329,8640,5760,1,FE 50-150mm F2 GM,ILCE-1M2,93,0,63
A1205635.ARW,A1205635,RAW,arw,2025-09-27T12:26:35Z,0,ARW,73408512,2025:09:27 12:26:35,063,6.25e-4,2.8,100,0,1,1,59,3,85.5001265843329,8704,6144,1,FE 50-150mm F2 GM,ILCE-1M2,93,0,63
A1205636.JPG,A1205636,JPG,jpg,2025-09-27T12:26:39Z,0,JPEG,24774952,2025:09:27 12:26:35,403,6.25e-4,2.8,100,0,1,1,59,3,85.5001265843329,8640,5760,1,FE 50-150mm F2 GM,ILCE-1M2,93,0,403
A1205636.ARW,A1205636,RAW,arw,2025-09-27T12:26:39Z,0,ARW,72744960,2025:09:27 12:26:35,403,6.25e-4,2.8,100,0,1,1,59,3,85.5001265843329,8704,6144,1,FE 50-150mm F2 GM,ILCE-1M2,93,0,403
A1205637.JPG,A1205637,JPG,jpg,2025-09-27T12:33:28Z,0,JPEG,8508485,2025:09:27 12:33:28,033,6.25e-4,2.8,100,0,1,1,65,3,3.87973681973143,8640,5760,1,FE 50-150mm F2 GM,ILCE-1M2,223,0,33
A1205637.ARW,A1205637,RAW,arw,2025-09-27T12:33:28Z,0,ARW,59129856,2025:09:27 12:33:28,033,6.25e-4,2.8,100,0,1,1,65,3,3.87973681973143,8704,6144,1,FE 50-150mm F2 GM,ILCE-1M2,223,0,33
A1205639.JPG,A1205639,JPG,jpg,2025-09-27T12:33:32Z,0,JPEG,11006515,2025:09:27 12:33:32,015,6.25e-4,2.8,125,0,1,1,150,3,3.40021331264854,8640,5760,1,FE 50-150mm F2 GM,ILCE-1M2,223,0,15
A1205639.ARW,A1205639,RAW,arw,2025-09-27T12:33:32Z,0,ARW,61005824,2025:09:27 12:33:32,015,6.25e-4,2.8,125,0,1,1,150,3,3.40021331264854,8704,6144,1,FE 50-150mm F2 GM,ILCE-1M2,223,0,15
A1205638.JPG,A1205638,JPG,jpg,2025-09-27T12:33:38Z,0,JPEG,8953172,2025:09:27 12:33:29,918,6.25e-4,2.8,100,0,1,1,150,3,4.18630279321783,8640,5760,1,FE 50-150mm F2 GM,ILCE-1M2,93,0,918
A1205638.ARW,A1205638,RAW,arw,2025-09-27T12:33:38Z,0,ARW,58630144,2025:09:27 12:33:29,918,6.25e-4,2.8,100,0,1,1,150,3,4.18630279321783,8704,6144,1,FE 50-150mm F2 GM,ILCE-1M2,93,0,918
A1205642.JPG,A1205642,JPG,jpg,2025-09-27T12:33:42Z,0,JPEG,12640473,2025:09:27 12:33:42,021,6.25e-4,2.8,100,0,1,1,50,3,3.11433049823544,8640,5760,1,FE 50-150mm F2 GM,ILCE-1M2,223,0,21
A1205642.ARW,A1205642,RAW,arw,2025-09-27T12:33:42Z,0,ARW,62615552,2025:09:27 12:33:42,021,6.25e-4,2.8,100,0,1,1,50,3,3.11433049823544,8704,6144,1,FE 50-150mm F2 GM,ILCE-1M2,223,0,21
A1205641.JPG,A1205641,JPG,jpg,2025-09-27T12:33:44Z,0,JPEG,9693401,2025:09:27 12:33:37,709,6.25e-4,2.8,100,0,1,1,150,3,2.65625707782579,8640,5760,1,FE 50-150mm F2 GM,ILCE-1M2,223,0,709
A1205641.ARW,A1205641,RAW,arw,2025-09-27T12:33:44Z,0,ARW,60010496,2025:09:27 12:33:37,709,6.25e-4,2.8,100,0,1,1,150,3,2.65625707782579,8704,6144,1,FE 50-150mm F2 GM,ILCE-1M2,223,0,709
A1205640.JPG,A1205640,JPG,jpg,2025-09-27T12:33:44Z,0,JPEG,8256751,2025:09:27 12:33:35,985,6.25e-4,2.8,100,0,1,1,150,3,2.16815139660891,8640,5760,1,FE 50-150mm F2 GM,ILCE-1M2,223,0,985
A1205640.ARW,A1205640,RAW,arw,2025-09-27T12:33:44Z,0,ARW,62447616,2025:09:27 12:33:35,985,6.25e-4,2.8,100,0,1,1,150,3,2.16815139660891,8704,6144,1,FE 50-150mm F2 GM,ILCE-1M2,223,0,985
A1205644.JPG,A1205644,JPG,jpg,2025-09-27T12:33:47Z,0,JPEG,12680036,2025:09:27 12:33:46,134,6.25e-4,2.8,100,-0.7,1,1,50,3,3.39167610376772,8640,5760,1,FE 50-150mm F2 GM,ILCE-1M2,95,0,134
A1205644.ARW,A1205644,RAW,arw,2025-09-27T12:33:47Z,0,ARW,62361600,2025:09:27 12:33:46,134,6.25e-4,2.8,100,-0.7,1,1,50,3,3.39167610376772,8704,6144,1,FE 50-150mm F2 GM,ILCE-1M2,95,0,134
A1205643.JPG,A1205643,JPG,jpg,2025-09-27T12:33:49Z,0,JPEG,12573392,2025:09:27 12:33:42,739,6.25e-4,2.8,100,0,1,1,50,3,3.39167610376772,8640,5760,1,FE 50-150mm F2 GM,ILCE-1M2,223,0,739
A1205643.ARW,A1205643,RAW,arw,2025-09-27T12:33:49Z,0,ARW,62509056,2025:09:27 12:33:42,739,6.25e-4,2.8,100,0,1,1,50,3,3.39167610376772,8704,6144,1,FE 50-150mm F2 GM,ILCE-1M2,223,0,739
A1205645.JPG,A1205645,JPG,jpg,2025-09-27T12:34:03Z,0,JPEG,9780287,2025:09:27 12:33:59,452,6.25e-4,2.8,100,-0.7,1,1,70,3,1.79727612445689,8640,5760,1,FE 50-150mm F2 GM,ILCE-1M2,223,0,452
A1205645.ARW,A1205645,RAW,arw,2025-09-27T12:34:03Z,0,ARW,61313024,2025:09:27 12:33:59,452,6.25e-4,2.8,100,-0.7,1,1,70,3,1.79727612445689,8704,6144,1,FE 50-150mm F2 GM,ILCE-1M2,223,0,452
A1205646.JPG,A1205646,JPG,jpg,2025-09-27T12:34:13Z,0,JPEG,12808515,2025:09:27 12:34:08,569,6.25e-4,2.8,100,-0.7,1,1,70,3,1.4608807495223,8640,5760,1,FE 50-150mm F2 GM,ILCE-1M2,223,0,569
A1205646.ARW,A1205646,RAW,arw,2025-09-27T12:34:13Z,0,ARW,69697536,2025:09:27 12:34:08,569,6.25e-4,2.8,100,-0.7,1,1,70,3,1.4608807495223,8704,6144,1,FE 50-150mm F2 GM,ILCE-1M2,223,0,569
A1205647.JPG,A1205647,JPG,jpg,2025-09-27T12:34:15Z,0,JPEG,12484436,2025:09:27 12:34:09,691,6.25e-4,2.8,100,-0.7,1,1,70,3,1.58676621256932,8640,5760,1,FE 50-150mm F2 GM,ILCE-1M2,223,0,691
A1205647.ARW,A1205647,RAW,arw,2025-09-27T12:34:15Z,0,ARW,68481024,2025:09:27 12:34:09,691,6.25e-4,2.8,100,-0.7,1,1,70,3,1.58676621256932,8704,6144,1,FE 50-150mm F2 GM,ILCE-1M2,223,0,691
A1205648.JPG,A1205648,JPG,jpg,2025-09-27T12:34:18Z,0,JPEG,9451127,2025:09:27 12:34:11,713,6.25e-4,2.8,100,-0.7,1,1,70,3,1.79727612445689,8640,5760,1,FE 50-150mm F2 GM,ILCE-1M2,93,0,713
A1205648.ARW,A1205648,RAW,arw,2025-09-27T12:34:18Z,0,ARW,63401984,2025:09:27 12:34:11,713,6.25e-4,2.8,100,-0.7,1,1,70,3,1.79727612445689,8704,6144,1,FE 50-150mm F2 GM,ILCE-1M2,93,0,713
A1205649.JPG,A1205649,JPG,jpg,2025-09-27T12:39:45Z,0,JPEG,7984288,2025:09:27 12:39:44,147,6.25e-4,2.8,100,-0.7,1,1,70,3,2.62088654185499,8640,5760,1,FE 50-150mm F2 GM,ILCE-1M2,223,0,147
A1205649.ARW,A1205649,RAW,arw,2025-09-27T12:39:45Z,0,ARW,55463936,2025:09:27 12:39:44,147,6.25e-4,2.8,100,-0.7,1,1,70,3,2.62088654185499,8704,6144,1,FE 50-150mm F2 GM,ILCE-1M2,223,0,147
A1205650.JPG,A1205650,JPG,jpg,2025-09-27T12:39:46Z,0,JPEG,8990410,2025:09:27 12:39:46,007,6.25e-4,2.8,100,-0.7,1,1,70,3,2.97492060241826,8640,5760,8,FE 50-150mm F2 GM,ILCE-1M2,223,0,7
A1205650.ARW,A1205650,RAW,arw,2025-09-27T12:39:46Z,0,ARW,56631296,2025:09:27 12:39:46,007,6.25e-4,2.8,100,-0.7,1,1,70,3,2.97492060241826,8704,6144,8,FE 50-150mm F2 GM,ILCE-1M2,223,0,7
A1205651.JPG,A1205651,JPG,jpg,2025-09-27T12:39:53Z,0,JPEG,10670657,2025:09:27 12:39:52,168,6.25e-4,2.8,500,-0.7,1,1,50,3,3.69412363122141,8640,5760,1,FE 50-150mm F2 GM,ILCE-1M2,223,0,168
A1205651.ARW,A1205651,RAW,arw,2025-09-27T12:39:53Z,0,ARW,62992384,2025:09:27 12:39:52,168,6.25e-4,2.8,500,-0.7,1,1,50,3,3.69412363122141,8704,6144,1,FE 50-150mm F2 GM,ILCE-1M2,223,0,168
A1205653.JPG,A1205653,JPG,jpg,2025-09-27T12:39:56Z,0,JPEG,12002740,2025:09:27 12:39:54,278,6.25e-4,2.8,400,-0.7,1,1,50,3,3.53962474452882,8640,5760,1,FE 50-150mm F2 GM,ILCE-1M2,223,0,278
A1205653.ARW,A1205653,RAW,arw,2025-09-27T12:39:56Z,0,ARW,63074304,2025:09:27 12:39:54,278,6.25e-4,2.8,400,-0.7,1,1,50,3,3.53962474452882,8704,6144,1,FE 50-150mm F2 GM,ILCE-1M2,223,0,278
A1205654.JPG,A1205654,JPG,jpg,2025-09-27T12:39:58Z,0,JPEG,12367307,2025:09:27 12:39:55,377,6.25e-4,2.8,160,-0.7,1,1,50,3,3.53962474452882,8640,5760,1,FE 50-150mm F2 GM,ILCE-1M2,223,0,377
A1205654.ARW,A1205654,RAW,arw,2025-09-27T12:39:58Z,0,ARW,59654144,2025:09:27 12:39:55,377,6.25e-4,2.8,160,-0.7,1,1,50,3,3.53962474452882,8704,6144,1,FE 50-150mm F2 GM,ILCE-1M2,223,0,377
A1205655.JPG,A1205655,JPG,jpg,2025-09-27T12:40:01Z,0,JPEG,12960158,2025:09:27 12:39:56,500,6.25e-4,2.8,200,-0.7,1,1,50,3,3.39167610376772,8640,5760,1,FE 50-150mm F2 GM,ILCE-1M2,223,0,500
A1205655.ARW,A1205655,RAW,arw,2025-09-27T12:40:01Z,0,ARW,60280832,2025:09:27 12:39:56,500,6.25e-4,2.8,200,-0.7,1,1,50,3,3.39167610376772,8704,6144,1,FE 50-150mm F2 GM,ILCE-1M2,223,0,500
A1205652.JPG,A1205652,JPG,jpg,2025-09-27T12:40:01Z,0,JPEG,10955960,2025:09:27 12:39:52,968,6.25e-4,2.8,500,-0.7,1,1,50,3,3.69412363122141,8640,5760,1,FE 50-150mm F2 GM,ILCE-1M2,223,0,968
A1205652.ARW,A1205652,RAW,arw,2025-09-27T12:40:01Z,0,ARW,63455232,2025:09:27 12:39:52,968,6.25e-4,2.8,500,-0.7,1,1,50,3,3.69412363122141,8704,6144,1,FE 50-150mm F2 GM,ILCE-1M2,223,0,968
A1205657.JPG,A1205657,JPG,jpg,2025-09-27T12:40:09Z,0,JPEG,10057927,2025:09:27 12:40:07,249,6.25e-4,2.8,320,-1.3,1,1,132,3,4.17691625767077,8640,5760,1,FE 50-150mm F2 GM,ILCE-1M2,223,0,249
A1205657.ARW,A1205657,RAW,arw,2025-09-27T12:40:09Z,0,ARW,58920960,2025:09:27 12:40:07,249,6.25e-4,2.8,320,-1.3,1,1,132,3,4.17691625767077,8704,6144,1,FE 50-150mm F2 GM,ILCE-1M2,223,0,249
A1205656.JPG,A1205656,JPG,jpg,2025-09-27T12:40:10Z,0,JPEG,10249210,2025:09:27 12:40:04,655,6.25e-4,2.8,250,-1.3,1,1,132,3,4.17691625767077,8640,5760,1,FE 50-150mm F2 GM,ILCE-1M2,223,0,655
A1205656.ARW,A1205656,RAW,arw,2025-09-27T12:40:10Z,0,ARW,58388480,2025:09:27 12:40:04,655,6.25e-4,2.8,250,-1.3,1,1,132,3,4.17691625767077,8704,6144,1,FE 50-150mm F2 GM,ILCE-1M2,223,0,655
A1205658.JPG,A1205658,JPG,jpg,2025-09-27T12:40:12Z,0,JPEG,9710827,2025:09:27 12:40:07,558,6.25e-4,2.8,250,-1.3,1,1,132,3,4.17691625767077,8640,5760,1,FE 50-150mm F2 GM,ILCE-1M2,223,0,558
A1205658.ARW,A1205658,RAW,arw,2025-09-27T12:40:12Z,0,ARW,57921536,2025:09:27 12:40:07,558,6.25e-4,2.8,250,-1.3,1,1,132,3,4.17691625767077,8704,6144,1,FE 50-150mm F2 GM,ILCE-1M2,223,0,558
A1205660.JPG,A1205660,JPG,jpg,2025-09-27T12:40:46Z,0,JPEG,8878797,2025:09:27 12:40:44,212,6.25e-4,2.8,100,-1.3,1,1,85,3,2.805,8640,5760,1,FE 50-150mm F2 GM,ILCE-1M2,255,0,212
A1205660.ARW,A1205660,RAW,arw,2025-09-27T12:40:46Z,0,ARW,56635392,2025:09:27 12:40:44,212,6.25e-4,2.8,100,-1.3,1,1,85,3,2.805,8704,6144,1,FE 50-150mm F2 GM,ILCE-1M2,255,0,212
A1205659.JPG,A1205659,JPG,jpg,2025-09-27T12:40:47Z,0,JPEG,12829722,2025:09:27 12:40:42,597,6.25e-4,2.8,100,-1.3,1,1,50,3,2.31274169979695,8640,5760,1,FE 50-150mm F2 GM,ILCE-1M2,255,0,597
A1205659.ARW,A1205659,RAW,arw,2025-09-27T12:40:47Z,0,ARW,62009344,2025:09:27 12:40:42,597,6.25e-4,2.8,100,-1.3,1,1,50,3,2.31274169979695,8704,6144,1,FE 50-150mm F2 GM,ILCE-1M2,255,0,597
A1205661.JPG,A1205661,JPG,jpg,2025-09-27T12:40:48Z,0,JPEG,9729018,2025:09:27 12:40:45,315,6.25e-4,2.8,100,-1.3,1,1,85,3,2.805,8640,5760,1,FE 50-150mm F2 GM,ILCE-1M2,255,0,315
A1205661.ARW,A1205661,RAW,arw,2025-09-27T12:40:48Z,0,ARW,56610816,2025:09:27 12:40:45,315,6.25e-4,2.8,100,-1.3,1,1,85,3,2.805,8704,6144,1,FE 50-150mm F2 GM,ILCE-1M2,255,0,315
A1205662.JPG,A1205662,JPG,jpg,2025-09-27T12:40:52Z,0,JPEG,8249580,2025:09:27 12:40:46,608,6.25e-4,2.8,100,-1.3,1,1,85,3,2.68968092350012,8640,5760,1,FE 50-150mm F2 GM,ILCE-1M2,255,0,608
A1205662.ARW,A1205662,RAW,arw,2025-09-27T12:40:52Z,0,ARW,57892864,2025:09:27 12:40:46,608,6.25e-4,2.8,100,-1.3,1,1,85,3,2.68968092350012,8704,6144,1,FE 50-150mm F2 GM,ILCE-1M2,255,0,608
A1205663.JPG,A1205663,JPG,jpg,2025-09-27T12:41:09Z,0,JPEG,8465848,2025:09:27 12:41:02,774,6.25e-4,2.8,100,-1.3,1,1,86,3,1.87045122719979,8640,5760,1,FE 50-150mm F2 GM,ILCE-1M2,255,0,774
A1205663.ARW,A1205663,RAW,arw,2025-09-27T12:41:09Z,0,ARW,54939648,2025:09:27 12:41:02,774,6.25e-4,2.8,100,-1.3,1,1,86,3,1.87045122719979,8704,6144,1,FE 50-150mm F2 GM,ILCE-1M2,255,0,774
A1205664.JPG,A1205664,JPG,jpg,2025-09-27T12:41:12Z,0,JPEG,9552323,2025:09:27 12:41:04,820,6.25e-4,2.8,100,-1.3,1,1,86,3,1.29430148633683,8640,5760,1,FE 50-150mm F2 GM,ILCE-1M2,255,0,820
A1205664.ARW,A1205664,RAW,arw,2025-09-27T12:41:12Z,0,ARW,56836096,2025:09:27 12:41:04,820,6.25e-4,2.8,100,-1.3,1,1,86,3,1.29430148633683,8704,6144,1,FE 50-150mm F2 GM,ILCE-1M2,255,0,820
A1205665.JPG,A1205665,JPG,jpg,2025-09-27T12:41:23Z,0,JPEG,11201133,2025:09:27 12:41:17,640,6.25e-4,6.3,100,-1.3,1,1,86,3,1.79479634941311,8640,5760,1,FE 50-150mm F2 GM,ILCE-1M2,255,0,640
A1205665.ARW,A1205665,RAW,arw,2025-09-27T12:41:23Z,0,ARW,58146816,2025:09:27 12:41:17,640,6.25e-4,6.3,100,-1.3,1,1,86,3,1.79479634941311,8704,6144,1,FE 50-150mm F2 GM,ILCE-1M2,255,0,640
A1205666.JPG,A1205666,JPG,jpg,2025-09-27T12:41:25Z,0,JPEG,12304056,2025:09:27 12:41:20,528,6.25e-4,7.1,160,0,1,1,86,3,1.94945563258516,8640,5760,1,FE 50-150mm F2 GM,ILCE-1M2,255,0,528
A1205666.ARW,A1205666,RAW,arw,2025-09-27T12:41:25Z,0,ARW,59809792,2025:09:27 12:41:20,528,6.25e-4,7.1,160,0,1,1,86,3,1.94945563258516,8704,6144,1,FE 50-150mm F2 GM,ILCE-1M2,255,0,528
A1205667.JPG,A1205667,JPG,jpg,2025-09-27T12:41:27Z,0,JPEG,11596704,2025:09:27 12:41:21,664,6.25e-4,7.1,250,0,1,1,86,3,2.20808209576133,8640,5760,1,FE 50-150mm F2 GM,ILCE-1M2,255,0,664
A1205667.ARW,A1205667,RAW,arw,2025-09-27T12:41:27Z,0,ARW,60862464,2025:09:27 12:41:21,664,6.25e-4,7.1,250,0,1,1,86,3,2.20808209576133,8704,6144,1,FE 50-150mm F2 GM,ILCE-1M2,255,0,664
A1205668.JPG,A1205668,JPG,jpg,2025-09-27T12:41:27Z,0,JPEG,11148873,2025:09:27 12:41:22,576,6.25e-4,7.1,200,0,1,1,86,3,2.30203469676217,8640,5760,1,FE 50-150mm F2 GM,ILCE-1M2,255,0,576
A1205668.ARW,A1205668,RAW,arw,2025-09-27T12:41:27Z,0,ARW,58454016,2025:09:27 12:41:22,576,6.25e-4,7.1,200,0,1,1,86,3,2.30203469676217,8704,6144,1,FE 50-150mm F2 GM,ILCE-1M2,255,0,576
A1205669.JPG,A1205669,JPG,jpg,2025-09-27T12:41:28Z,0,JPEG,9749192,2025:09:27 12:41:26,221,6.25e-4,7.1,400,0,1,1,86,3,1.58653864014739,8640,5760,1,FE 50-150mm F2 GM,ILCE-1M2,255,0,221
A1205669.ARW,A1205669,RAW,arw,2025-09-27T12:41:28Z,0,ARW,59834368,2025:09:27 12:41:26,221,6.25e-4,7.1,400,0,1,1,86,3,1.58653864014739,8704,6144,1,FE 50-150mm F2 GM,ILCE-1M2,255,0,221
A1205670.JPG,A1205670,JPG,jpg,2025-09-27T12:41:30Z,0,JPEG,13435129,2025:09:27 12:41:30,003,6.25e-4,8,500,0,1,1,86,3,6.35389264570083,8640,5760,1,FE 50-150mm F2 GM,ILCE-1M2,255,0,3
A1205670.ARW,A1205670,RAW,arw,2025-09-27T12:41:30Z,0,ARW,63139840,2025:09:27 12:41:30,003,6.25e-4,8,500,0,1,1,86,3,6.35389264570083,8704,6144,1,FE 50-150mm F2 GM,ILCE-1M2,255,0,3
A1205671.JPG,A1205671,JPG,jpg,2025-09-27T12:41:36Z,0,JPEG,13620090,2025:09:27 12:41:30,620,6.25e-4,8,500,0,1,1,86,3,6.35389264570083,8640,5760,1,FE 50-150mm F2 GM,ILCE-1M2,255,0,620
A1205671.ARW,A1205671,RAW,arw,2025-09-27T12:41:36Z,0,ARW,64204800,2025:09:27 12:41:30,620,6.25e-4,8,500,0,1,1,86,3,6.35389264570083,8704,6144,1,FE 50-150mm F2 GM,ILCE-1M2,255,0,620
A1205673.JPG,A1205673,JPG,jpg,2025-09-27T12:41:38Z,0,JPEG,13084002,2025:09:27 12:41:38,016,6.25e-4,6.3,160,0,1,1,150,3,6.37482986232485,8640,5760,1,FE 50-150mm F2 GM,ILCE-1M2,255,0,16
A1205673.ARW,A1205673,RAW,arw,2025-09-27T12:41:38Z,0,ARW,60243968,2025:09:27 12:41:38,016,6.25e-4,6.3,160,0,1,1,150,3,6.37482986232485,8704,6144,1,FE 50-150mm F2 GM,ILCE-1M2,255,0,16
A1205672.JPG,A1205672,JPG,jpg,2025-09-27T12:41:42Z,0,JPEG,12953860,2025:09:27 12:41:36,619,6.25e-4,6.3,160,0,1,1,150,3,6.37482986232485,8640,5760,1,FE 50-150mm F2 GM,ILCE-1M2,255,0,619
A1205672.ARW,A1205672,RAW,arw,2025-09-27T12:41:42Z,0,ARW,60387328,2025:09:27 12:41:36,619,6.25e-4,6.3,160,0,1,1,150,3,6.37482986232485,8704,6144,1,FE 50-150mm F2 GM,ILCE-1M2,255,0,619
A1205674.JPG,A1205674,JPG,jpg,2025-09-27T12:41:47Z,0,JPEG,26362454,2025:09:27 12:41:45,232,6.25e-4,6.3,1000,0,1,1,50,3,31.8415599890812,8640,5760,1,FE 50-150mm F2 GM,ILCE-1M2,255,0,232
A1205674.ARW,A1205674,RAW,arw,2025-09-27T12:41:47Z,0,ARW,80089088,2025:09:27 12:41:45,232,6.25e-4,6.3,1000,0,1,1,50,3,31.8415599890812,8704,6144,1,FE 50-150mm F2 GM,ILCE-1M2,255,0,232
A1205675.JPG,A1205675,JPG,jpg,2025-09-27T12:41:52Z,0,JPEG,25598487,2025:09:27 12:41:46,658,6.25e-4,6.3,1000,0,1,1,50,3,22.5300276527782,8640,5760,1,FE 50-150mm F2 GM,ILCE-1M2,255,0,658
A1205675.ARW,A1205675,RAW,arw,2025-09-27T12:41:52Z,0,ARW,79425536,2025:09:27 12:41:46,658,6.25e-4,6.3,1000,0,1,1,50,3,22.5300276527782,8704,6144,1,FE 50-150mm F2 GM,ILCE-1M2,255,0,658
A1205676.JPG,A1205676,JPG,jpg,2025-09-27T12:42:02Z,0,JPEG,15310230,2025:09:27 12:41:59,333,6.25e-4,6.3,250,0,1,1,50,3,4.7758436670064,8640,5760,1,FE 50-150mm F2 GM,ILCE-1M2,255,0,333
A1205676.ARW,A1205676,RAW,arw,2025-09-27T12:42:02Z,0,ARW,63500288,2025:09:27 12:41:59,333,6.25e-4,6.3,250,0,1,1,50,3,4.7758436670064,8704,6144,1,FE 50-150mm F2 GM,ILCE-1M2,255,0,333
A1205677.JPG,A1205677,JPG,jpg,2025-09-27T12:42:02Z,0,JPEG,14702351,2025:09:27 12:42:01,176,6.25e-4,6.3,250,0,1,1,50,3,4.98507464130541,8640,5760,1,FE 50-150mm F2 GM,ILCE-1M2,255,0,176
A1205677.ARW,A1205677,RAW,arw,2025-09-27T12:42:02Z,0,ARW,62636032,2025:09:27 12:42:01,176,6.25e-4,6.3,250,0,1,1,50,3,4.98507464130541,8704,6144,1,FE 50-150mm F2 GM,ILCE-1M2,255,0,176
A1205678.JPG,A1205678,JPG,jpg,2025-09-27T12:42:06Z,0,JPEG,16836291,2025:09:27 12:42:02,402,6.25e-4,6.3,250,0,1,1,50,3,3.85546276800871,8640,5760,1,FE 50-150mm F2 GM,ILCE-1M2,255,0,402
A1205678.ARW,A1205678,RAW,arw,2025-09-27T12:42:06Z,0,ARW,65753088,2025:09:27 12:42:02,402,6.25e-4,6.3,250,0,1,1,50,3,3.85546276800871,8704,6144,1,FE 50-150mm F2 GM,ILCE-1M2,255,0,402
A1205681.JPG,A1205681,JPG,jpg,2025-09-27T12:42:08Z,0,JPEG,11793910,2025:09:27 12:42:08,049,6.25e-4,6.3,125,0,1,1,150,3,3.54411254969543,8640,5760,1,FE 50-150mm F2 GM,ILCE-1M2,255,0,49
A1205681.ARW,A1205681,RAW,arw,2025-09-27T12:42:08Z,0,ARW,59265024,2025:09:27 12:42:08,049,6.25e-4,6.3,125,0,1,1,150,3,3.54411254969543,8704,6144,1,FE 50-150mm F2 GM,ILCE-1M2,255,0,49
A1205679.JPG,A1205679,JPG,jpg,2025-09-27T12:42:12Z,0,JPEG,9689260,2025:09:27 12:42:04,897,6.25e-4,6.3,125,0,1,1,150,3,4.01517679667821,8640,5760,1,FE 50-150mm F2 GM,ILCE-1M2,255,0,897
A1205679.ARW,A1205679,RAW,arw,2025-09-27T12:42:12Z,0,ARW,57434112,2025:09:27 12:42:04,897,6.25e-4,6.3,125,0,1,1,150,3,4.01517679667821,8704,6144,1,FE 50-150mm F2 GM,ILCE-1M2,255,0,897
A1205680.JPG,A1205680,JPG,jpg,2025-09-27T12:42:15Z,0,JPEG,10412678,2025:09:27 12:42:06,929,6.25e-4,6.3,250,0,1,1,150,3,5.16251415565159,8640,5760,1,FE 50-150mm F2 GM,ILCE-1M2,255,0,929
A1205680.ARW,A1205680,RAW,arw,2025-09-27T12:42:15Z,0,ARW,59330560,2025:09:27 12:42:06,929,6.25e-4,6.3,250,0,1,1,150,3,5.16251415565159,8704,6144,1,FE 50-150mm F2 GM,ILCE-1M2,255,0,929
A1205682.JPG,A1205682,JPG,jpg,2025-09-27T12:42:29Z,0,JPEG,11180806,2025:09:27 12:42:22,773,6.25e-4,6.3,250,0,1,1,50,3,2.51753732065271,8640,5760,1,FE 50-150mm F2 GM,ILCE-1M2,255,0,773
A1205682.ARW,A1205682,RAW,arw,2025-09-27T12:42:29Z,0,ARW,59146240,2025:09:27 12:42:22,773,6.25e-4,6.3,250,0,1,1,50,3,2.51753732065271,8704,6144,1,FE 50-150mm F2 GM,ILCE-1M2,255,0,773
A1205683.JPG,A1205683,JPG,jpg,2025-09-27T12:42:45Z,0,JPEG,12606092,2025:09:27 12:42:45,020,6.25e-4,6.3,500,0,1,1,50,3,1.08747164372081,8640,5760,1,FE 50-150mm F2 GM,ILCE-1M2,255,0,20
A1205683.ARW,A1205683,RAW,arw,2025-09-27T12:42:45Z,0,ARW,62578688,2025:09:27 12:42:45,020,6.25e-4,6.3,500,0,1,1,50,3,1.08747164372081,8704,6144,1,FE 50-150mm F2 GM,ILCE-1M2,255,0,20
A1205685.JPG,A1205685,JPG,jpg,2025-09-27T12:42:53Z,0,JPEG,11238933,2025:09:27 12:42:50,347,6.25e-4,6.3,400,0,1,1,100,3,1.18340443754951,8640,5760,1,FE 50-150mm F2 GM,ILCE-1M2,255,0,347
A1205685.ARW,A1205685,RAW,arw,2025-09-27T12:42:53Z,0,ARW,61108224,2025:09:27 12:42:50,347,6.25e-4,6.3,400,0,1,1,100,3,1.18340443754951,8704,6144,1,FE 50-150mm F2 GM,ILCE-1M2,255,0,347
A1205684.JPG,A1205684,JPG,jpg,2025-09-27T12:42:56Z,0,JPEG,9114368,2025:09:27 12:42:47,975,6.25e-4,6.3,200,0,1,1,150,3,1.51654636170803,8640,5760,1,FE 50-150mm F2 GM,ILCE-1M2,255,0,975
A1205684.ARW,A1205684,RAW,arw,2025-09-27T12:42:56Z,0,ARW,57401344,2025:09:27 12:42:47,975,6.25e-4,6.3,200,0,1,1,150,3,1.51654636170803,8704,6144,1,FE 50-150mm F2 GM,ILCE-1M2,255,0,975
A1205686.JPG,A1205686,JPG,jpg,2025-09-27T12:42:59Z,0,JPEG,11774876,2025:09:27 12:42:52,730,6.25e-4,6.3,400,0,1,1,84,3,1.1662495030699,8640,5760,1,FE 50-150mm F2 GM,ILCE-1M2,255,0,730
A1205686.ARW,A1205686,RAW,arw,2025-09-27T12:42:59Z,0,ARW,61816832,2025:09:27 12:42:52,730,6.25e-4,6.3,400,0,1,1,84,3,1.1662495030699,8704,6144,1,FE 50-150mm F2 GM,ILCE-1M2,255,0,730
A1205687.JPG,A1205687,JPG,jpg,2025-09-27T12:43:30Z,0,JPEG,11806765,2025:09:27 12:43:30,064,6.25e-4,6.3,125,0,1,1,50,3,1.3383922655594,8640,5760,1,FE 50-150mm F2 GM,ILCE-1M2,255,0,64
A1205687.ARW,A1205687,RAW,arw,2025-09-27T12:43:30Z,0,ARW,58646528,2025:09:27 12:43:30,064,6.25e-4,6.3,125,0,1,1,50,3,1.3383922655594,8704,6144,1,FE 50-150mm F2 GM,ILCE-1M2,255,0,64
A1205688.JPG,A1205688,JPG,jpg,2025-09-27T12:43:34Z,0,JPEG,10943531,2025:09:27 12:43:32,242,6.25e-4,6.3,125,0,1,1,50,3,1.3383922655594,8640,5760,1,FE 50-150mm F2 GM,ILCE-1M2,255,0,242
A1205688.ARW,A1205688,RAW,arw,2025-09-27T12:43:34Z,0,ARW,57643008,2025:09:27 12:43:32,242,6.25e-4,6.3,125,0,1,1,50,3,1.3383922655594,8704,6144,1,FE 50-150mm F2 GM,ILCE-1M2,255,0,242
A1205689.JPG,A1205689,JPG,jpg,2025-09-27T12:43:34Z,0,JPEG,10155842,2025:09:27 12:43:34,051,6.25e-4,6.3,100,0,1,1,50,3,1.45500172829864,8640,5760,1,FE 50-150mm F2 GM,ILCE-1M2,255,0,51
A1205689.ARW,A1205689,RAW,arw,2025-09-27T12:43:34Z,0,ARW,57065472,2025:09:27 12:43:34,051,6.25e-4,6.3,100,0,1,1,50,3,1.45500172829864,8704,6144,1,FE 50-150mm F2 GM,ILCE-1M2,255,0,51
A1205690.JPG,A1205690,JPG,jpg,2025-09-27T12:43:36Z,0,JPEG,10916326,2025:09:27 12:43:35,166,6.25e-4,6.3,125,0,1,1,50,3,1.45500172829864,8640,5760,1,FE 50-150mm F2 GM,ILCE-1M2,255,0,166
A1205690.ARW,A1205690,RAW,arw,2025-09-27T12:43:36Z,0,ARW,57438208,2025:09:27 12:43:35,166,6.25e-4,6.3,125,0,1,1,50,3,1.45500172829864,8704,6144,1,FE 50-150mm F2 GM,ILCE-1M2,255,0,166
A1205691.JPG,A1205691,JPG,jpg,2025-09-27T12:43:40Z,0,JPEG,9898411,2025:09:27 12:43:37,385,6.25e-4,6.3,125,0,1,1,73,3,1.52348992450183,8640,5760,1,FE 50-150mm F2 GM,ILCE-1M2,255,0,385
A1205691.ARW,A1205691,RAW,arw,2025-09-27T12:43:40Z,0,ARW,57294848,2025:09:27 12:43:37,385,6.25e-4,6.3,125,0,1,1,73,3,1.52348992450183,8704,6144,1,FE 50-150mm F2 GM,ILCE-1M2,255,0,385
A1205692.JPG,A1205692,JPG,jpg,2025-09-27T12:43:54Z,0,JPEG,12443026,2025:09:27 12:43:50,418,6.25e-4,6.3,125,0,1,1,79,3,1.51842883433246,8640,5760,1,FE 50-150mm F2 GM,ILCE-1M2,255,0,418
A1205692.ARW,A1205692,RAW,arw,2025-09-27T12:43:54Z,0,ARW,59465728,2025:09:27 12:43:50,418,6.25e-4,6.3,125,0,1,1,79,3,1.51842883433246,8704,6144,1,FE 50-150mm F2 GM,ILCE-1M2,255,0,418
A1205693.JPG,A1205693,JPG,jpg,2025-09-27T12:43:56Z,0,JPEG,12406978,2025:09:27 12:43:53,371,6.25e-4,6.3,160,0,1,1,64,3,1.45075768006338,8640,5760,1,FE 50-150mm F2 GM,ILCE-1M2,255,0,371
A1205693.ARW,A1205693,RAW,arw,2025-09-27T12:43:56Z,0,ARW,59162624,2025:09:27 12:43:53,371,6.25e-4,6.3,160,0,1,1,64,3,1.45075768006338,8704,6144,1,FE 50-150mm F2 GM,ILCE-1M2,255,0,371
A1205695.JPG,A1205695,JPG,jpg,2025-09-27T12:43:59Z,0,JPEG,11019296,2025:09:27 12:43:57,247,6.25e-4,6.3,160,0,1,1,64,3,1.51215468787005,8640,5760,1,FE 50-150mm F2 GM,ILCE-1M2,255,0,247
A1205695.ARW,A1205695,RAW,arw,2025-09-27T12:43:59Z,0,ARW,57384960,2025:09:27 12:43:57,247,6.25e-4,6.3,160,0,1,1,64,3,1.51215468787005,8704,6144,1,FE 50-150mm F2 GM,ILCE-1M2,255,0,247
A1205694.JPG,A1205694,JPG,jpg,2025-09-27T12:44:01Z,0,JPEG,13833510,2025:09:27 12:43:55,686,6.25e-4,6.3,400,0,1,1,64,3,1.64322388521773,8640,5760,1,FE 50-150mm F2 GM,ILCE-1M2,255,0,686
A1205694.ARW,A1205694,RAW,arw,2025-09-27T12:44:01Z,0,ARW,62001152,2025:09:27 12:43:55,686,6.25e-4,6.3,400,0,1,1,64,3,1.64322388521773,8704,6144,1,FE 50-150mm F2 GM,ILCE-1M2,255,0,686
A1205696.JPG,A1205696,JPG,jpg,2025-09-27T12:44:03Z,0,JPEG,12315988,2025:09:27 12:44:00,341,6.25e-4,6.3,125,0,1,1,50,3,1.39543426440594,8640,5760,1,FE 50-150mm F2 GM,ILCE-1M2,255,0,341
A1205696.ARW,A1205696,RAW,arw,2025-09-27T12:44:03Z,0,ARW,59531264,2025:09:27 12:44:00,341,6.25e-4,6.3,125,0,1,1,50,3,1.39543426440594,8704,6144,1,FE 50-150mm F2 GM,ILCE-1M2,255,0,341
A1205697.JPG,A1205697,JPG,jpg,2025-09-27T12:44:05Z,0,JPEG,12469395,2025:09:27 12:44:04,195,6.25e-4,6.3,160,0,1,1,50,3,1.51720646912747,8640,5760,1,FE 50-150mm F2 GM,ILCE-1M2,255,0,195
A1205697.ARW,A1205697,RAW,arw,2025-09-27T12:44:05Z,0,ARW,58765312,2025:09:27 12:44:04,195,6.25e-4,6.3,160,0,1,1,50,3,1.51720646912747,8704,6144,1,FE 50-150mm F2 GM,ILCE-1M2,255,0,195
A1205698.JPG,A1205698,JPG,jpg,2025-09-27T12:44:35Z,0,JPEG,9399468,2025:09:27 12:44:26,959,6.25e-4,6.3,125,0,1,1,150,3,1.57704853800327,8640,5760,1,FE 50-150mm F2 GM,ILCE-1M2,255,0,959
A1205698.ARW,A1205698,RAW,arw,2025-09-27T12:44:35Z,0,ARW,58568704,2025:09:27 12:44:26,959,6.25e-4,6.3,125,0,1,1,150,3,1.57704853800327,8704,6144,1,FE 50-150mm F2 GM,ILCE-1M2,255,0,959
A1205699.JPG,A1205699,JPG,jpg,2025-09-27T12:45:01Z,0,JPEG,17734446,2025:09:27 12:44:52,935,6.25e-4,6.3,200,0,1,1,50,3,3.85546276800871,8640,5760,1,FE 50-150mm F2 GM,ILCE-1M2,255,0,935
A1205699.ARW,A1205699,RAW,arw,2025-09-27T12:45:01Z,0,ARW,65019904,2025:09:27 12:44:52,935,6.25e-4,6.3,200,0,1,1,50,3,3.85546276800871,8704,6144,1,FE 50-150mm F2 GM,ILCE-1M2,255,0,935
A1205700.JPG,A1205700,JPG,jpg,2025-09-27T13:22:06Z,0,JPEG,15772000,2025:09:27 13:22:05,186,6.25e-4,6.3,2000,0,1,1,50,3,1.58216524911772,8640,5760,1,FE 50-150mm F2 GM,ILCE-1M2,92,0,186
A1205700.ARW,A1205700,RAW,arw,2025-09-27T13:22:06Z,0,ARW,66490368,2025:09:27 13:22:05,186,6.25e-4,6.3,2000,0,1,1,50,3,1.58216524911772,8704,6144,1,FE 50-150mm F2 GM,ILCE-1M2,92,0,186
A1205701.JPG,A1205701,JPG,jpg,2025-09-27T13:23:07Z,0,JPEG,22835526,2025:09:27 13:23:02,598,6.25e-4,6.3,800,0,1,1,50,3,53.5168176602836,8640,5760,1,FE 50-150mm F2 GM,ILCE-1M2,93,0,598
A1205701.ARW,A1205701,RAW,arw,2025-09-27T13:23:07Z,0,ARW,73330688,2025:09:27 13:23:02,598,6.25e-4,6.3,800,0,1,1,50,3,53.5168176602836,8704,6144,1,FE 50-150mm F2 GM,ILCE-1M2,93,0,598
A1205702.JPG,A1205702,JPG,jpg,2025-09-27T13:23:11Z,0,JPEG,24015806,2025:09:27 13:23:05,632,6.25e-4,6.3,800,0,1,1,50,3,58.3559780995426,8640,5760,1,FE 50-150mm F2 GM,ILCE-1M2,125,0,632
A1205702.ARW,A1205702,RAW,arw,2025-09-27T13:23:11Z,0,ARW,74272768,2025:09:27 13:23:05,632,6.25e-4,6.3,800,0,1,1,50,3,58.3559780995426,8704,6144,1,FE 50-150mm F2 GM,ILCE-1M2,125,0,632
A1205703.JPG,A1205703,JPG,jpg,2025-09-27T13:23:16Z,0,JPEG,23010977,2025:09:27 13:23:12,428,0.00125,6.3,400,0,1,1,50,3,53.5168176602836,8640,5760,1,FE 50-150mm F2 GM,ILCE-1M2,93,0,428
A1205703.ARW,A1205703,RAW,arw,2025-09-27T13:23:16Z,0,ARW,71737344,2025:09:27 13:23:12,428,0.00125,6.3,400,0,1,1,50,3,53.5168176602836,8704,6144,1,FE 50-150mm F2 GM,ILCE-1M2,93,0,428
A1205707.JPG,A1205707,JPG,jpg,2025-09-27T13:23:18Z,0,JPEG,18844118,2025:09:27 13:23:18,080,0.00125,6.3,400,0,1,1,50,3,58.3559780995426,8640,5760,8,FE 50-150mm F2 GM,ILCE-1M2,93,0,80
A1205707.ARW,A1205707,RAW,arw,2025-09-27T13:23:18Z,0,ARW,69136384,2025:09:27 13:23:18,080,0.00125,6.3,400,0,1,1,50,3,58.3559780995426,8704,6144,8,FE 50-150mm F2 GM,ILCE-1M2,93,0,80
A1205708.JPG,A1205708,JPG,jpg,2025-09-27T13:23:19Z,0,JPEG,18910178,2025:09:27 13:23:19,008,0.00125,6.3,400,0,1,1,50,3,41.2785524979009,8640,5760,8,FE 50-150mm F2 GM,ILCE-1M2,93,0,8
A1205708.ARW,A1205708,RAW,arw,2025-09-27T13:23:19Z,0,ARW,68284416,2025:09:27 13:23:19,008,0.00125,6.3,400,0,1,1,50,3,41.2785524979009,8704,6144,8,FE 50-150mm F2 GM,ILCE-1M2,93,0,8
A1205704.JPG,A1205704,JPG,jpg,2025-09-27T13:23:22Z,0,JPEG,16735695,2025:09:27 13:23:14,889,0.00125,6.3,1000,0,1,1,50,3,34.7189420015845,8640,5760,8,FE 50-150mm F2 GM,ILCE-1M2,92,0,889
A1205704.ARW,A1205704,RAW,arw,2025-09-27T13:23:22Z,0,ARW,69427200,2025:09:27 13:23:14,889,0.00125,6.3,1000,0,1,1,50,3,34.7189420015845,8704,6144,8,FE 50-150mm F2 GM,ILCE-1M2,92,0,889
A1205711.JPG,A1205711,JPG,jpg,2025-09-27T13:23:23Z,0,JPEG,22602968,2025:09:27 13:23:22,147,0.00125,6.3,640,0,1,1,50,3,63.6331199781624,8640,5760,8,FE 50-150mm F2 GM,ILCE-1M2,93,0,147
A1205711.ARW,A1205711,RAW,arw,2025-09-27T13:23:23Z,0,ARW,74674176,2025:09:27 13:23:22,147,0.00125,6.3,640,0,1,1,50,3,63.6331199781624,8704,6144,8,FE 50-150mm F2 GM,ILCE-1M2,93,0,147
A1205705.JPG,A1205705,JPG,jpg,2025-09-27T13:23:24Z,0,JPEG,22020800,2025:09:27 13:23:15,907,0.00125,6.3,640,0,1,1,50,3,18.1519335983756,8640,5760,8,FE 50-150mm F2 GM,ILCE-1M2,93,0,907
A1205705.ARW,A1205705,RAW,arw,2025-09-27T13:23:24Z,0,ARW,74956800,2025:09:27 13:23:15,907,0.00125,6.3,640,0,1,1,50,3,18.1519335983756,8704,6144,8,FE 50-150mm F2 GM,ILCE-1M2,93,0,907
A1205706.JPG,A1205706,JPG,jpg,2025-09-27T13:23:24Z,0,JPEG,23028603,2025:09:27 13:23:16,827,0.00125,6.3,640,0,1,1,50,3,20.6642762489505,8640,5760,8,FE 50-150mm F2 GM,ILCE-1M2,93,0,827
A1205706.ARW,A1205706,RAW,arw,2025-09-27T13:23:24Z,0,ARW,77291520,2025:09:27 13:23:16,827,0.00125,6.3,640,0,1,1,50,3,20.6642762489505,8704,6144,8,FE 50-150mm F2 GM,ILCE-1M2,93,0,827
A1205712.JPG,A1205712,JPG,jpg,2025-09-27T13:23:24Z,0,JPEG,22584600,2025:09:27 13:23:23,147,0.00125,6.3,500,0,1,1,50,3,39.5305971304433,8640,5760,8,FE 50-150mm F2 GM,ILCE-1M2,93,0,147
A1205712.ARW,A1205712,RAW,arw,2025-09-27T13:23:24Z,0,ARW,72638464,2025:09:27 13:23:23,147,0.00125,6.3,500,0,1,1,50,3,39.5305971304433,8704,6144,8,FE 50-150mm F2 GM,ILCE-1M2,93,0,147
A1205713.JPG,A1205713,JPG,jpg,2025-09-27T13:23:24Z,0,JPEG,21969039,2025:09:27 13:23:24,059,0.00125,6.3,500,0,1,1,50,3,27.9669979562306,8640,5760,8,FE 50-150mm F2 GM,ILCE-1M2,92,0,59
A1205713.ARW,A1205713,RAW,arw,2025-09-27T13:23:24Z,0,ARW,72953856,2025:09:27 13:23:24,059,0.00125,6.3,500,0,1,1,50,3,27.9669979562306,8704,6144,8,FE 50-150mm F2 GM,ILCE-1M2,92,0,59
A1205709.JPG,A1205709,JPG,jpg,2025-09-27T13:23:28Z,0,JPEG,23662087,2025:09:27 13:23:19,965,0.00125,6.3,500,0,1,1,50,3,19.7902985652216,8640,5760,8,FE 50-150mm F2 GM,ILCE-1M2,93,0,965
A1205709.ARW,A1205709,RAW,arw,2025-09-27T13:23:28Z,0,ARW,74784768,2025:09:27 13:23:19,965,0.00125,6.3,500,0,1,1,50,3,19.7902985652216,8704,6144,8,FE 50-150mm F2 GM,ILCE-1M2,93,0,965
A1205710.JPG,A1205710,JPG,jpg,2025-09-27T13:23:29Z,0,JPEG,24389269,2025:09:27 13:23:20,977,0.00125,6.3,800,0,1,1,50,3,24.5646439858835,8640,5760,8,FE 50-150mm F2 GM,ILCE-1M2,93,0,977
A1205710.ARW,A1205710,RAW,arw,2025-09-27T13:23:29Z,0,ARW,78286848,2025:09:27 13:23:20,977,0.00125,6.3,800,0,1,1,50,3,24.5646439858835,8704,6144,8,FE 50-150mm F2 GM,ILCE-1M2,93,0,977
A1205716.JPG,A1205716,JPG,jpg,2025-09-27T13:23:30Z,0,JPEG,20644720,2025:09:27 13:23:26,430,0.00125,6.3,640,0,1,1,50,3,22.5300276527782,8640,5760,8,FE 50-150mm F2 GM,ILCE-1M2,93,0,430
A1205716.ARW,A1205716,RAW,arw,2025-09-27T13:23:30Z,0,ARW,73138176,2025:09:27 13:23:26,430,0.00125,6.3,640,0,1,1,50,3,22.5300276527782,8704,6144,8,FE 50-150mm F2 GM,ILCE-1M2,93,0,430
A1205715.JPG,A1205715,JPG,jpg,2025-09-27T13:23:31Z,0,JPEG,21294876,2025:09:27 13:23:25,661,0.00125,6.3,400,0,1,1,50,3,20.6642762489505,8640,5760,8,FE 50-150mm F2 GM,ILCE-1M2,93,0,661
A1205715.ARW,A1205715,RAW,arw,2025-09-27T13:23:31Z,0,ARW,70914048,2025:09:27 13:23:25,661,0.00125,6.3,400,0,1,1,50,3,20.6642762489505,8704,6144,8,FE 50-150mm F2 GM,ILCE-1M2,93,0,661
A1205717.JPG,A1205717,JPG,jpg,2025-09-27T13:23:32Z,0,JPEG,17106415,2025:09:27 13:23:27,523,0.00125,6.3,640,0,1,1,50,3,1.13340443754951,8640,5760,1,FE 50-150mm F2 GM,ILCE-1M2,92,0,523
A1205717.ARW,A1205717,RAW,arw,2025-09-27T13:23:32Z,0,ARW,66990080,2025:09:27 13:23:27,523,0.00125,6.3,640,0,1,1,50,3,1.13340443754951,8704,6144,1,FE 50-150mm F2 GM,ILCE-1M2,92,0,523
A1205714.JPG,A1205714,JPG,jpg,2025-09-27T13:23:32Z,0,JPEG,21432922,2025:09:27 13:23:24,882,0.00125,6.3,400,0,1,1,50,3,25.65,8640,5760,8,FE 50-150mm F2 GM,ILCE-1M2,92,0,882
A1205714.ARW,A1205714,RAW,arw,2025-09-27T13:23:32Z,0,ARW,70811648,2025:09:27 13:23:24,882,0.00125,6.3,400,0,1,1,50,3,25.65,8704,6144,8,FE 50-150mm F2 GM,ILCE-1M2,92,0,882
A1205718.JPG,A1205718,JPG,jpg,2025-09-27T13:23:34Z,0,JPEG,19869124,2025:09:27 13:23:27,705,0.00125,6.3,640,0,1,1,50,3,0.961030907805353,8640,5760,1,FE 50-150mm F2 GM,ILCE-1M2,92,0,705
A1205718.ARW,A1205718,RAW,arw,2025-09-27T13:23:34Z,0,ARW,70443008,2025:09:27 13:23:27,705,0.00125,6.3,640,0,1,1,50,3,0.961030907805353,8704,6144,1,FE 50-150mm F2 GM,ILCE-1M2,92,0,705
A1205719.JPG,A1205719,JPG,jpg,2025-09-27T13:23:46Z,0,JPEG,11307265,2025:09:27 13:23:39,793,0.00125,6.3,1000,0,1,1,150,3,1.70620746558121,8640,5760,1,FE 50-150mm F2 GM,ILCE-1M2,92,0,793
A1205719.ARW,A1205719,RAW,arw,2025-09-27T13:23:46Z,0,ARW,63827968,2025:09:27 13:23:39,793,0.00125,6.3,1000,0,1,1,150,3,1.70620746558121,8704,6144,1,FE 50-150mm F2 GM,ILCE-1M2,92,0,793
A1205721.JPG,A1205721,JPG,jpg,2025-09-27T13:23:51Z,0,JPEG,21544657,2025:09:27 13:23:50,127,0.00125,6.3,1000,0,1,1,50,3,13.4167044150709,8640,5760,8,FE 50-150mm F2 GM,ILCE-1M2,93,0,127
A1205721.ARW,A1205721,RAW,arw,2025-09-27T13:23:51Z,0,ARW,75849728,2025:09:27 13:23:50,127,0.00125,6.3,1000,0,1,1,50,3,13.4167044150709,8704,6144,8,FE 50-150mm F2 GM,ILCE-1M2,93,0,127
A1205720.JPG,A1205720,JPG,jpg,2025-09-27T13:23:51Z,0,JPEG,17394018,2025:09:27 13:23:48,394,0.00125,6.3,1250,0,1,1,50,3,5.43173705762377,8640,5760,8,FE 50-150mm F2 GM,ILCE-1M2,92,0,394
A1205720.ARW,A1205720,RAW,arw,2025-09-27T13:23:51Z,0,ARW,70262784,2025:09:27 13:23:48,394,0.00125,6.3,1250,0,1,1,50,3,5.43173705762377,8704,6144,8,FE 50-150mm F2 GM,ILCE-1M2,92,0,394
A1205722.JPG,A1205722,JPG,jpg,2025-09-27T13:24:02Z,0,JPEG,19985614,2025:09:27 13:23:57,548,0.00125,6.3,2000,0,1,1,50,3,17.3844710007922,8640,5760,1,FE 50-150mm F2 GM,ILCE-1M2,92,0,548
A1205722.ARW,A1205722,RAW,arw,2025-09-27T13:24:02Z,0,ARW,75493376,2025:09:27 13:23:57,548,0.00125,6.3,2000,0,1,1,50,3,17.3844710007922,8704,6144,1,FE 50-150mm F2 GM,ILCE-1M2,92,0,548
A1205723.JPG,A1205723,JPG,jpg,2025-09-27T13:24:06Z,0,JPEG,19780516,2025:09:27 13:23:57,977,0.00125,6.3,1600,0,1,1,50,3,27.9669979562306,8640,5760,1,FE 50-150mm F2 GM,ILCE-1M2,92,0,977
A1205723.ARW,A1205723,RAW,arw,2025-09-27T13:24:06Z,0,ARW,74788864,2025:09:27 13:23:57,977,0.00125,6.3,1600,0,1,1,50,3,27.9669979562306,8704,6144,1,FE 50-150mm F2 GM,ILCE-1M2,92,0,977
A1205724.JPG,A1205724,JPG,jpg,2025-09-27T13:25:37Z,0,JPEG,11843644,2025:09:27 13:25:34,329,0.00125,6.3,320,0,1,1,100,3,2.36274169979695,8640,5760,8,FE 50-150mm F2 GM,ILCE-1M2,255,0,329
A1205724.ARW,A1205724,RAW,arw,2025-09-27T13:25:37Z,0,ARW,60203008,2025:09:27 13:25:34,329,0.00125,6.3,320,0,1,1,100,3,2.36274169979695,8704,6144,8,FE 50-150mm F2 GM,ILCE-1M2,255,0,329
A1205725.JPG,A1205725,JPG,jpg,2025-09-27T13:26:07Z,0,JPEG,9324617,2025:09:27 13:26:07,071,0.00125,6.3,640,0,1,1,150,3,1.07532649524476,8640,5760,1,FE 50-150mm F2 GM,ILCE-1M2,255,0,71
A1205725.ARW,A1205725,RAW,arw,2025-09-27T13:26:07Z,0,ARW,58445824,2025:09:27 13:26:07,071,0.00125,6.3,640,0,1,1,150,3,1.07532649524476,8704,6144,1,FE 50-150mm F2 GM,ILCE-1M2,255,0,71
A1205727.JPG,A1205727,JPG,jpg,2025-09-27T13:26:08Z,0,JPEG,9271958,2025:09:27 13:26:08,053,0.00125,6.3,640,0,1,1,150,3,1.07532649524476,8640,5760,1,FE 50-150mm F2 GM,ILCE-1M2,255,0,53
A1205727.ARW,A1205727,RAW,arw,2025-09-27T13:26:08Z,0,ARW,58327040,2025:09:27 13:26:08,053,0.00125,6.3,640,0,1,1,150,3,1.07532649524476,8704,6144,1,FE 50-150mm F2 GM,ILCE-1M2,255,0,53
A1205728.JPG,A1205728,JPG,jpg,2025-09-27T13:26:11Z,0,JPEG,9075002,2025:09:27 13:26:08,344,0.00125,6.3,640,0,1,1,150,3,1.07532649524476,8640,5760,1,FE 50-150mm F2 GM,ILCE-1M2,255,0,344
A1205728.ARW,A1205728,RAW,arw,2025-09-27T13:26:11Z,0,ARW,58007552,2025:09:27 13:26:08,344,0.00125,6.3,640,0,1,1,150,3,1.07532649524476,8704,6144,1,FE 50-150mm F2 GM,ILCE-1M2,255,0,344
A1205726.JPG,A1205726,JPG,jpg,2025-09-27T13:26:13Z,0,JPEG,9024133,2025:09:27 13:26:07,628,0.00125,6.3,640,0,1,1,150,3,1.07532649524476,8640,5760,1,FE 50-150mm F2 GM,ILCE-1M2,255,0,628
A1205726.ARW,A1205726,RAW,arw,2025-09-27T13:26:13Z,0,ARW,57954304,2025:09:27 13:26:07,628,0.00125,6.3,640,0,1,1,150,3,1.07532649524476,8704,6144,1,FE 50-150mm F2 GM,ILCE-1M2,255,0,628
A1205732.JPG,A1205732,JPG,jpg,2025-09-27T13:26:14Z,0,JPEG,8880582,2025:09:27 13:26:14,024,0.00125,6.3,1600,0,1,1,150,3,0.962553328162136,8640,5760,1,FE 50-150mm F2 GM,ILCE-1M2,255,0,24
A1205732.ARW,A1205732,RAW,arw,2025-09-27T13:26:14Z,0,ARW,62660608,2025:09:27 13:26:14,024,0.00125,6.3,1600,0,1,1,150,3,0.962553328162136,8704,6144,1,FE 50-150mm F2 GM,ILCE-1M2,255,0,24
A1205729.JPG,A1205729,JPG,jpg,2025-09-27T13:26:14Z,0,JPEG,9032255,2025:09:27 13:26:08,657,0.00125,6.3,640,0,1,1,150,3,1.07532649524476,8640,5760,1,FE 50-150mm F2 GM,ILCE-1M2,255,0,657
A1205729.ARW,A1205729,RAW,arw,2025-09-27T13:26:14Z,0,ARW,57876480,2025:09:27 13:26:08,657,0.00125,6.3,640,0,1,1,150,3,1.07532649524476,8704,6144,1,FE 50-150mm F2 GM,ILCE-1M2,255,0,657
A1205730.JPG,A1205730,JPG,jpg,2025-09-27T13:26:14Z,0,JPEG,9205596,2025:09:27 13:26:11,384,0.00125,6.3,640,0,1,1,150,3,1.11629419916955,8640,5760,1,FE 50-150mm F2 GM,ILCE-1M2,255,0,384
A1205730.ARW,A1205730,RAW,arw,2025-09-27T13:26:14Z,0,ARW,58232832,2025:09:27 13:26:11,384,0.00125,6.3,640,0,1,1,150,3,1.11629419916955,8704,6144,1,FE 50-150mm F2 GM,ILCE-1M2,255,0,384
A1205733.JPG,A1205733,JPG,jpg,2025-09-27T13:26:17Z,0,JPEG,8765212,2025:09:27 13:26:14,301,0.00125,6.3,1600,0,1,1,150,3,0.962553328162136,8640,5760,1,FE 50-150mm F2 GM,ILCE-1M2,255,0,301
A1205733.ARW,A1205733,RAW,arw,2025-09-27T13:26:17Z,0,ARW,62808064,2025:09:27 13:26:14,301,0.00125,6.3,1600,0,1,1,150,3,0.962553328162136,8704,6144,1,FE 50-150mm F2 GM,ILCE-1M2,255,0,301
A1205737.JPG,A1205737,JPG,jpg,2025-09-27T13:26:17Z,0,JPEG,8932787,2025:09:27 13:26:16,172,0.00125,6.3,1600,0,1,1,150,3,0.962553328162136,8640,5760,1,FE 50-150mm F2 GM,ILCE-1M2,255,0,172
A1205737.ARW,A1205737,RAW,arw,2025-09-27T13:26:17Z,0,ARW,62988288,2025:09:27 13:26:16,172,0.00125,6.3,1600,0,1,1,150,3,0.962553328162136,8704,6144,1,FE 50-150mm F2 GM,ILCE-1M2,255,0,172
A1205731.JPG,A1205731,JPG,jpg,2025-09-27T13:26:17Z,0,JPEG,9024625,2025:09:27 13:26:11,678,0.00125,6.3,640,0,1,1,150,3,1.11629419916955,8640,5760,1,FE 50-150mm F2 GM,ILCE-1M2,255,0,678
A1205731.ARW,A1205731,RAW,arw,2025-09-27T13:26:17Z,0,ARW,57999360,2025:09:27 13:26:11,678,0.00125,6.3,640,0,1,1,150,3,1.11629419916955,8704,6144,1,FE 50-150mm F2 GM,ILCE-1M2,255,0,678
A1205735.JPG,A1205735,JPG,jpg,2025-09-27T13:26:18Z,0,JPEG,8892465,2025:09:27 13:26:15,354,0.00125,6.3,1600,0,1,1,150,3,0.962553328162136,8640,5760,1,FE 50-150mm F2 GM,ILCE-1M2,255,0,354
A1205735.ARW,A1205735,RAW,arw,2025-09-27T13:26:18Z,0,ARW,63361024,2025:09:27 13:26:15,354,0.00125,6.3,1600,0,1,1,150,3,0.962553328162136,8704,6144,1,FE 50-150mm F2 GM,ILCE-1M2,255,0,354
A1205734.JPG,A1205734,JPG,jpg,2025-09-27T13:26:19Z,0,JPEG,8898855,2025:09:27 13:26:14,587,0.00125,6.3,1600,0,1,1,150,3,0.962553328162136,8640,5760,1,FE 50-150mm F2 GM,ILCE-1M2,255,0,587
A1205734.ARW,A1205734,RAW,arw,2025-09-27T13:26:19Z,0,ARW,63512576,2025:09:27 13:26:14,587,0.00125,6.3,1600,0,1,1,150,3,0.962553328162136,8704,6144,1,FE 50-150mm F2 GM,ILCE-1M2,255,0,587
A1205738.JPG,A1205738,JPG,jpg,2025-09-27T13:26:20Z,0,JPEG,8998800,2025:09:27 13:26:16,469,0.00125,6.3,1600,0,1,1,150,3,0.962553328162136,8640,5760,1,FE 50-150mm F2 GM,ILCE-1M2,255,0,469
A1205738.ARW,A1205738,RAW,arw,2025-09-27T13:26:20Z,0,ARW,63160320,2025:09:27 13:26:16,469,0.00125,6.3,1600,0,1,1,150,3,0.962553328162136,8704,6144,1,FE 50-150mm F2 GM,ILCE-1M2,255,0,469
A1205736.JPG,A1205736,JPG,jpg,2025-09-27T13:26:20Z,0,JPEG,8917763,2025:09:27 13:26:15,585,0.00125,6.3,1600,0,1,1,150,3,0.962553328162136,8640,5760,1,FE 50-150mm F2 GM,ILCE-1M2,255,0,585
A1205736.ARW,A1205736,RAW,arw,2025-09-27T13:26:20Z,0,ARW,63307776,2025:09:27 13:26:15,585,0.00125,6.3,1600,0,1,1,150,3,0.962553328162136,8704,6144,1,FE 50-150mm F2 GM,ILCE-1M2,255,0,585
A1205739.JPG,A1205739,JPG,jpg,2025-09-27T13:26:21Z,0,JPEG,8918932,2025:09:27 13:26:17,422,0.00125,6.3,1600,0,1,1,150,3,0.962553328162136,8640,5760,1,FE 50-150mm F2 GM,ILCE-1M2,255,0,422
A1205739.ARW,A1205739,RAW,arw,2025-09-27T13:26:21Z,0,ARW,63434752,2025:09:27 13:26:17,422,0.00125,6.3,1600,0,1,1,150,3,0.962553328162136,8704,6144,1,FE 50-150mm F2 GM,ILCE-1M2,255,0,422
A1205740.JPG,A1205740,JPG,jpg,2025-09-27T13:26:23Z,0,JPEG,9079377,2025:09:27 13:26:17,679,0.00125,6.3,1600,0,1,1,150,3,0.962553328162136,8640,5760,1,FE 50-150mm F2 GM,ILCE-1M2,255,0,679
A1205740.ARW,A1205740,RAW,arw,2025-09-27T13:26:23Z,0,ARW,63733760,2025:09:27 13:26:17,679,0.00125,6.3,1600,0,1,1,150,3,0.962553328162136,8704,6144,1,FE 50-150mm F2 GM,ILCE-1M2,255,0,679
A1205741.JPG,A1205741,JPG,jpg,2025-09-27T13:26:32Z,0,JPEG,10456463,2025:09:27 13:26:30,201,0.00125,6.3,1250,0,1,1,150,3,1.0360956875637,8640,5760,1,FE 50-150mm F2 GM,ILCE-1M2,255,0,201
A1205741.ARW,A1205741,RAW,arw,2025-09-27T13:26:32Z,0,ARW,61616128,2025:09:27 13:26:30,201,0.00125,6.3,1250,0,1,1,150,3,1.0360956875637,8704,6144,1,FE 50-150mm F2 GM,ILCE-1M2,255,0,201
A1205743.JPG,A1205743,JPG,jpg,2025-09-27T13:26:32Z,0,JPEG,10649707,2025:09:27 13:26:31,174,0.00125,6.3,1000,0,1,1,150,3,1.0360956875637,8640,5760,1,FE 50-150mm F2 GM,ILCE-1M2,255,0,174
A1205743.ARW,A1205743,RAW,arw,2025-09-27T13:26:32Z,0,ARW,61063168,2025:09:27 13:26:31,174,0.00125,6.3,1000,0,1,1,150,3,1.0360956875637,8704,6144,1,FE 50-150mm F2 GM,ILCE-1M2,255,0,174
A1205744.JPG,A1205744,JPG,jpg,2025-09-27T13:26:32Z,0,JPEG,10640658,2025:09:27 13:26:32,081,0.00125,6.3,1000,0,1,1,150,3,1.0360956875637,8640,5760,1,FE 50-150mm F2 GM,ILCE-1M2,255,0,81
A1205744.ARW,A1205744,RAW,arw,2025-09-27T13:26:32Z,0,ARW,60973056,2025:09:27 13:26:32,081,0.00125,6.3,1000,0,1,1,150,3,1.0360956875637,8704,6144,1,FE 50-150mm F2 GM,ILCE-1M2,255,0,81
A1205746.JPG,A1205746,JPG,jpg,2025-09-27T13:26:33Z,0,JPEG,10666615,2025:09:27 13:26:33,057,0.00125,6.3,1000,0,1,1,150,3,1.0360956875637,8640,5760,1,FE 50-150mm F2 GM,ILCE-1M2,255,0,57
A1205746.ARW,A1205746,RAW,arw,2025-09-27T13:26:33Z,0,ARW,60715008,2025:09:27 13:26:33,057,0.00125,6.3,1000,0,1,1,150,3,1.0360956875637,8704,6144,1,FE 50-150mm F2 GM,ILCE-1M2,255,0,57
A1205748.JPG,A1205748,JPG,jpg,2025-09-27T13:26:34Z,0,JPEG,10646543,2025:09:27 13:26:34,062,0.00125,6.3,1000,0,1,1,150,3,1.0360956875637,8640,5760,1,FE 50-150mm F2 GM,ILCE-1M2,255,0,62
A1205748.ARW,A1205748,RAW,arw,2025-09-27T13:26:34Z,0,ARW,60305408,2025:09:27 13:26:34,062,0.00125,6.3,1000,0,1,1,150,3,1.0360956875637,8704,6144,1,FE 50-150mm F2 GM,ILCE-1M2,255,0,62
A1205745.JPG,A1205745,JPG,jpg,2025-09-27T13:26:36Z,0,JPEG,10659684,2025:09:27 13:26:32,422,0.00125,6.3,1000,0,1,1,150,3,1.0360956875637,8640,5760,1,FE 50-150mm F2 GM,ILCE-1M2,255,0,422
A1205745.ARW,A1205745,RAW,arw,2025-09-27T13:26:36Z,0,ARW,60792832,2025:09:27 13:26:32,422,0.00125,6.3,1000,0,1,1,150,3,1.0360956875637,8704,6144,1,FE 50-150mm F2 GM,ILCE-1M2,255,0,422
A1205752.JPG,A1205752,JPG,jpg,2025-09-27T13:26:36Z,0,JPEG,10568110,2025:09:27 13:26:36,062,0.00125,6.3,800,0,1,1,150,3,1.0360956875637,8640,5760,1,FE 50-150mm F2 GM,ILCE-1M2,255,0,62
A1205752.ARW,A1205752,RAW,arw,2025-09-27T13:26:36Z,0,ARW,59854848,2025:09:27 13:26:36,062,0.00125,6.3,800,0,1,1,150,3,1.0360956875637,8704,6144,1,FE 50-150mm F2 GM,ILCE-1M2,255,0,62
A1205749.JPG,A1205749,JPG,jpg,2025-09-27T13:26:37Z,0,JPEG,10590125,2025:09:27 13:26:34,362,0.00125,6.3,800,0,1,1,150,3,1.0360956875637,8640,5760,1,FE 50-150mm F2 GM,ILCE-1M2,255,0,362
A1205749.ARW,A1205749,RAW,arw,2025-09-27T13:26:37Z,0,ARW,60026880,2025:09:27 13:26:34,362,0.00125,6.3,800,0,1,1,150,3,1.0360956875637,8704,6144,1,FE 50-150mm F2 GM,ILCE-1M2,255,0,362
A1205747.JPG,A1205747,JPG,jpg,2025-09-27T13:26:37Z,0,JPEG,10696005,2025:09:27 13:26:33,487,0.00125,6.3,1000,0,1,1,150,3,1.0360956875637,8640,5760,1,FE 50-150mm F2 GM,ILCE-1M2,255,0,487
A1205747.ARW,A1205747,RAW,arw,2025-09-27T13:26:37Z,0,ARW,60743680,2025:09:27 13:26:33,487,0.00125,6.3,1000,0,1,1,150,3,1.0360956875637,8704,6144,1,FE 50-150mm F2 GM,ILCE-1M2,255,0,487
A1205742.JPG,A1205742,JPG,jpg,2025-09-27T13:26:38Z,0,JPEG,10585692,2025:09:27 13:26:30,878,0.00125,6.3,1000,0,1,1,150,3,1.0360956875637,8640,5760,1,FE 50-150mm F2 GM,ILCE-1M2,255,0,878
A1205742.ARW,A1205742,RAW,arw,2025-09-27T13:26:38Z,0,ARW,61329408,2025:09:27 13:26:30,878,0.00125,6.3,1000,0,1,1,150,3,1.0360956875637,8704,6144,1,FE 50-150mm F2 GM,ILCE-1M2,255,0,878
A1205756.JPG,A1205756,JPG,jpg,2025-09-27T13:26:38Z,0,JPEG,10395010,2025:09:27 13:26:37,188,0.00125,6.3,800,0,1,1,150,3,1.0360956875637,8640,5760,1,FE 50-150mm F2 GM,ILCE-1M2,255,0,188
A1205756.ARW,A1205756,RAW,arw,2025-09-27T13:26:38Z,0,ARW,59252736,2025:09:27 13:26:37,188,0.00125,6.3,800,0,1,1,150,3,1.0360956875637,8704,6144,1,FE 50-150mm F2 GM,ILCE-1M2,255,0,188
A1205753.JPG,A1205753,JPG,jpg,2025-09-27T13:26:39Z,0,JPEG,10567059,2025:09:27 13:26:36,306,0.00125,6.3,800,0,1,1,150,3,1.0360956875637,8640,5760,1,FE 50-150mm F2 GM,ILCE-1M2,255,0,306
A1205753.ARW,A1205753,RAW,arw,2025-09-27T13:26:39Z,0,ARW,59781120,2025:09:27 13:26:36,306,0.00125,6.3,800,0,1,1,150,3,1.0360956875637,8704,6144,1,FE 50-150mm F2 GM,ILCE-1M2,255,0,306
A1205751.JPG,A1205751,JPG,jpg,2025-09-27T13:26:40Z,0,JPEG,10640144,2025:09:27 13:26:35,577,0.00125,6.3,800,0,1,1,150,3,1.0360956875637,8640,5760,1,FE 50-150mm F2 GM,ILCE-1M2,255,0,577
A1205751.ARW,A1205751,RAW,arw,2025-09-27T13:26:40Z,0,ARW,60022784,2025:09:27 13:26:35,577,0.00125,6.3,800,0,1,1,150,3,1.0360956875637,8704,6144,1,FE 50-150mm F2 GM,ILCE-1M2,255,0,577
A1205758.JPG,A1205758,JPG,jpg,2025-09-27T13:26:41Z,0,JPEG,10465304,2025:09:27 13:26:38,323,0.00125,6.3,800,0,1,1,150,3,1.0360956875637,8640,5760,1,FE 50-150mm F2 GM,ILCE-1M2,255,0,323
A1205758.ARW,A1205758,RAW,arw,2025-09-27T13:26:41Z,0,ARW,59334656,2025:09:27 13:26:38,323,0.00125,6.3,800,0,1,1,150,3,1.0360956875637,8704,6144,1,FE 50-150mm F2 GM,ILCE-1M2,255,0,323
A1205757.JPG,A1205757,JPG,jpg,2025-09-27T13:26:41Z,0,JPEG,10437805,2025:09:27 13:26:37,457,0.00125,6.3,800,0,1,1,150,3,1.0360956875637,8640,5760,1,FE 50-150mm F2 GM,ILCE-1M2,255,0,457
A1205757.ARW,A1205757,RAW,arw,2025-09-27T13:26:41Z,0,ARW,59248640,2025:09:27 13:26:37,457,0.00125,6.3,800,0,1,1,150,3,1.0360956875637,8704,6144,1,FE 50-150mm F2 GM,ILCE-1M2,255,0,457
A1205754.JPG,A1205754,JPG,jpg,2025-09-27T13:26:41Z,0,JPEG,10472237,2025:09:27 13:26:36,575,0.00125,6.3,800,0,1,1,150,3,1.0360956875637,8640,5760,1,FE 50-150mm F2 GM,ILCE-1M2,255,0,575
A1205754.ARW,A1205754,RAW,arw,2025-09-27T13:26:41Z,0,ARW,59437056,2025:09:27 13:26:36,575,0.00125,6.3,800,0,1,1,150,3,1.0360956875637,8704,6144,1,FE 50-150mm F2 GM,ILCE-1M2,255,0,575
A1205750.JPG,A1205750,JPG,jpg,2025-09-27T13:26:43Z,0,JPEG,10598046,2025:09:27 13:26:34,920,0.00125,6.3,800,0,1,1,150,3,1.0360956875637,8640,5760,1,FE 50-150mm F2 GM,ILCE-1M2,255,0,920
A1205750.ARW,A1205750,RAW,arw,2025-09-27T13:26:43Z,0,ARW,59981824,2025:09:27 13:26:34,920,0.00125,6.3,800,0,1,1,150,3,1.0360956875637,8704,6144,1,FE 50-150mm F2 GM,ILCE-1M2,255,0,920
A1205755.JPG,A1205755,JPG,jpg,2025-09-27T13:26:44Z,0,JPEG,10378622,2025:09:27 13:26:36,896,0.00125,6.3,800,0,1,1,150,3,1.0360956875637,8640,5760,1,FE 50-150mm F2 GM,ILCE-1M2,255,0,896
A1205755.ARW,A1205755,RAW,arw,2025-09-27T13:26:44Z,0,ARW,59240448,2025:09:27 13:26:36,896,0.00125,6.3,800,0,1,1,150,3,1.0360956875637,8704,6144,1,FE 50-150mm F2 GM,ILCE-1M2,255,0,896
A1205759.JPG,A1205759,JPG,jpg,2025-09-27T13:26:45Z,0,JPEG,10539478,2025:09:27 13:26:38,745,0.00125,6.3,800,0,1,1,150,3,1.0360956875637,8640,5760,1,FE 50-150mm F2 GM,ILCE-1M2,255,0,745
A1205759.ARW,A1205759,RAW,arw,2025-09-27T13:26:45Z,0,ARW,59879424,2025:09:27 13:26:38,745,0.00125,6.3,800,0,1,1,150,3,1.0360956875637,8704,6144,1,FE 50-150mm F2 GM,ILCE-1M2,255,0,745
A1205760.JPG,A1205760,JPG,jpg,2025-09-27T13:26:45Z,0,JPEG,10320714,2025:09:27 13:26:42,399,0.00125,6.3,1250,0,1,1,150,3,1.11629419916955,8640,5760,1,FE 50-150mm F2 GM,ILCE-1M2,255,0,399
A1205760.ARW,A1205760,RAW,arw,2025-09-27T13:26:45Z,0,ARW,61059072,2025:09:27 13:26:42,399,0.00125,6.3,1250,0,1,1,150,3,1.11629419916955,8704,6144,1,FE 50-150mm F2 GM,ILCE-1M2,255,0,399
A1205762.JPG,A1205762,JPG,jpg,2025-09-27T13:26:47Z,0,JPEG,10039752,2025:09:27 13:26:44,306,0.00125,6.3,1600,0,1,1,150,3,1.07532649524476,8640,5760,1,FE 50-150mm F2 GM,ILCE-1M2,255,0,306
A1205762.ARW,A1205762,RAW,arw,2025-09-27T13:26:47Z,0,ARW,61878272,2025:09:27 13:26:44,306,0.00125,6.3,1600,0,1,1,150,3,1.07532649524476,8704,6144,1,FE 50-150mm F2 GM,ILCE-1M2,255,0,306
A1205764.JPG,A1205764,JPG,jpg,2025-09-27T13:26:48Z,0,JPEG,10112971,2025:09:27 13:26:45,302,0.00125,6.3,1600,0,1,1,150,3,1.07532649524476,8640,5760,1,FE 50-150mm F2 GM,ILCE-1M2,255,0,302
A1205764.ARW,A1205764,RAW,arw,2025-09-27T13:26:48Z,0,ARW,61980672,2025:09:27 13:26:45,302,0.00125,6.3,1600,0,1,1,150,3,1.07532649524476,8704,6144,1,FE 50-150mm F2 GM,ILCE-1M2,255,0,302
A1205761.JPG,A1205761,JPG,jpg,2025-09-27T13:26:49Z,0,JPEG,10333402,2025:09:27 13:26:42,782,0.00125,6.3,1000,0,1,1,150,3,1.11629419916955,8640,5760,1,FE 50-150mm F2 GM,ILCE-1M2,255,0,782
A1205761.ARW,A1205761,RAW,arw,2025-09-27T13:26:49Z,0,ARW,60776448,2025:09:27 13:26:42,782,0.00125,6.3,1000,0,1,1,150,3,1.11629419916955,8704,6144,1,FE 50-150mm F2 GM,ILCE-1M2,255,0,782
A1205766.JPG,A1205766,JPG,jpg,2025-09-27T13:26:51Z,0,JPEG,10062504,2025:09:27 13:26:46,503,0.00125,6.3,1600,0,1,1,150,3,1.07532649524476,8640,5760,1,FE 50-150mm F2 GM,ILCE-1M2,255,0,503
A1205766.ARW,A1205766,RAW,arw,2025-09-27T13:26:51Z,0,ARW,62611456,2025:09:27 13:26:46,503,0.00125,6.3,1600,0,1,1,150,3,1.07532649524476,8704,6144,1,FE 50-150mm F2 GM,ILCE-1M2,255,0,503
A1205763.JPG,A1205763,JPG,jpg,2025-09-27T13:26:52Z,0,JPEG,10041454,2025:09:27 13:26:44,822,0.00125,6.3,1600,0,1,1,150,3,1.07532649524476,8640,5760,1,FE 50-150mm F2 GM,ILCE-1M2,255,0,822
A1205763.ARW,A1205763,RAW,arw,2025-09-27T13:26:52Z,0,ARW,62013440,2025:09:27 13:26:44,822,0.00125,6.3,1600,0,1,1,150,3,1.07532649524476,8704,6144,1,FE 50-150mm F2 GM,ILCE-1M2,255,0,822
A1205765.JPG,A1205765,JPG,jpg,2025-09-27T13:26:52Z,0,JPEG,10061410,2025:09:27 13:26:45,782,0.00125,6.3,1600,0,1,1,150,3,1.07532649524476,8640,5760,1,FE 50-150mm F2 GM,ILCE-1M2,255,0,782
A1205765.ARW,A1205765,RAW,arw,2025-09-27T13:26:52Z,0,ARW,62197760,2025:09:27 13:26:45,782,0.00125,6.3,1600,0,1,1,150,3,1.07532649524476,8704,6144,1,FE 50-150mm F2 GM,ILCE-1M2,255,0,782
A1205767.JPG,A1205767,JPG,jpg,2025-09-27T13:26:54Z,0,JPEG,10214676,2025:09:27 13:26:46,866,0.00125,6.3,1600,0,1,1,150,3,1.07532649524476,8640,5760,1,FE 50-150mm F2 GM,ILCE-1M2,255,0,866
A1205767.ARW,A1205767,RAW,arw,2025-09-27T13:26:54Z,0,ARW,62996480,2025:09:27 13:26:46,866,0.00125,6.3,1600,0,1,1,150,3,1.07532649524476,8704,6144,1,FE 50-150mm F2 GM,ILCE-1M2,255,0,866
A1205768.JPG,A1205768,JPG,jpg,2025-09-27T13:28:00Z,0,JPEG,14217763,2025:09:27 13:28:00,079,0.00125,6.3,320,0,1,1,150,3,1.57704853800327,8640,5760,1,FE 50-150mm F2 GM,ILCE-1M2,255,0,79
A1205768.ARW,A1205768,RAW,arw,2025-09-27T13:28:00Z,0,ARW,63881216,2025:09:27 13:28:00,079,0.00125,6.3,320,0,1,1,150,3,1.57704853800327,8704,6144,1,FE 50-150mm F2 GM,ILCE-1M2,255,0,79
A1205769.JPG,A1205769,JPG,jpg,2025-09-27T13:28:09Z,0,JPEG,14493563,2025:09:27 13:28:00,966,0.00125,6.3,320,0,1,1,150,3,1.57704853800327,8640,5760,1,FE 50-150mm F2 GM,ILCE-1M2,223,0,966
A1205769.ARW,A1205769,RAW,arw,2025-09-27T13:28:09Z,0,ARW,64040960,2025:09:27 13:28:00,966,0.00125,6.3,320,0,1,1,150,3,1.57704853800327,8704,6144,1,FE 50-150mm F2 GM,ILCE-1M2,223,0,966
A1205770.JPG,A1205770,JPG,jpg,2025-09-27T13:29:30Z,0,JPEG,15987608,2025:09:27 13:29:23,739,0.00125,6.3,1250,0,1,1,150,3,45.8155532161045,8640,5760,1,FE 50-150mm F2 GM,ILCE-1M2,223,0,739
A1205770.ARW,A1205770,RAW,arw,2025-09-27T13:29:30Z,0,ARW,69398528,2025:09:27 13:29:23,739,0.00125,6.3,1250,0,1,1,150,3,45.8155532161045,8704,6144,1,FE 50-150mm F2 GM,ILCE-1M2,223,0,739
A1205772.JPG,A1205772,JPG,jpg,2025-09-27T13:29:30Z,0,JPEG,24835243,2025:09:27 13:29:27,376,0.00125,6.3,800,0,1,1,67,3,55.3132603471872,8640,5760,1,FE 50-150mm F2 GM,ILCE-1M2,255,0,376
A1205772.ARW,A1205772,RAW,arw,2025-09-27T13:29:30Z,0,ARW,80994304,2025:09:27 13:29:27,376,0.00125,6.3,800,0,1,1,67,3,55.3132603471872,8704,6144,1,FE 50-150mm F2 GM,ILCE-1M2,255,0,376
A1205771.JPG,A1205771,JPG,jpg,2025-09-27T13:29:34Z,0,JPEG,25052273,2025:09:27 13:29:25,992,0.00125,6.3,800,0,1,1,72,3,49.9952764822816,8640,5760,1,FE 50-150mm F2 GM,ILCE-1M2,223,0,992
A1205771.ARW,A1205771,RAW,arw,2025-09-27T13:29:34Z,0,ARW,81756160,2025:09:27 13:29:25,992,0.00125,6.3,800,0,1,1,72,3,49.9952764822816,8704,6144,1,FE 50-150mm F2 GM,ILCE-1M2,223,0,992
A1205773.JPG,A1205773,JPG,jpg,2025-09-27T13:30:14Z,0,JPEG,20898917,2025:09:27 13:30:06,826,0.00125,6.3,200,0,1,1,50,3,18.1519335983756,8640,5760,8,FE 50-150mm F2 GM,ILCE-1M2,255,0,826
A1205773.ARW,A1205773,RAW,arw,2025-09-27T13:30:14Z,0,ARW,65626112,2025:09:27 13:30:06,826,0.00125,6.3,200,0,1,1,50,3,18.1519335983756,8704,6144,8,FE 50-150mm F2 GM,ILCE-1M2,255,0,826
A1205774.JPG,A1205774,JPG,jpg,2025-09-27T13:30:14Z,0,JPEG,17954876,2025:09:27 13:30:08,642,0.00125,6.3,160,0,1,1,50,3,23.5253035060396,8640,5760,8,FE 50-150mm F2 GM,ILCE-1M2,223,0,642
A1205774.ARW,A1205774,RAW,arw,2025-09-27T13:30:14Z,0,ARW,62717952,2025:09:27 13:30:08,642,0.00125,6.3,160,0,1,1,50,3,23.5253035060396,8704,6144,8,FE 50-150mm F2 GM,ILCE-1M2,223,0,642
A1205775.JPG,A1205775,JPG,jpg,2025-09-27T13:31:02Z,0,JPEG,11985568,2025:09:27 13:31:01,146,0.00125,6.3,1600,0,1,1,91,3,1.03509919578594,8640,5760,1,FE 50-150mm F2 GM,ILCE-1M2,223,0,146
A1205775.ARW,A1205775,RAW,arw,2025-09-27T13:31:02Z,0,ARW,67457024,2025:09:27 13:31:01,146,0.00125,6.3,1600,0,1,1,91,3,1.03509919578594,8704,6144,1,FE 50-150mm F2 GM,ILCE-1M2,223,0,146
A1205776.JPG,A1205776,JPG,jpg,2025-09-27T13:31:07Z,0,JPEG,11934984,2025:09:27 13:31:01,676,0.00125,6.3,1600,0,1,1,91,3,1.03509919578594,8640,5760,1,FE 50-150mm F2 GM,ILCE-1M2,223,0,676
A1205776.ARW,A1205776,RAW,arw,2025-09-27T13:31:07Z,0,ARW,67350528,2025:09:27 13:31:01,676,0.00125,6.3,1600,0,1,1,91,3,1.03509919578594,8704,6144,1,FE 50-150mm F2 GM,ILCE-1M2,223,0,676
A1205777.JPG,A1205777,JPG,jpg,2025-09-27T13:31:37Z,0,JPEG,9897607,2025:09:27 13:31:37,061,0.00125,6.3,800,0,1,1,91,3,1.36955157275176,8640,5760,1,FE 50-150mm F2 GM,ILCE-1M2,255,0,61
A1205777.ARW,A1205777,RAW,arw,2025-09-27T13:31:37Z,0,ARW,59777024,2025:09:27 13:31:37,061,0.00125,6.3,800,0,1,1,91,3,1.36955157275176,8704,6144,1,FE 50-150mm F2 GM,ILCE-1M2,255,0,61
A1205779.JPG,A1205779,JPG,jpg,2025-09-27T13:31:58Z,0,JPEG,16130802,2025:09:27 13:31:58,002,0.00125,6.3,500,0,1,1,150,3,2.25750259244796,8640,5760,1,FE 50-150mm F2 GM,ILCE-1M2,255,0,2
A1205779.ARW,A1205779,RAW,arw,2025-09-27T13:31:58Z,0,ARW,64397312,2025:09:27 13:31:58,002,0.00125,6.3,500,0,1,1,150,3,2.25750259244796,8704,6144,1,FE 50-150mm F2 GM,ILCE-1M2,255,0,2
A1205778.JPG,A1205778,JPG,jpg,2025-09-27T13:32:00Z,0,JPEG,9953236,2025:09:27 13:31:53,736,0.00125,6.3,400,0,1,1,91,3,1.61146262721431,8640,5760,1,FE 50-150mm F2 GM,ILCE-1M2,255,0,736
A1205778.ARW,A1205778,RAW,arw,2025-09-27T13:32:00Z,0,ARW,58626048,2025:09:27 13:31:53,736,0.00125,6.3,400,0,1,1,91,3,1.61146262721431,8704,6144,1,FE 50-150mm F2 GM,ILCE-1M2,255,0,736
A1205780.JPG,A1205780,JPG,jpg,2025-09-27T13:32:05Z,0,JPEG,13260124,2025:09:27 13:31:59,607,0.00125,6.3,640,0,1,1,150,3,2.08258839833911,8640,5760,1,FE 50-150mm F2 GM,ILCE-1M2,255,0,607
A1205780.ARW,A1205780,RAW,arw,2025-09-27T13:32:05Z,0,ARW,61562880,2025:09:27 13:31:59,607,0.00125,6.3,640,0,1,1,150,3,2.08258839833911,8704,6144,1,FE 50-150mm F2 GM,ILCE-1M2,255,0,607
A1205781.JPG,A1205781,JPG,jpg,2025-09-27T13:32:08Z,0,JPEG,11431715,2025:09:27 13:32:06,239,0.00125,6.3,1250,0,1,1,50,3,0.922406186132206,8640,5760,1,FE 50-150mm F2 GM,ILCE-1M2,255,0,239
A1205781.ARW,A1205781,RAW,arw,2025-09-27T13:32:08Z,0,ARW,65757184,2025:09:27 13:32:06,239,0.00125,6.3,1250,0,1,1,50,3,0.922406186132206,8704,6144,1,FE 50-150mm F2 GM,ILCE-1M2,255,0,239
A1205782.JPG,A1205782,JPG,jpg,2025-09-27T13:32:15Z,0,JPEG,12239790,2025:09:27 13:32:10,526,0.00125,6.3,500,0,1,1,50,3,1.3383922655594,8640,5760,1,FE 50-150mm F2 GM,ILCE-1M2,255,0,526
A1205782.ARW,A1205782,RAW,arw,2025-09-27T13:32:15Z,0,ARW,61943808,2025:09:27 13:32:10,526,0.00125,6.3,500,0,1,1,50,3,1.3383922655594,8704,6144,1,FE 50-150mm F2 GM,ILCE-1M2,255,0,526
A1205783.JPG,A1205783,JPG,jpg,2025-09-27T13:32:30Z,0,JPEG,24357905,2025:09:27 13:32:30,035,0.00125,6.3,2000,0,1,1,50,3,5.20356906223761,8640,5760,8,FE 50-150mm F2 GM,ILCE-1M2,255,0,35
A1205783.ARW,A1205783,RAW,arw,2025-09-27T13:32:30Z,0,ARW,80154624,2025:09:27 13:32:30,035,0.00125,6.3,2000,0,1,1,50,3,5.20356906223761,8704,6144,8,FE 50-150mm F2 GM,ILCE-1M2,255,0,35
A1205784.JPG,A1205784,JPG,jpg,2025-09-27T13:32:49Z,0,JPEG,11060676,2025:09:27 13:32:44,598,0.00125,6.3,800,0,1,1,90,3,1.46894872420595,8640,5760,1,FE 50-150mm F2 GM,ILCE-1M2,255,0,598
A1205784.ARW,A1205784,RAW,arw,2025-09-27T13:32:49Z,0,ARW,61571072,2025:09:27 13:32:44,598,0.00125,6.3,800,0,1,1,90,3,1.46894872420595,8704,6144,1,FE 50-150mm F2 GM,ILCE-1M2,255,0,598
A1205785.JPG,A1205785,JPG,jpg,2025-09-27T13:32:59Z,0,JPEG,11769214,2025:09:27 13:32:50,985,0.00125,6.3,800,0,1,1,90,3,1.53,8640,5760,1,FE 50-150mm F2 GM,ILCE-1M2,255,0,985
A1205785.ARW,A1205785,RAW,arw,2025-09-27T13:32:59Z,0,ARW,63102976,2025:09:27 13:32:50,985,0.00125,6.3,800,0,1,1,90,3,1.53,8704,6144,1,FE 50-150mm F2 GM,ILCE-1M2,255,0,985
A1205786.JPG,A1205786,JPG,jpg,2025-09-27T13:33:16Z,0,JPEG,9387425,2025:09:27 13:33:10,608,0.00125,6.3,400,0,1,1,150,3,1.45860927919831,8640,5760,1,FE 50-150mm F2 GM,ILCE-1M2,255,0,608
A1205786.ARW,A1205786,RAW,arw,2025-09-27T13:33:16Z,0,ARW,58535936,2025:09:27 13:33:10,608,0.00125,6.3,400,0,1,1,150,3,1.45860927919831,8704,6144,1,FE 50-150mm F2 GM,ILCE-1M2,255,0,608
A1205787.JPG,A1205787,JPG,jpg,2025-09-27T13:33:18Z,0,JPEG,10216398,2025:09:27 13:33:11,709,0.00125,6.3,320,0,1,1,150,3,1.51654636170803,8640,5760,1,FE 50-150mm F2 GM,ILCE-1M2,255,0,709
A1205787.ARW,A1205787,RAW,arw,2025-09-27T13:33:18Z,0,ARW,58576896,2025:09:27 13:33:11,709,0.00125,6.3,320,0,1,1,150,3,1.51654636170803,8704,6144,1,FE 50-150mm F2 GM,ILCE-1M2,255,0,709
A1205788.JPG,A1205788,JPG,jpg,2025-09-27T13:34:30Z,0,JPEG,11536572,2025:09:27 13:34:26,455,0.00125,6.3,1000,0,1,1,150,3,1.25040485184561,8640,5760,1,FE 50-150mm F2 GM,ILCE-1M2,223,0,455
A1205788.ARW,A1205788,RAW,arw,2025-09-27T13:34:30Z,0,ARW,64602112,2025:09:27 13:34:26,455,0.00125,6.3,1000,0,1,1,150,3,1.25040485184561,8704,6144,1,FE 50-150mm F2 GM,ILCE-1M2,223,0,455
A1205789.JPG,A1205789,JPG,jpg,2025-09-27T13:34:34Z,0,JPEG,12023445,2025:09:27 13:34:27,798,0.00125,6.3,1000,0,1,1,150,3,1.25040485184561,8640,5760,1,FE 50-150mm F2 GM,ILCE-1M2,255,0,798
A1205789.ARW,A1205789,RAW,arw,2025-09-27T13:34:34Z,0,ARW,64888832,2025:09:27 13:34:27,798,0.00125,6.3,1000,0,1,1,150,3,1.25040485184561,8704,6144,1,FE 50-150mm F2 GM,ILCE-1M2,255,0,798
A1205790.JPG,A1205790,JPG,jpg,2025-09-27T13:35:05Z,0,JPEG,11189746,2025:09:27 13:35:04,106,0.00125,6.3,250,0,1,1,150,3,1.45860927919831,8640,5760,1,FE 50-150mm F2 GM,ILCE-1M2,223,0,106
A1205790.ARW,A1205790,RAW,arw,2025-09-27T13:35:05Z,0,ARW,58494976,2025:09:27 13:35:04,106,0.00125,6.3,250,0,1,1,150,3,1.45860927919831,8704,6144,1,FE 50-150mm F2 GM,ILCE-1M2,223,0,106
A1205791.JPG,A1205791,JPG,jpg,2025-09-27T13:35:22Z,0,JPEG,12351445,2025:09:27 13:35:21,148,0.00125,6.3,500,0,1,1,150,3,2.88309272341606,8640,5760,1,FE 50-150mm F2 GM,ILCE-1M2,223,0,148
A1205791.ARW,A1205791,RAW,arw,2025-09-27T13:35:22Z,0,ARW,64921600,2025:09:27 13:35:21,148,0.00125,6.3,500,0,1,1,150,3,2.88309272341606,8704,6144,1,FE 50-150mm F2 GM,ILCE-1M2,223,0,148
A1205792.JPG,A1205792,JPG,jpg,2025-09-27T13:35:32Z,0,JPEG,13733325,2025:09:27 13:35:23,956,0.00125,6.3,320,0,1,1,150,3,3.00409707600653,8640,5760,1,FE 50-150mm F2 GM,ILCE-1M2,223,0,956
A1205792.ARW,A1205792,RAW,arw,2025-09-27T13:35:32Z,0,ARW,62799872,2025:09:27 13:35:23,956,0.00125,6.3,320,0,1,1,150,3,3.00409707600653,8704,6144,1,FE 50-150mm F2 GM,ILCE-1M2,223,0,956
A1205794.JPG,A1205794,JPG,jpg,2025-09-27T13:35:40Z,0,JPEG,13407818,2025:09:27 13:35:37,347,0.00125,6.3,320,0,1,1,80,3,2.64,8640,5760,1,FE 50-150mm F2 GM,ILCE-1M2,223,0,347
A1205794.ARW,A1205794,RAW,arw,2025-09-27T13:35:40Z,0,ARW,63361024,2025:09:27 13:35:37,347,0.00125,6.3,320,0,1,1,80,3,2.64,8704,6144,1,FE 50-150mm F2 GM,ILCE-1M2,223,0,347
A1205793.JPG,A1205793,JPG,jpg,2025-09-27T13:35:43Z,0,JPEG,13464062,2025:09:27 13:35:35,849,0.00125,6.3,320,0,1,1,81,3,2.78775764405186,8640,5760,1,FE 50-150mm F2 GM,ILCE-1M2,223,0,849
A1205793.ARW,A1205793,RAW,arw,2025-09-27T13:35:43Z,0,ARW,63586304,2025:09:27 13:35:35,849,0.00125,6.3,320,0,1,1,81,3,2.78775764405186,8704,6144,1,FE 50-150mm F2 GM,ILCE-1M2,223,0,849
A1205796.JPG,A1205796,JPG,jpg,2025-09-27T13:36:35Z,0,JPEG,13695575,2025:09:27 13:36:30,584,0.00125,6.3,1250,0,1,1,150,3,32.4404223457426,8640,5760,1,FE 50-150mm F2 GM,ILCE-1M2,223,0,584
A1205796.ARW,A1205796,RAW,arw,2025-09-27T13:36:35Z,0,ARW,65744896,2025:09:27 13:36:30,584,0.00125,6.3,1250,0,1,1,150,3,32.4404223457426,8704,6144,1,FE 50-150mm F2 GM,ILCE-1M2,223,0,584
A1205795.JPG,A1205795,JPG,jpg,2025-09-27T13:36:38Z,0,JPEG,14013516,2025:09:27 13:36:29,917,0.00125,6.3,1250,0,1,1,150,3,33.8700414791673,8640,5760,1,FE 50-150mm F2 GM,ILCE-1M2,223,0,917
A1205795.ARW,A1205795,RAW,arw,2025-09-27T13:36:38Z,0,ARW,66093056,2025:09:27 13:36:29,917,0.00125,6.3,1250,0,1,1,150,3,33.8700414791673,8704,6144,1,FE 50-150mm F2 GM,ILCE-1M2,223,0,917
A1205798.JPG,A1205798,JPG,jpg,2025-09-27T13:36:43Z,0,JPEG,25605638,2025:09:27 13:36:41,243,0.00125,6.3,1600,0,1,1,50,3,53.5168176602836,8640,5760,8,FE 50-150mm F2 GM,ILCE-1M2,223,0,243
A1205798.ARW,A1205798,RAW,arw,2025-09-27T13:36:43Z,0,ARW,80277504,2025:09:27 13:36:41,243,0.00125,6.3,1600,0,1,1,50,3,53.5168176602836,8704,6144,8,FE 50-150mm F2 GM,ILCE-1M2,223,0,243
A1205797.JPG,A1205797,JPG,jpg,2025-09-27T13:36:43Z,0,JPEG,24644836,2025:09:27 13:36:37,644,0.00125,6.3,1000,0,1,1,50,3,47.0006070120792,8640,5760,1,FE 50-150mm F2 GM,ILCE-1M2,223,0,644
A1205797.ARW,A1205797,RAW,arw,2025-09-27T13:36:43Z,0,ARW,78327808,2025:09:27 13:36:37,644,0.00125,6.3,1000,0,1,1,50,3,47.0006070120792,8704,6144,1,FE 50-150mm F2 GM,ILCE-1M2,223,0,644
A1205799.JPG,A1205799,JPG,jpg,2025-09-27T13:36:47Z,0,JPEG,24587799,2025:09:27 13:36:41,664,0.00125,6.3,1600,0,1,1,50,3,55.8839959124612,8640,5760,8,FE 50-150mm F2 GM,ILCE-1M2,223,0,664
A1205799.ARW,A1205799,RAW,arw,2025-09-27T13:36:47Z,0,ARW,79204352,2025:09:27 13:36:41,664,0.00125,6.3,1600,0,1,1,50,3,55.8839959124612,8704,6144,8,FE 50-150mm F2 GM,ILCE-1M2,223,0,664
A1205800.JPG,A1205800,JPG,jpg,2025-09-27T13:38:18Z,0,JPEG,13067401,2025:09:27 13:38:14,428,0.00125,6.3,1000,0,1,1,130,3,7.75947363946286,8640,5760,1,FE 50-150mm F2 GM,ILCE-1M2,223,0,428
A1205800.ARW,A1205800,RAW,arw,2025-09-27T13:38:18Z,0,ARW,65433600,2025:09:27 13:38:14,428,0.00125,6.3,1000,0,1,1,130,3,7.75947363946286,8704,6144,1,FE 50-150mm F2 GM,ILCE-1M2,223,0,428
A1205801.JPG,A1205801,JPG,jpg,2025-09-27T13:38:22Z,0,JPEG,13072832,2025:09:27 13:38:14,803,0.00125,6.3,1000,0,1,1,130,3,8.09725929541213,8640,5760,1,FE 50-150mm F2 GM,ILCE-1M2,223,0,803
A1205801.ARW,A1205801,RAW,arw,2025-09-27T13:38:22Z,0,ARW,65400832,2025:09:27 13:38:14,803,0.00125,6.3,1000,0,1,1,130,3,8.09725929541213,8704,6144,1,FE 50-150mm F2 GM,ILCE-1M2,223,0,803
A1205802.JPG,A1205802,JPG,jpg,2025-09-27T13:39:39Z,0,JPEG,11270375,2025:09:27 13:39:38,163,0.00125,6.3,1000,0,1,1,129,3,1.161,8640,5760,1,FE 50-150mm F2 GM,ILCE-1M2,255,0,163
A1205802.ARW,A1205802,RAW,arw,2025-09-27T13:39:39Z,0,ARW,63897600,2025:09:27 13:39:38,163,0.00125,6.3,1000,0,1,1,129,3,1.161,8704,6144,1,FE 50-150mm F2 GM,ILCE-1M2,255,0,163
A1205803.JPG,A1205803,JPG,jpg,2025-09-27T13:40:23Z,0,JPEG,19634765,2025:09:27 13:40:20,314,0.00125,6.3,3200,0,1,1,130,3,47.1950273557766,8640,5760,1,FE 50-150mm F2 GM,ILCE-1M2,255,0,314
A1205803.ARW,A1205803,RAW,arw,2025-09-27T13:40:23Z,0,ARW,73199616,2025:09:27 13:40:20,314,0.00125,6.3,3200,0,1,1,130,3,47.1950273557766,8704,6144,1,FE 50-150mm F2 GM,ILCE-1M2,255,0,314
A1205805.JPG,A1205805,JPG,jpg,2025-09-27T13:40:25Z,0,JPEG,25104685,2025:09:27 13:40:25,093,0.00125,6.3,2500,0,1,1,50,3,26.7834088301418,8640,5760,1,FE 50-150mm F2 GM,ILCE-1M2,255,0,93
A1205805.ARW,A1205805,RAW,arw,2025-09-27T13:40:25Z,0,ARW,82739200,2025:09:27 13:40:25,093,0.00125,6.3,2500,0,1,1,50,3,26.7834088301418,8704,6144,1,FE 50-150mm F2 GM,ILCE-1M2,255,0,93
A1205804.JPG,A1205804,JPG,jpg,2025-09-27T13:40:29Z,0,JPEG,19499948,2025:09:27 13:40:20,949,0.00125,6.3,2500,0,1,1,130,3,47.1950273557766,8640,5760,1,FE 50-150mm F2 GM,ILCE-1M2,255,0,949
A1205804.ARW,A1205804,RAW,arw,2025-09-27T13:40:29Z,0,ARW,72933376,2025:09:27 13:40:20,949,0.00125,6.3,2500,0,1,1,130,3,47.1950273557766,8704,6144,1,FE 50-150mm F2 GM,ILCE-1M2,255,0,949
A1205806.JPG,A1205806,JPG,jpg,2025-09-27T13:40:43Z,0,JPEG,24700499,2025:09:27 13:40:37,654,0.00125,6.3,640,0,1,1,50,3,60.9374042881393,8640,5760,1,FE 50-150mm F2 GM,ILCE-1M2,255,0,654
A1205806.ARW,A1205806,RAW,arw,2025-09-27T13:40:43Z,0,ARW,73867264,2025:09:27 13:40:37,654,0.00125,6.3,640,0,1,1,50,3,60.9374042881393,8704,6144,1,FE 50-150mm F2 GM,ILCE-1M2,255,0,654
A1205807.JPG,A1205807,JPG,jpg,2025-09-27T13:41:46Z,0,JPEG,26316403,2025:09:27 13:41:45,118,0.00125,6.3,640,0,1,1,50,3,26.7834088301418,8640,5760,1,FE 50-150mm F2 GM,ILCE-1M2,255,0,118
A1205807.ARW,A1205807,RAW,arw,2025-09-27T13:41:46Z,0,ARW,78602240,2025:09:27 13:41:45,118,0.00125,6.3,640,0,1,1,50,3,26.7834088301418,8704,6144,1,FE 50-150mm F2 GM,ILCE-1M2,255,0,118
A1205808.JPG,A1205808,JPG,jpg,2025-09-27T13:41:46Z,0,JPEG,26740667,2025:09:27 13:41:46,033,0.00125,6.3,640,0,1,1,50,3,34.7189420015845,8640,5760,1,FE 50-150mm F2 GM,ILCE-1M2,255,0,33
A1205808.ARW,A1205808,RAW,arw,2025-09-27T13:41:46Z,0,ARW,77455360,2025:09:27 13:41:46,033,0.00125,6.3,640,0,1,1,50,3,34.7189420015845,8704,6144,1,FE 50-150mm F2 GM,ILCE-1M2,255,0,33
A1205809.JPG,A1205809,JPG,jpg,2025-09-27T13:46:20Z,0,JPEG,22042323,2025:09:27 13:46:18,228,0.00125,6.3,250,-2.3,1,1,50,3,33.2490925990658,8640,5760,8,FE 50-150mm F2 GM,ILCE-1M2,223,0,228
A1205809.ARW,A1205809,RAW,arw,2025-09-27T13:46:20Z,0,ARW,69455872,2025:09:27 13:46:18,228,0.00125,6.3,250,-2.3,1,1,50,3,33.2490925990658,8704,6144,8,FE 50-150mm F2 GM,ILCE-1M2,223,0,228
A1205811.JPG,A1205811,JPG,jpg,2025-09-27T13:46:20Z,0,JPEG,21931165,2025:09:27 13:46:19,141,0.00125,6.3,250,-2.3,1,1,50,3,34.7189420015845,8640,5760,8,FE 50-150mm F2 GM,ILCE-1M2,223,0,141
A1205811.ARW,A1205811,RAW,arw,2025-09-27T13:46:20Z,0,ARW,69165056,2025:09:27 13:46:19,141,0.00125,6.3,250,-2.3,1,1,50,3,34.7189420015845,8704,6144,8,FE 50-150mm F2 GM,ILCE-1M2,223,0,141
A1205810.JPG,A1205810,JPG,jpg,2025-09-27T13:46:24Z,0,JPEG,22213616,2025:09:27 13:46:18,626,0.00125,6.3,250,-2.3,1,1,50,3,30.4937021440697,8640,5760,8,FE 50-150mm F2 GM,ILCE-1M2,223,0,626
A1205810.ARW,A1205810,RAW,arw,2025-09-27T13:46:24Z,0,ARW,69545984,2025:09:27 13:46:18,626,0.00125,6.3,250,-2.3,1,1,50,3,30.4937021440697,8704,6144,8,FE 50-150mm F2 GM,ILCE-1M2,223,0,626
A1205812.JPG,A1205812,JPG,jpg,2025-09-27T13:46:25Z,0,JPEG,22064124,2025:09:27 13:46:19,608,0.00125,6.3,250,-2.3,1,1,50,3,34.7189420015845,8640,5760,8,FE 50-150mm F2 GM,ILCE-1M2,223,0,608
A1205812.ARW,A1205812,RAW,arw,2025-09-27T13:46:25Z,0,ARW,69296128,2025:09:27 13:46:19,608,0.00125,6.3,250,-2.3,1,1,50,3,34.7189420015845,8704,6144,8,FE 50-150mm F2 GM,ILCE-1M2,223,0,608
A1205813.JPG,A1205813,JPG,jpg,2025-09-27T13:46:28Z,0,JPEG,22395891,2025:09:27 13:46:19,911,0.00125,6.3,250,-2.3,1,1,50,3,29.2029890497713,8640,5760,8,FE 50-150mm F2 GM,ILCE-1M2,223,0,911
A1205813.ARW,A1205813,RAW,arw,2025-09-27T13:46:28Z,0,ARW,69500928,2025:09:27 13:46:19,911,0.00125,6.3,250,-2.3,1,1,50,3,29.2029890497713,8704,6144,8,FE 50-150mm F2 GM,ILCE-1M2,223,0,911
A1205814.JPG,A1205814,JPG,jpg,2025-09-27T13:48:19Z,0,JPEG,14346198,2025:09:27 13:48:16,356,0.00125,6.3,100,-2.3,1,1,50,3,4.19988657488323,8640,5760,1,FE 50-150mm F2 GM,ILCE-1M2,223,0,356
A1205814.ARW,A1205814,RAW,arw,2025-09-27T13:48:19Z,0,ARW,61079552,2025:09:27 13:48:16,356,0.00125,6.3,100,-2.3,1,1,50,3,4.19988657488323,8704,6144,1,FE 50-150mm F2 GM,ILCE-1M2,223,0,356
A1205815.JPG,A1205815,JPG,jpg,2025-09-27T13:48:24Z,0,JPEG,14243328,2025:09:27 13:48:17,749,0.00125,6.3,100,-2.3,1,1,50,3,3.85546276800871,8640,5760,1,FE 50-150mm F2 GM,ILCE-1M2,223,0,749
A1205815.ARW,A1205815,RAW,arw,2025-09-27T13:48:24Z,0,ARW,61001728,2025:09:27 13:48:17,749,0.00125,6.3,100,-2.3,1,1,50,3,3.85546276800871,8704,6144,1,FE 50-150mm F2 GM,ILCE-1M2,223,0,749
A1205816.JPG,A1205816,JPG,jpg,2025-09-27T13:48:51Z,0,JPEG,25523459,2025:09:27 13:48:51,021,0.00125,6.3,1600,0,1,1,50,3,12.85,8640,5760,1,FE 50-150mm F2 GM,ILCE-1M2,255,0,21
A1205816.ARW,A1205816,RAW,arw,2025-09-27T13:48:51Z,0,ARW,79122432,2025:09:27 13:48:51,021,0.00125,6.3,1600,0,1,1,50,3,12.85,8704,6144,1,FE 50-150mm F2 GM,ILCE-1M2,255,0,21
A1205817.JPG,A1205817,JPG,jpg,2025-09-27T13:49:01Z,0,JPEG,25544055,2025:09:27 13:48:57,415,0.00125,6.3,1250,0,1,1,50,3,30.4937021440697,8640,5760,1,FE 50-150mm F2 GM,ILCE-1M2,255,0,415
A1205817.ARW,A1205817,RAW,arw,2025-09-27T13:49:01Z,0,ARW,78258176,2025:09:27 13:48:57,415,0.00125,6.3,1250,0,1,1,50,3,30.4937021440697,8704,6144,1,FE 50-150mm F2 GM,ILCE-1M2,255,0,415
A1205818.JPG,A1205818,JPG,jpg,2025-09-27T13:49:08Z,0,JPEG,19916346,2025:09:27 13:49:04,473,0.00125,6.3,640,-1,1,1,50,3,22.5300276527782,8640,5760,8,FE 50-150mm F2 GM,ILCE-1M2,255,0,473
A1205818.ARW,A1205818,RAW,arw,2025-09-27T13:49:08Z,0,ARW,67624960,2025:09:27 13:49:04,473,0.00125,6.3,640,-1,1,1,50,3,22.5300276527782,8704,6144,8,FE 50-150mm F2 GM,ILCE-1M2,255,0,473
A1205819.JPG,A1205819,JPG,jpg,2025-09-27T13:49:16Z,0,JPEG,18545800,2025:09:27 13:49:11,514,0.00125,6.3,1000,-1,1,1,50,3,4.98507464130541,8640,5760,1,FE 50-150mm F2 GM,ILCE-1M2,255,0,514
A1205819.ARW,A1205819,RAW,arw,2025-09-27T13:49:16Z,0,ARW,69165056,2025:09:27 13:49:11,514,0.00125,6.3,1000,-1,1,1,50,3,4.98507464130541,8704,6144,1,FE 50-150mm F2 GM,ILCE-1M2,255,0,514
A1205821.JPG,A1205821,JPG,jpg,2025-09-27T13:51:01Z,0,JPEG,19445110,2025:09:27 13:50:59,269,0.00125,6.3,250,-1,1,1,67,3,50.7280441103086,8640,5760,1,FE 50-150mm F2 GM,ILCE-1M2,255,0,269
A1205821.ARW,A1205821,RAW,arw,2025-09-27T13:51:01Z,0,ARW,65105920,2025:09:27 13:50:59,269,0.00125,6.3,250,-1,1,1,67,3,50.7280441103086,8704,6144,1,FE 50-150mm F2 GM,ILCE-1M2,255,0,269
A1205820.JPG,A1205820,JPG,jpg,2025-09-27T13:51:02Z,0,JPEG,18855574,2025:09:27 13:50:57,505,0.00125,6.3,250,-1,1,1,109,3,79.0334304889177,8640,5760,1,FE 50-150mm F2 GM,ILCE-1M2,255,0,505
A1205820.ARW,A1205820,RAW,arw,2025-09-27T13:51:02Z,0,ARW,64528384,2025:09:27 13:50:57,505,0.00125,6.3,250,-1,1,1,109,3,79.0334304889177,8704,6144,1,FE 50-150mm F2 GM,ILCE-1M2,255,0,505
A1205822.JPG,A1205822,JPG,jpg,2025-09-27T13:51:37Z,0,JPEG,17153158,2025:09:27 13:51:28,929,0.00125,6.3,1600,-1,1,1,67,3,1.7934456358496,8640,5760,1,FE 50-150mm F2 GM,ILCE-1M2,255,0,929
A1205822.ARW,A1205822,RAW,arw,2025-09-27T13:51:37Z,0,ARW,67633152,2025:09:27 13:51:28,929,0.00125,6.3,1600,-1,1,1,67,3,1.7934456358496,8704,6144,1,FE 50-150mm F2 GM,ILCE-1M2,255,0,929
A1205825.JPG,A1205825,JPG,jpg,2025-09-27T13:52:18Z,0,JPEG,19987586,2025:09:27 13:52:17,160,0.00125,6.3,1600,-1,1,1,67,3,9.41919431533725,8640,5760,8,FE 50-150mm F2 GM,ILCE-1M2,255,0,160
A1205825.ARW,A1205825,RAW,arw,2025-09-27T13:52:18Z,0,ARW,73216000,2025:09:27 13:52:17,160,0.00125,6.3,1600,-1,1,1,67,3,9.41919431533725,8704,6144,8,FE 50-150mm F2 GM,ILCE-1M2,255,0,160
A1205824.JPG,A1205824,JPG,jpg,2025-09-27T13:52:19Z,0,JPEG,19406433,2025:09:27 13:52:16,342,0.00125,6.3,1600,-1,1,1,67,3,9.0226919580975,8640,5760,8,FE 50-150mm F2 GM,ILCE-1M2,255,0,342
A1205824.ARW,A1205824,RAW,arw,2025-09-27T13:52:19Z,0,ARW,72028160,2025:09:27 13:52:16,342,0.00125,6.3,1600,-1,1,1,67,3,9.0226919580975,8704,6144,8,FE 50-150mm F2 GM,ILCE-1M2,255,0,342
A1205823.JPG,A1205823,JPG,jpg,2025-09-27T13:52:19Z,0,JPEG,20103416,2025:09:27 13:52:11,861,0.00125,6.3,1600,-1,1,1,67,3,9.41919431533725,8640,5760,8,FE 50-150mm F2 GM,ILCE-1M2,255,0,861
A1205823.ARW,A1205823,RAW,arw,2025-09-27T13:52:19Z,0,ARW,73191424,2025:09:27 13:52:11,861,0.00125,6.3,1600,-1,1,1,67,3,9.41919431533725,8704,6144,8,FE 50-150mm F2 GM,ILCE-1M2,255,0,861
A1205827.JPG,A1205827,JPG,jpg,2025-09-27T13:52:20Z,0,JPEG,19993092,2025:09:27 13:52:18,215,0.00125,6.3,1600,-1,1,1,67,3,9.83325133167339,8640,5760,8,FE 50-150mm F2 GM,ILCE-1M2,255,0,215
A1205827.ARW,A1205827,RAW,arw,2025-09-27T13:52:20Z,0,ARW,73809920,2025:09:27 13:52:18,215,0.00125,6.3,1600,-1,1,1,67,3,9.83325133167339,8704,6144,8,FE 50-150mm F2 GM,ILCE-1M2,255,0,215
A1205826.JPG,A1205826,JPG,jpg,2025-09-27T13:52:22Z,0,JPEG,20007454,2025:09:27 13:52:17,527,0.00125,6.3,1600,-1,1,1,67,3,10.2656402182633,8640,5760,8,FE 50-150mm F2 GM,ILCE-1M2,255,0,527
A1205826.ARW,A1205826,RAW,arw,2025-09-27T13:52:22Z,0,ARW,73293824,2025:09:27 13:52:17,527,0.00125,6.3,1600,-1,1,1,67,3,10.2656402182633,8704,6144,8,FE 50-150mm F2 GM,ILCE-1M2,255,0,527
A1205828.JPG,A1205828,JPG,jpg,2025-09-27T13:53:54Z,0,JPEG,12163017,2025:09:27 13:53:54,088,0.00125,6.3,800,-1,1,1,70,3,1.87374917178316,8640,5760,1,FE 50-150mm F2 GM,ILCE-1M2,223,0,88
A1205828.ARW,A1205828,RAW,arw,2025-09-27T13:53:54Z,0,ARW,60383232,2025:09:27 13:53:54,088,0.00125,6.3,800,-1,1,1,70,3,1.87374917178316,8704,6144,1,FE 50-150mm F2 GM,ILCE-1M2,223,0,88
A1205829.JPG,A1205829,JPG,jpg,2025-09-27T13:54:40Z,0,JPEG,23354891,2025:09:27 13:54:40,049,0.00125,6.3,1000,-1,1,1,124,3,2.6969296764276,8640,5760,1,FE 50-150mm F2 GM,ILCE-1M2,255,0,49
A1205829.ARW,A1205829,RAW,arw,2025-09-27T13:54:40Z,0,ARW,72466432,2025:09:27 13:54:40,049,0.00125,6.3,1000,-1,1,1,124,3,2.6969296764276,8704,6144,1,FE 50-150mm F2 GM,ILCE-1M2,255,0,49
A1205830.JPG,A1205830,JPG,jpg,2025-09-27T13:55:08Z,0,JPEG,22991801,2025:09:27 13:54:59,918,0.00125,6.3,4000,-1,1,1,50,3,39.5305971304433,8640,5760,8,FE 50-150mm F2 GM,ILCE-1M2,255,0,918
A1205830.ARW,A1205830,RAW,arw,2025-09-27T13:55:08Z,0,ARW,76181504,2025:09:27 13:54:59,918,0.00125,6.3,4000,-1,1,1,50,3,39.5305971304433,8704,6144,8,FE 50-150mm F2 GM,ILCE-1M2,255,0,918
A1205831.JPG,A1205831,JPG,jpg,2025-09-27T13:55:08Z,0,JPEG,20588997,2025:09:27 13:55:03,550,0.00125,6.3,2000,-1,1,1,50,3,9.50168733401279,8640,5760,8,FE 50-150mm F2 GM,ILCE-1M2,255,0,550
A1205831.ARW,A1205831,RAW,arw,2025-09-27T13:55:08Z,0,ARW,73490432,2025:09:27 13:55:03,550,0.00125,6.3,2000,-1,1,1,50,3,9.50168733401279,8704,6144,8,FE 50-150mm F2 GM,ILCE-1M2,255,0,550
A1205832.JPG,A1205832,JPG,jpg,2025-09-27T13:55:24Z,0,JPEG,16753725,2025:09:27 13:55:20,428,0.00125,6.3,3200,-1,1,1,150,3,1.70620746558121,8640,5760,1,FE 50-150mm F2 GM,ILCE-1M2,255,0,428
A1205832.ARW,A1205832,RAW,arw,2025-09-27T13:55:24Z,0,ARW,67633152,2025:09:27 13:55:20,428,0.00125,6.3,3200,-1,1,1,150,3,1.70620746558121,8704,6144,1,FE 50-150mm F2 GM,ILCE-1M2,255,0,428
A1205834.JPG,A1205834,JPG,jpg,2025-09-27T13:55:45Z,0,JPEG,10340629,2025:09:27 13:55:45,035,0.00125,6.3,1000,-1,1,1,122,3,1.14121121164916,8640,5760,1,FE 50-150mm F2 GM,ILCE-1M2,255,0,35
A1205834.ARW,A1205834,RAW,arw,2025-09-27T13:55:45Z,0,ARW,60624896,2025:09:27 13:55:45,035,0.00125,6.3,1000,-1,1,1,122,3,1.14121121164916,8704,6144,1,FE 50-150mm F2 GM,ILCE-1M2,255,0,35
A1205833.JPG,A1205833,JPG,jpg,2025-09-27T13:55:49Z,0,JPEG,10352192,2025:09:27 13:55:44,585,0.00125,6.3,1000,-1,1,1,122,3,1.18633554708129,8640,5760,1,FE 50-150mm F2 GM,ILCE-1M2,255,0,585
A1205833.ARW,A1205833,RAW,arw,2025-09-27T13:55:49Z,0,ARW,60657664,2025:09:27 13:55:44,585,0.00125,6.3,1000,-1,1,1,122,3,1.18633554708129,8704,6144,1,FE 50-150mm F2 GM,ILCE-1M2,255,0,585
A1205836.JPG,A1205836,JPG,jpg,2025-09-27T13:56:27Z,0,JPEG,16788431,2025:09:27 13:56:25,263,0.00125,6.3,2500,-1,1,1,150,3,153.75,8640,5760,1,FE 50-150mm F2 GM,ILCE-1M2,255,0,263
A1205836.ARW,A1205836,RAW,arw,2025-09-27T13:56:27Z,0,ARW,67629056,2025:09:27 13:56:25,263,0.00125,6.3,2500,-1,1,1,150,3,153.75,8704,6144,1,FE 50-150mm F2 GM,ILCE-1M2,255,0,263
A1205837.JPG,A1205837,JPG,jpg,2025-09-27T13:56:29Z,0,JPEG,15577155,2025:09:27 13:56:26,358,0.00125,6.3,2000,-1,1,1,150,3,129.311689382971,8640,5760,1,FE 50-150mm F2 GM,ILCE-1M2,255,0,358
A1205837.ARW,A1205837,RAW,arw,2025-09-27T13:56:29Z,0,ARW,65474560,2025:09:27 13:56:26,358,0.00125,6.3,2000,-1,1,1,150,3,129.311689382971,8704,6144,1,FE 50-150mm F2 GM,ILCE-1M2,255,0,358
A1205835.JPG,A1205835,JPG,jpg,2025-09-27T13:56:31Z,0,JPEG,15901583,2025:09:27 13:56:24,767,0.00125,6.3,2000,-1,1,1,150,3,153.75,8640,5760,1,FE 50-150mm F2 GM,ILCE-1M2,255,0,767
A1205835.ARW,A1205835,RAW,arw,2025-09-27T13:56:31Z,0,ARW,66109440,2025:09:27 13:56:24,767,0.00125,6.3,2000,-1,1,1,150,3,153.75,8704,6144,1,FE 50-150mm F2 GM,ILCE-1M2,255,0,767
A1205838.JPG,A1205838,JPG,jpg,2025-09-27T13:57:05Z,0,JPEG,16526981,2025:09:27 13:56:56,995,0.00125,6.3,1250,-1,1,1,81,3,56.2446860425668,8640,5760,1,FE 50-150mm F2 GM,ILCE-1M2,255,0,995
A1205838.ARW,A1205838,RAW,arw,2025-09-27T13:57:05Z,0,ARW,65466368,2025:09:27 13:56:56,995,0.00125,6.3,1250,-1,1,1,81,3,56.2446860425668,8704,6144,1,FE 50-150mm F2 GM,ILCE-1M2,255,0,995
A1205839.JPG,A1205839,JPG,jpg,2025-09-27T13:57:26Z,0,JPEG,14701110,2025:09:27 13:57:23,328,0.00125,6.3,2500,-1,1,1,150,3,1.51654636170803,8640,5760,1,FE 50-150mm F2 GM,ILCE-1M2,255,0,328
A1205839.ARW,A1205839,RAW,arw,2025-09-27T13:57:26Z,0,ARW,63733760,2025:09:27 13:57:23,328,0.00125,6.3,2500,-1,1,1,150,3,1.51654636170803,8704,6144,1,FE 50-150mm F2 GM,ILCE-1M2,255,0,328
A1205840.JPG,A1205840,JPG,jpg,2025-09-27T13:57:40Z,0,JPEG,14047834,2025:09:27 13:57:32,813,0.00125,6.3,2500,-1,1,1,129,3,0.996805100541833,8640,5760,1,FE 50-150mm F2 GM,ILCE-1M2,255,0,813
A1205840.ARW,A1205840,RAW,arw,2025-09-27T13:57:40Z,0,ARW,66547712,2025:09:27 13:57:32,813,0.00125,6.3,2500,-1,1,1,129,3,0.996805100541833,8704,6144,1,FE 50-150mm F2 GM,ILCE-1M2,255,0,813
A1205841.JPG,A1205841,JPG,jpg,2025-09-27T13:57:42Z,0,JPEG,13926338,2025:09:27 13:57:33,916,0.00125,6.3,2500,-1,1,1,129,3,0.996805100541833,8640,5760,1,FE 50-150mm F2 GM,ILCE-1M2,255,0,916
A1205841.ARW,A1205841,RAW,arw,2025-09-27T13:57:42Z,0,ARW,66400256,2025:09:27 13:57:33,916,0.00125,6.3,2500,-1,1,1,129,3,0.996805100541833,8704,6144,1,FE 50-150mm F2 GM,ILCE-1M2,255,0,916
A1205842.JPG,A1205842,JPG,jpg,2025-09-27T13:58:22Z,0,JPEG,18347229,2025:09:27 13:58:22,003,0.00125,6.3,1600,-1,1,1,81,3,117.381529717474,8640,5760,1,FE 50-150mm F2 GM,ILCE-1M2,255,0,3
A1205842.ARW,A1205842,RAW,arw,2025-09-27T13:58:22Z,0,ARW,70696960,2025:09:27 13:58:22,003,0.00125,6.3,1600,-1,1,1,81,3,117.381529717474,8704,6144,1,FE 50-150mm F2 GM,ILCE-1M2,255,0,3
A1205844.JPG,A1205844,JPG,jpg,2025-09-27T13:58:43Z,0,JPEG,21416653,2025:09:27 13:58:41,252,0.00125,7.1,2000,-1,1,1,82,3,95.7038040832499,8640,5760,1,FE 50-150mm F2 GM,ILCE-1M2,255,0,252
A1205844.ARW,A1205844,RAW,arw,2025-09-27T13:58:43Z,0,ARW,73699328,2025:09:27 13:58:41,252,0.00125,7.1,2000,-1,1,1,82,3,95.7038040832499,8704,6144,1,FE 50-150mm F2 GM,ILCE-1M2,255,0,252
A1205843.JPG,A1205843,JPG,jpg,2025-09-27T13:58:49Z,0,JPEG,21661159,2025:09:27 13:58:40,932,0.00125,7.1,2000,-1,1,1,82,3,104.358316764186,8640,5760,1,FE 50-150mm F2 GM,ILCE-1M2,255,0,932
A1205843.ARW,A1205843,RAW,arw,2025-09-27T13:58:49Z,0,ARW,73920512,2025:09:27 13:58:40,932,0.00125,7.1,2000,-1,1,1,82,3,104.358316764186,8704,6144,1,FE 50-150mm F2 GM,ILCE-1M2,255,0,932
A1205845.JPG,A1205845,JPG,jpg,2025-09-27T14:00:27Z,0,JPEG,16115167,2025:09:27 14:00:23,497,0.00125,7.1,250,-2,1,1,54,3,74.9389147234224,8640,5760,1,FE 50-150mm F2 GM,ILCE-1M2,223,0,497
A1205845.ARW,A1205845,RAW,arw,2025-09-27T14:00:27Z,0,ARW,62898176,2025:09:27 14:00:23,497,0.00125,7.1,250,-2,1,1,54,3,74.9389147234224,8704,6144,1,FE 50-150mm F2 GM,ILCE-1M2,223,0,497
A1205846.JPG,A1205846,JPG,jpg,2025-09-27T14:00:28Z,0,JPEG,12595788,2025:09:27 14:00:25,308,0.00125,7.1,125,-3,1,1,54,3,85.3320898017575,8640,5760,1,FE 50-150mm F2 GM,ILCE-1M2,223,0,308
A1205846.ARW,A1205846,RAW,arw,2025-09-27T14:00:28Z,0,ARW,58765312,2025:09:27 14:00:25,308,0.00125,7.1,125,-3,1,1,54,3,85.3320898017575,8704,6144,1,FE 50-150mm F2 GM,ILCE-1M2,223,0,308
A1205847.JPG,A1205847,JPG,jpg,2025-09-27T14:00:31Z,0,JPEG,12806105,2025:09:27 14:00:25,623,0.00125,7.1,125,-3,1,1,54,3,63.024456347506,8640,5760,1,FE 50-150mm F2 GM,ILCE-1M2,223,0,623
A1205847.ARW,A1205847,RAW,arw,2025-09-27T14:00:31Z,0,ARW,58933248,2025:09:27 14:00:25,623,0.00125,7.1,125,-3,1,1,54,3,63.024456347506,8704,6144,1,FE 50-150mm F2 GM,ILCE-1M2,223,0,623
A1205849.JPG,A1205849,JPG,jpg,2025-09-27T14:02:04Z,0,JPEG,14254910,2025:09:27 14:02:03,159,0.00125,7.1,400,-0.7,1,1,150,3,95.5246799672436,8640,5760,1,FE 50-150mm F2 GM,ILCE-1M2,255,0,159
A1205849.ARW,A1205849,RAW,arw,2025-09-27T14:02:04Z,0,ARW,62251008,2025:09:27 14:02:03,159,0.00125,7.1,400,-0.7,1,1,150,3,95.5246799672436,8704,6144,1,FE 50-150mm F2 GM,ILCE-1M2,255,0,159
A1205848.JPG,A1205848,JPG,jpg,2025-09-27T14:02:08Z,0,JPEG,14191844,2025:09:27 14:02:01,780,0.00125,7.1,400,-0.7,1,1,150,3,99.7472777971975,8640,5760,1,FE 50-150mm F2 GM,ILCE-1M2,223,0,780
A1205848.ARW,A1205848,RAW,arw,2025-09-27T14:02:08Z,0,ARW,62390272,2025:09:27 14:02:01,780,0.00125,7.1,400,-0.7,1,1,150,3,99.7472777971975,8704,6144,1,FE 50-150mm F2 GM,ILCE-1M2,223,0,780
A1205850.JPG,A1205850,JPG,jpg,2025-09-27T14:02:08Z,0,JPEG,14233532,2025:09:27 14:02:05,395,0.00125,7.1,400,-0.7,1,1,150,3,91.481106432209,8640,5760,1,FE 50-150mm F2 GM,ILCE-1M2,223,0,395
A1205850.ARW,A1205850,RAW,arw,2025-09-27T14:02:08Z,0,ARW,62328832,2025:09:27 14:02:05,395,0.00125,7.1,400,-0.7,1,1,150,3,91.481106432209,8704,6144,1,FE 50-150mm F2 GM,ILCE-1M2,223,0,395
A1205851.JPG,A1205851,JPG,jpg,2025-09-27T14:02:10Z,0,JPEG,14094856,2025:09:27 14:02:08,229,0.00125,7.1,400,-0.7,1,1,150,3,95.5246799672436,8640,5760,1,FE 50-150mm F2 GM,ILCE-1M2,223,0,229
A1205851.ARW,A1205851,RAW,arw,2025-09-27T14:02:10Z,0,ARW,62345216,2025:09:27 14:02:08,229,0.00125,7.1,400,-0.7,1,1,150,3,95.5246799672436,8704,6144,1,FE 50-150mm F2 GM,ILCE-1M2,223,0,229
A1205853.JPG,A1205853,JPG,jpg,2025-09-27T14:02:54Z,0,JPEG,6510581,2025:09:27 14:02:52,240,0.00125,7.1,100,-0.7,1,1,150,3,147.237863915301,8640,5760,1,FE 50-150mm F2 GM,ILCE-1M2,255,0,240
A1205853.ARW,A1205853,RAW,arw,2025-09-27T14:02:54Z,0,ARW,56000512,2025:09:27 14:02:52,240,0.00125,7.1,100,-0.7,1,1,150,3,147.237863915301,8704,6144,1,FE 50-150mm F2 GM,ILCE-1M2,255,0,240
A1205852.JPG,A1205852,JPG,jpg,2025-09-27T14:02:59Z,0,JPEG,6497447,2025:09:27 14:02:51,883,0.00125,7.1,100,-0.7,1,1,150,3,153.75,8640,5760,1,FE 50-150mm F2 GM,ILCE-1M2,255,0,883
A1205852.ARW,A1205852,RAW,arw,2025-09-27T14:02:59Z,0,ARW,55996416,2025:09:27 14:02:51,883,0.00125,7.1,100,-0.7,1,1,150,3,153.75,8704,6144,1,FE 50-150mm F2 GM,ILCE-1M2,255,0,883
A1205854.JPG,A1205854,JPG,jpg,2025-09-27T14:23:19Z,0,JPEG,11450767,2025:09:27 14:23:17,277,0.00125,7.1,1600,-0.7,1,1,150,3,5.38443711679324,8640,5760,1,FE 50-150mm F2 GM,ILCE-1M2,93,0,277
A1205854.ARW,A1205854,RAW,arw,2025-09-27T14:23:19Z,0,ARW,62365696,2025:09:27 14:23:17,277,0.00125,7.1,1600,-0.7,1,1,150,3,5.38443711679324,8704,6144,1,FE 50-150mm F2 GM,ILCE-1M2,93,0,277
A1205855.JPG,A1205855,JPG,jpg,2025-09-27T14:23:25Z,0,JPEG,12744358,2025:09:27 14:23:21,411,0.00125,7.1,2000,-0.7,1,1,150,3,5.38443711679324,8640,5760,1,FE 50-150mm F2 GM,ILCE-1M2,93,0,411
A1205855.ARW,A1205855,RAW,arw,2025-09-27T14:23:25Z,0,ARW,65019904,2025:09:27 14:23:21,411,0.00125,7.1,2000,-0.7,1,1,150,3,5.38443711679324,8704,6144,1,FE 50-150mm F2 GM,ILCE-1M2,93,0,411
A1205856.JPG,A1205856,JPG,jpg,2025-09-27T14:23:29Z,0,JPEG,12766652,2025:09:27 14:23:21,808,0.00125,7.1,2000,-0.7,1,1,150,3,5.38443711679324,8640,5760,1,FE 50-150mm F2 GM,ILCE-1M2,93,0,808
A1205856.ARW,A1205856,RAW,arw,2025-09-27T14:23:29Z,0,ARW,65118208,2025:09:27 14:23:21,808,0.00125,7.1,2000,-0.7,1,1,150,3,5.38443711679324,8704,6144,1,FE 50-150mm F2 GM,ILCE-1M2,93,0,808
A1205857.JPG,A1205857,JPG,jpg,2025-09-27T14:25:23Z,0,JPEG,9246832,2025:09:27 14:25:20,364,0.00125,7.1,640,-0.7,1,1,132,3,8.58,8640,5760,1,FE 50-150mm F2 GM,ILCE-1M2,255,0,364
A1205857.ARW,A1205857,RAW,arw,2025-09-27T14:25:23Z,0,ARW,58847232,2025:09:27 14:25:20,364,0.00125,7.1,640,-0.7,1,1,132,3,8.58,8704,6144,1,FE 50-150mm F2 GM,ILCE-1M2,255,0,364
A1205858.JPG,A1205858,JPG,jpg,2025-09-27T14:25:37Z,0,JPEG,13329767,2025:09:27 14:25:28,942,0.00125,7.1,3200,-0.7,1,1,132,3,2.15445812883539,8640,5760,1,FE 50-150mm F2 GM,ILCE-1M2,255,0,942
A1205858.ARW,A1205858,RAW,arw,2025-09-27T14:25:37Z,0,ARW,65376256,2025:09:27 14:25:28,942,0.00125,7.1,3200,-0.7,1,1,132,3,2.15445812883539,8704,6144,1,FE 50-150mm F2 GM,ILCE-1M2,255,0,942
A1205861.JPG,A1205861,JPG,jpg,2025-09-27T14:25:43Z,0,JPEG,11972584,2025:09:27 14:25:41,257,0.00125,7.1,3200,-0.7,1,1,50,3,3.25,8640,5760,8,FE 50-150mm F2 GM,ILCE-1M2,255,0,257
A1205861.ARW,A1205861,RAW,arw,2025-09-27T14:25:43Z,0,ARW,67813376,2025:09:27 14:25:41,257,0.00125,7.1,3200,-0.7,1,1,50,3,3.25,8704,6144,8,FE 50-150mm F2 GM,ILCE-1M2,255,0,257
A1205859.JPG,A1205859,JPG,jpg,2025-09-27T14:25:44Z,0,JPEG,12016427,2025:09:27 14:25:39,533,0.00125,7.1,4000,-0.7,1,1,50,3,2.74086852881189,8640,5760,8,FE 50-150mm F2 GM,ILCE-1M2,255,0,533
A1205859.ARW,A1205859,RAW,arw,2025-09-27T14:25:44Z,0,ARW,67637248,2025:09:27 14:25:39,533,0.00125,7.1,4000,-0.7,1,1,50,3,2.74086852881189,8704,6144,8,FE 50-150mm F2 GM,ILCE-1M2,255,0,533
A1205862.JPG,A1205862,JPG,jpg,2025-09-27T14:25:44Z,0,JPEG,11209323,2025:09:27 14:25:42,255,0.00125,7.1,6400,-0.7,1,1,50,3,3.25,8640,5760,8,FE 50-150mm F2 GM,ILCE-1M2,255,0,255
A1205862.ARW,A1205862,RAW,arw,2025-09-27T14:25:44Z,0,ARW,73687040,2025:09:27 14:25:42,255,0.00125,7.1,6400,-0.7,1,1,50,3,3.25,8704,6144,8,FE 50-150mm F2 GM,ILCE-1M2,255,0,255
A1205860.JPG,A1205860,JPG,jpg,2025-09-27T14:25:47Z,0,JPEG,12081678,2025:09:27 14:25:40,707,0.00125,7.1,3200,-0.7,1,1,50,3,3.11433049823544,8640,5760,8,FE 50-150mm F2 GM,ILCE-1M2,255,0,707
A1205860.ARW,A1205860,RAW,arw,2025-09-27T14:25:47Z,0,ARW,67538944,2025:09:27 14:25:40,707,0.00125,7.1,3200,-0.7,1,1,50,3,3.11433049823544,8704,6144,8,FE 50-150mm F2 GM,ILCE-1M2,255,0,707
A1205864.JPG,A1205864,JPG,jpg,2025-09-27T14:25:48Z,0,JPEG,12781670,2025:09:27 14:25:48,022,0.00125,7.1,8000,-0.7,1,1,50,3,2.31274169979695,8640,5760,8,FE 50-150mm F2 GM,ILCE-1M2,255,0,22
A1205864.ARW,A1205864,RAW,arw,2025-09-27T14:25:48Z,0,ARW,71475200,2025:09:27 14:25:48,022,0.00125,7.1,8000,-0.7,1,1,50,3,2.31274169979695,8704,6144,8,FE 50-150mm F2 GM,ILCE-1M2,255,0,22
A1205863.JPG,A1205863,JPG,jpg,2025-09-27T14:25:48Z,0,JPEG,11000556,2025:09:27 14:25:43,546,0.00125,7.1,6400,-0.7,1,1,50,3,2.98441293825495,8640,5760,8,FE 50-150mm F2 GM,ILCE-1M2,255,0,546
A1205863.ARW,A1205863,RAW,arw,2025-09-27T14:25:48Z,0,ARW,73035776,2025:09:27 14:25:43,546,0.00125,7.1,6400,-0.7,1,1,50,3,2.98441293825495,8704,6144,8,FE 50-150mm F2 GM,ILCE-1M2,255,0,546
A1205866.JPG,A1205866,JPG,jpg,2025-09-27T14:25:54Z,0,JPEG,13167782,2025:09:27 14:25:49,501,0.00125,7.1,8000,-0.7,1,1,50,3,2.4129218335032,8640,5760,8,FE 50-150mm F2 GM,ILCE-1M2,255,0,501
A1205866.ARW,A1205866,RAW,arw,2025-09-27T14:25:54Z,0,ARW,74022912,2025:09:27 14:25:49,501,0.00125,7.1,8000,-0.7,1,1,50,3,2.4129218335032,8704,6144,8,FE 50-150mm F2 GM,ILCE-1M2,255,0,501
A1205865.JPG,A1205865,JPG,jpg,2025-09-27T14:25:55Z,0,JPEG,13864346,2025:09:27 14:25:48,738,0.00125,7.1,10000,-0.7,1,1,50,3,2.4129218335032,8640,5760,8,FE 50-150mm F2 GM,ILCE-1M2,255,0,738
A1205865.ARW,A1205865,RAW,arw,2025-09-27T14:25:55Z,0,ARW,74387456,2025:09:27 14:25:48,738,0.00125,7.1,10000,-0.7,1,1,50,3,2.4129218335032,8704,6144,8,FE 50-150mm F2 GM,ILCE-1M2,255,0,738
A1205867.JPG,A1205867,JPG,jpg,2025-09-27T14:25:59Z,0,JPEG,13574649,2025:09:27 14:25:54,545,0.00125,7.1,2500,-0.7,1,1,50,3,1.72083805188386,8640,5760,1,FE 50-150mm F2 GM,ILCE-1M2,255,0,545
A1205867.ARW,A1205867,RAW,arw,2025-09-27T14:25:59Z,0,ARW,64417792,2025:09:27 14:25:54,545,0.00125,7.1,2500,-0.7,1,1,50,3,1.72083805188386,8704,6144,1,FE 50-150mm F2 GM,ILCE-1M2,255,0,545
A1205868.JPG,A1205868,JPG,jpg,2025-09-27T14:26:12Z,0,JPEG,11088095,2025:09:27 14:26:08,456,0.00125,7.1,4000,-0.7,1,1,50,3,2.74086852881189,8640,5760,8,FE 50-150mm F2 GM,ILCE-1M2,255,0,456
A1205868.ARW,A1205868,RAW,arw,2025-09-27T14:26:12Z,0,ARW,70238208,2025:09:27 14:26:08,456,0.00125,7.1,4000,-0.7,1,1,50,3,2.74086852881189,8704,6144,8,FE 50-150mm F2 GM,ILCE-1M2,255,0,456
A1205873.JPG,A1205873,JPG,jpg,2025-09-27T14:26:13Z,0,JPEG,10714973,2025:09:27 14:26:13,008,0.00125,7.1,4000,-0.7,1,1,50,3,2.74086852881189,8640,5760,8,FE 50-150mm F2 GM,ILCE-1M2,255,0,8
A1205873.ARW,A1205873,RAW,arw,2025-09-27T14:26:13Z,0,ARW,69230592,2025:09:27 14:26:13,008,0.00125,7.1,4000,-0.7,1,1,50,3,2.74086852881189,8704,6144,8,FE 50-150mm F2 GM,ILCE-1M2,255,0,8
A1205871.JPG,A1205871,JPG,jpg,2025-09-27T14:26:13Z,0,JPEG,10751749,2025:09:27 14:26:11,273,0.00125,7.1,6400,-0.7,1,1,50,3,3.11433049823544,8640,5760,8,FE 50-150mm F2 GM,ILCE-1M2,255,0,273
A1205871.ARW,A1205871,RAW,arw,2025-09-27T14:26:13Z,0,ARW,72876032,2025:09:27 14:26:11,273,0.00125,7.1,6400,-0.7,1,1,50,3,3.11433049823544,8704,6144,8,FE 50-150mm F2 GM,ILCE-1M2,255,0,273
A1205872.JPG,A1205872,JPG,jpg,2025-09-27T14:26:14Z,0,JPEG,10549806,2025:09:27 14:26:12,205,0.00125,7.1,5000,-0.7,1,1,50,3,3.53962474452882,8640,5760,8,FE 50-150mm F2 GM,ILCE-1M2,255,0,205
A1205872.ARW,A1205872,RAW,arw,2025-09-27T14:26:14Z,0,ARW,71012352,2025:09:27 14:26:12,205,0.00125,7.1,5000,-0.7,1,1,50,3,3.53962474452882,8704,6144,8,FE 50-150mm F2 GM,ILCE-1M2,255,0,205
A1205869.JPG,A1205869,JPG,jpg,2025-09-27T14:26:16Z,0,JPEG,10991957,2025:09:27 14:26:08,865,0.00125,7.1,4000,-0.7,1,1,50,3,2.86000345659728,8640,5760,8,FE 50-150mm F2 GM,ILCE-1M2,255,0,865
A1205869.ARW,A1205869,RAW,arw,2025-09-27T14:26:16Z,0,ARW,70430720,2025:09:27 14:26:08,865,0.00125,7.1,4000,-0.7,1,1,50,3,2.86000345659728,8704,6144,8,FE 50-150mm F2 GM,ILCE-1M2,255,0,865
A1205870.JPG,A1205870,JPG,jpg,2025-09-27T14:26:18Z,0,JPEG,11008394,2025:09:27 14:26:09,994,0.00125,7.1,5000,-0.7,1,1,50,3,3.53962474452882,8640,5760,8,FE 50-150mm F2 GM,ILCE-1M2,255,0,994
A1205870.ARW,A1205870,RAW,arw,2025-09-27T14:26:18Z,0,ARW,72826880,2025:09:27 14:26:09,994,0.00125,7.1,5000,-0.7,1,1,50,3,3.53962474452882,8704,6144,8,FE 50-150mm F2 GM,ILCE-1M2,255,0,994
A1205875.JPG,A1205875,JPG,jpg,2025-09-27T14:26:24Z,0,JPEG,12865626,2025:09:27 14:26:21,353,0.00125,7.1,6400,-0.7,1,1,50,3,2.98441293825495,8640,5760,8,FE 50-150mm F2 GM,ILCE-1M2,255,0,353
A1205875.ARW,A1205875,RAW,arw,2025-09-27T14:26:24Z,0,ARW,71122944,2025:09:27 14:26:21,353,0.00125,7.1,6400,-0.7,1,1,50,3,2.98441293825495,8704,6144,8,FE 50-150mm F2 GM,ILCE-1M2,255,0,353
A1205876.JPG,A1205876,JPG,jpg,2025-09-27T14:26:27Z,0,JPEG,12911805,2025:09:27 14:26:27,067,0.00125,7.1,1600,-0.7,1,1,50,3,1.04348624965879,8640,5760,1,FE 50-150mm F2 GM,ILCE-1M2,255,0,67
A1205876.ARW,A1205876,RAW,arw,2025-09-27T14:26:27Z,0,ARW,63033344,2025:09:27 14:26:27,067,0.00125,7.1,1600,-0.7,1,1,50,3,1.04348624965879,8704,6144,1,FE 50-150mm F2 GM,ILCE-1M2,255,0,67
A1205874.JPG,A1205874,JPG,jpg,2025-09-27T14:26:28Z,0,JPEG,12966516,2025:09:27 14:26:20,897,0.00125,7.1,6400,-0.7,1,1,50,3,2.86000345659728,8640,5760,8,FE 50-150mm F2 GM,ILCE-1M2,255,0,897
A1205874.ARW,A1205874,RAW,arw,2025-09-27T14:26:28Z,0,ARW,69984256,2025:09:27 14:26:20,897,0.00125,7.1,6400,-0.7,1,1,50,3,2.86000345659728,8704,6144,8,FE 50-150mm F2 GM,ILCE-1M2,255,0,897
A1205878.JPG,A1205878,JPG,jpg,2025-09-27T14:26:44Z,0,JPEG,9881143,2025:09:27 14:26:40,410,0.00125,7.1,500,-0.7,1,1,50,3,4.19988657488323,8640,5760,1,FE 50-150mm F2 GM,ILCE-1M2,255,0,410
A1205878.ARW,A1205878,RAW,arw,2025-09-27T14:26:44Z,0,ARW,59011072,2025:09:27 14:26:40,410,0.00125,7.1,500,-0.7,1,1,50,3,4.19988657488323,8704,6144,1,FE 50-150mm F2 GM,ILCE-1M2,255,0,410
A1205877.JPG,A1205877,JPG,jpg,2025-09-27T14:26:47Z,0,JPEG,9840295,2025:09:27 14:26:39,860,0.00125,7.1,500,-0.7,1,1,50,3,4.38361775019806,8640,5760,1,FE 50-150mm F2 GM,ILCE-1M2,255,0,860
A1205877.ARW,A1205877,RAW,arw,2025-09-27T14:26:47Z,0,ARW,59068416,2025:09:27 14:26:39,860,0.00125,7.1,500,-0.7,1,1,50,3,4.38361775019806,8704,6144,1,FE 50-150mm F2 GM,ILCE-1M2,255,0,860
A1205880.JPG,A1205880,JPG,jpg,2025-09-27T14:29:55Z,0,JPEG,14686439,2025:09:27 14:29:52,313,0.00125,7.1,640,-0.7,1,1,150,3,31.0714143734257,8640,5760,1,FE 50-150mm F2 GM,ILCE-1M2,223,0,313
A1205880.ARW,A1205880,RAW,arw,2025-09-27T14:29:55Z,0,ARW,64626688,2025:09:27 14:29:52,313,0.00125,7.1,640,-0.7,1,1,150,3,31.0714143734257,8704,6144,1,FE 50-150mm F2 GM,ILCE-1M2,223,0,313
A1205879.JPG,A1205879,JPG,jpg,2025-09-27T14:29:57Z,0,JPEG,14686949,2025:09:27 14:29:51,636,0.00125,7.1,640,-0.7,1,1,150,3,31.0714143734257,8640,5760,1,FE 50-150mm F2 GM,ILCE-1M2,223,0,636
A1205879.ARW,A1205879,RAW,arw,2025-09-27T14:29:57Z,0,ARW,64614400,2025:09:27 14:29:51,636,0.00125,7.1,640,-0.7,1,1,150,3,31.0714143734257,8704,6144,1,FE 50-150mm F2 GM,ILCE-1M2,223,0,636
A1205881.JPG,A1205881,JPG,jpg,2025-09-27T14:29:58Z,0,JPEG,14696864,2025:09:27 14:29:52,658,0.00125,7.1,640,-0.7,1,1,150,3,31.0714143734257,8640,5760,1,FE 50-150mm F2 GM,ILCE-1M2,223,0,658
A1205881.ARW,A1205881,RAW,arw,2025-09-27T14:29:58Z,0,ARW,64741376,2025:09:27 14:29:52,658,0.00125,7.1,640,-0.7,1,1,150,3,31.0714143734257,8704,6144,1,FE 50-150mm F2 GM,ILCE-1M2,223,0,658
A1205882.JPG,A1205882,JPG,jpg,2025-09-27T14:29:59Z,0,JPEG,14135364,2025:09:27 14:29:56,398,0.00125,7.1,500,-0.7,1,1,150,3,28.5050620020384,8640,5760,1,FE 50-150mm F2 GM,ILCE-1M2,223,0,398
A1205882.ARW,A1205882,RAW,arw,2025-09-27T14:29:59Z,0,ARW,62922752,2025:09:27 14:29:56,398,0.00125,7.1,500,-0.7,1,1,150,3,28.5050620020384,8704,6144,1,FE 50-150mm F2 GM,ILCE-1M2,223,0,398
A1205883.JPG,A1205883,JPG,jpg,2025-09-27T14:30:55Z,0,JPEG,14069283,2025:09:27 14:30:54,177,0.00125,7.1,2500,-0.7,1,1,145,3,44.288368108901,8640,5760,1,FE 50-150mm F2 GM,ILCE-1M2,255,0,177
A1205883.ARW,A1205883,RAW,arw,2025-09-27T14:30:55Z,0,ARW,68120576,2025:09:27 14:30:54,177,0.00125,7.1,2500,-0.7,1,1,145,3,44.288368108901,8704,6144,1,FE 50-150mm F2 GM,ILCE-1M2,255,0,177
A1205884.JPG,A1205884,JPG,jpg,2025-09-27T14:31:01Z,0,JPEG,12281949,2025:09:27 14:31:00,145,0.00125,7.1,1600,-0.7,1,1,150,3,45.8155532161045,8640,5760,1,FE 50-150mm F2 GM,ILCE-1M2,255,0,145
A1205884.ARW,A1205884,RAW,arw,2025-09-27T14:31:01Z,0,ARW,64348160,2025:09:27 14:31:00,145,0.00125,7.1,1600,-0.7,1,1,150,3,45.8155532161045,8704,6144,1,FE 50-150mm F2 GM,ILCE-1M2,255,0,145
A1205885.JPG,A1205885,JPG,jpg,2025-09-27T14:31:08Z,0,JPEG,13217952,2025:09:27 14:31:01,785,0.00125,7.1,2000,-0.7,1,1,150,3,45.8155532161045,8640,5760,1,FE 50-150mm F2 GM,ILCE-1M2,255,0,785
A1205885.ARW,A1205885,RAW,arw,2025-09-27T14:31:08Z,0,ARW,66142208,2025:09:27 14:31:01,785,0.00125,7.1,2000,-0.7,1,1,150,3,45.8155532161045,8704,6144,1,FE 50-150mm F2 GM,ILCE-1M2,255,0,785
A1205886.JPG,A1205886,JPG,jpg,2025-09-27T14:31:17Z,0,JPEG,14062595,2025:09:27 14:31:17,038,0.00125,7.1,2500,-0.7,1,1,145,3,46.2427619841677,8640,5760,1,FE 50-150mm F2 GM,ILCE-1M2,255,0,38
A1205886.ARW,A1205886,RAW,arw,2025-09-27T14:31:17Z,0,ARW,67559424,2025:09:27 14:31:17,038,0.00125,7.1,2500,-0.7,1,1,145,3,46.2427619841677,8704,6144,1,FE 50-150mm F2 GM,ILCE-1M2,255,0,38
A1205887.JPG,A1205887,JPG,jpg,2025-09-27T14:31:21Z,0,JPEG,14417116,2025:09:27 14:31:17,453,0.00125,7.1,2500,-0.7,1,1,145,3,46.2427619841677,8640,5760,1,FE 50-150mm F2 GM,ILCE-1M2,255,0,453
A1205887.ARW,A1205887,RAW,arw,2025-09-27T14:31:21Z,0,ARW,68022272,2025:09:27 14:31:17,453,0.00125,7.1,2500,-0.7,1,1,145,3,46.2427619841677,8704,6144,1,FE 50-150mm F2 GM,ILCE-1M2,255,0,453
A1205888.JPG,A1205888,JPG,jpg,2025-09-27T14:41:16Z,0,JPEG,13108510,2025:09:27 14:41:07,929,0.00125,7.1,2500,-0.7,1,1,150,3,5.16251415565159,8640,5760,1,FE 50-150mm F2 GM,ILCE-1M2,95,0,929
A1205888.ARW,A1205888,RAW,arw,2025-09-27T14:41:16Z,0,ARW,66310144,2025:09:27 14:41:07,929,0.00125,7.1,2500,-0.7,1,1,150,3,5.16251415565159,8704,6144,1,FE 50-150mm F2 GM,ILCE-1M2,95,0,929
A1205889.JPG,A1205889,JPG,jpg,2025-09-27T14:45:52Z,0,JPEG,12768463,2025:09:27 14:45:43,976,0.00125,7.1,6400,-0.7,1,1,150,3,1.77510665632427,8640,5760,1,FE 50-150mm F2 GM,ILCE-1M2,255,0,976
A1205889.ARW,A1205889,RAW,arw,2025-09-27T14:45:52Z,0,ARW,69541888,2025:09:27 14:45:43,976,0.00125,7.1,6400,-0.7,1,1,150,3,1.77510665632427,8704,6144,1,FE 50-150mm F2 GM,ILCE-1M2,255,0,976
A1205890.JPG,A1205890,JPG,jpg,2025-09-27T14:45:53Z,0,JPEG,12760754,2025:09:27 14:45:53,096,0.00125,7.1,5000,-0.7,1,1,50,3,1.72083805188386,8640,5760,1,FE 50-150mm F2 GM,ILCE-1M2,255,0,96
A1205890.ARW,A1205890,RAW,arw,2025-09-27T14:45:53Z,0,ARW,65552384,2025:09:27 14:45:53,096,0.00125,7.1,5000,-0.7,1,1,50,3,1.72083805188386,8704,6144,1,FE 50-150mm F2 GM,ILCE-1M2,255,0,96
A1205891.JPG,A1205891,JPG,jpg,2025-09-27T14:49:32Z,0,JPEG,17669312,2025:09:27 14:49:24,837,0.00125,7.1,100,-0.7,1,1,150,3,4.18630279321783,8640,5760,1,FE 50-150mm F2 GM,ILCE-1M2,223,0,837
A1205891.ARW,A1205891,RAW,arw,2025-09-27T14:49:32Z,0,ARW,64794624,2025:09:27 14:49:24,837,0.00125,7.1,100,-0.7,1,1,150,3,4.18630279321783,8704,6144,1,FE 50-150mm F2 GM,ILCE-1M2,223,0,837
A1205892.JPG,A1205892,JPG,jpg,2025-09-27T15:16:44Z,0,JPEG,14127850,2025:09:27 15:16:35,989,0.00125,7.1,640,-0.7,1,1,50,3,51.25,8640,5760,1,FE 50-150mm F2 GM,ILCE-1M2,93,0,989
A1205892.ARW,A1205892,RAW,arw,2025-09-27T15:16:44Z,0,ARW,64569344,2025:09:27 15:16:35,989,0.00125,7.1,640,-0.7,1,1,50,3,51.25,8704,6144,1,FE 50-150mm F2 GM,ILCE-1M2,93,0,989
