"key","scientificName","recordedBy","recordNumber","year","eventDate","stateProvince","locality","verbatimLocality","decimalLatitude","decimalLongitude","coordinateUncertaintyInMeters","elevation","verbatimElevation","habitat","occurrenceRemarks","fieldNotes","dynamicProperties","reproductiveCondition","associatedTaxa","identifiedBy","dateIdentified","typeStatus","preparations","institutionCode","collectionCode"
"5174163301","Metrosideros polymorpha Gaudich.","Eissas Ouk (ORCID 0000-0001-8371-3142)",NA,2025,"2025-01-18","Hawaii","Pacific Tropical (D20), Pu'u Maka'ala Natural Area Reserve NEON (PUUM), Plot PUUM_011 (plot dimensions: 40m x 40m)",NA,19.563412,-155.337895,20,1848,NA,"evergreenForest; slope aspect: 240.3; slope gradient: 4.92; soil type order: Histosols","sample type: Woody individual; Canopy foliage sample from a single species at sites dominated by woody tree cover or bulk herbaceous biomass clips at sites dominated by herbaceous vegetation. Samples collected every five years as part of the NEON canopy foliage protocols. Stored dried and ground at room temperature.",NA,NA,NA,NA,"Austin Riddle (ORCID 0000-0002-2135-1091)","2025-01-18T23:29:00",NA,"sample mass: 8.46","NEON","TPLC-CF"
"5174163306","Metrosideros polymorpha Gaudich.","Shea Uehana (ORCID 0000-0003-1142-4215)",NA,2025,"2025-01-20","Hawaii","Pacific Tropical (D20), Pu'u Maka'ala Natural Area Reserve NEON (PUUM), Plot PUUM_031 (plot dimensions: 40m x 40m)",NA,19.553624,-155.319191,20,1711.5,NA,"evergreenForest; slope aspect: 315.6; slope gradient: 6.62; soil type order: Histosols","sample type: Woody individual; Canopy foliage sample from a single species at sites dominated by woody tree cover or bulk herbaceous biomass clips at sites dominated by herbaceous vegetation. Samples collected every five years as part of the NEON canopy foliage protocols. Stored dried and ground at room temperature.",NA,NA,NA,NA,"Austin Riddle (ORCID 0000-0002-2135-1091)","2025-01-20T21:24:00",NA,"sample mass: 8.6","NEON","TPLC-CF"
"5174163310","Metrosideros polymorpha Gaudich.","Eissas Ouk (ORCID 0000-0001-8371-3142)",NA,2025,"2025-01-13","Hawaii","Pacific Tropical (D20), Pu'u Maka'ala Natural Area Reserve NEON (PUUM), Plot PUUM_003 (plot dimensions: 40m x 40m)",NA,19.577682,-155.344675,20,1833.5,NA,"evergreenForest; slope aspect: 93; slope gradient: 1.37; soil type order: Histosols","sample type: Woody individual; Canopy foliage sample from a single species at sites dominated by woody tree cover or bulk herbaceous biomass clips at sites dominated by herbaceous vegetation. Samples collected every five years as part of the NEON canopy foliage protocols. Stored dried and ground at room temperature.",NA,NA,NA,NA,"Austin Riddle (ORCID 0000-0002-2135-1091)","2025-01-14T00:13:00",NA,"sample mass: 7.84","NEON","TPLC-CF"
"5174163311","Metrosideros polymorpha Gaudich.","Shea Uehana (ORCID 0000-0003-1142-4215)",NA,2025,"2025-01-20","Hawaii","Pacific Tropical (D20), Pu'u Maka'ala Natural Area Reserve NEON (PUUM), Plot PUUM_041 (plot dimensions: 20m x 20m)",NA,19.553178,-155.316025,20,1685.5,NA,"evergreenForest; slope aspect: 269.9; slope gradient: 15.85; soil type order: Histosols","sample type: Woody individual; Canopy foliage sample from a single species at sites dominated by woody tree cover or bulk herbaceous biomass clips at sites dominated by herbaceous vegetation. Samples collected every five years as part of the NEON canopy foliage protocols. Stored dried and ground at room temperature.",NA,NA,NA,NA,"Austin Riddle (ORCID 0000-0002-2135-1091)","2025-01-21T00:00:00",NA,"sample mass: 8.71","NEON","TPLC-CF"
"5174163312","Metrosideros polymorpha Gaudich.","Shea Uehana (ORCID 0000-0003-1142-4215)",NA,2025,"2025-01-24","Hawaii","Pacific Tropical (D20), Pu'u Maka'ala Natural Area Reserve NEON (PUUM), Plot PUUM_015 (plot dimensions: 40m x 40m)",NA,19.561039,-155.249535,20,1208,NA,"evergreenForest; slope aspect: 209.6; slope gradient: 11.97; soil type order: Histosols","sample type: Woody individual; Canopy foliage sample from a single species at sites dominated by woody tree cover or bulk herbaceous biomass clips at sites dominated by herbaceous vegetation. Samples collected every five years as part of the NEON canopy foliage protocols. Stored dried and ground at room temperature.",NA,NA,NA,NA,"Eissas Ouk (ORCID 0000-0001-8371-3142)","2025-01-24T17:57:00",NA,"sample mass: 10.06","NEON","TPLC-CF"
"5174163315","Metrosideros polymorpha Gaudich.","Eissas Ouk (ORCID 0000-0001-8371-3142)",NA,2025,"2025-01-18","Hawaii","Pacific Tropical (D20), Pu'u Maka'ala Natural Area Reserve NEON (PUUM), Plot PUUM_013 (plot dimensions: 40m x 40m)",NA,19.564986,-155.34223,20,1872.5,NA,"evergreenForest; slope aspect: 228.9; slope gradient: 3.83; soil type order: Histosols","sample type: Woody individual; Canopy foliage sample from a single species at sites dominated by woody tree cover or bulk herbaceous biomass clips at sites dominated by herbaceous vegetation. Samples collected every five years as part of the NEON canopy foliage protocols. Stored dried and ground at room temperature.",NA,NA,NA,NA,"Austin Riddle (ORCID 0000-0002-2135-1091)","2025-01-18T22:00:00",NA,"sample mass: 6.27","NEON","TPLC-CF"
"5174163317","Metrosideros polymorpha Gaudich.","Shea Uehana (ORCID 0000-0003-1142-4215)",NA,2025,"2025-01-26","Hawaii","Pacific Tropical (D20), Pu'u Maka'ala Natural Area Reserve NEON (PUUM), Plot PUUM_045 (plot dimensions: 20m x 20m)",NA,19.552627,-155.315184,20,1673.5,NA,"evergreenForest; slope aspect: 326; slope gradient: 6.9; soil type order: Histosols","sample type: Woody individual; Canopy foliage sample from a single species at sites dominated by woody tree cover or bulk herbaceous biomass clips at sites dominated by herbaceous vegetation. Samples collected every five years as part of the NEON canopy foliage protocols. Stored dried and ground at room temperature.",NA,NA,NA,NA,"Avery Dean (ORCID 0009-0007-6110-2261)","2025-01-26T21:37:00",NA,"sample mass: 8.34","NEON","TPLC-CF"
"5174163321","Metrosideros polymorpha Gaudich.","Shea Uehana (ORCID 0000-0003-1142-4215)",NA,2025,"2025-01-19","Hawaii","Pacific Tropical (D20), Pu'u Maka'ala Natural Area Reserve NEON (PUUM), Plot PUUM_008 (plot dimensions: 40m x 40m)",NA,19.577677,-155.326382,20,1722,NA,"evergreenForest; slope aspect: 264.9; slope gradient: 0.4; soil type order: Andisols","sample type: Woody individual; Canopy foliage sample from a single species at sites dominated by woody tree cover or bulk herbaceous biomass clips at sites dominated by herbaceous vegetation. Samples collected every five years as part of the NEON canopy foliage protocols. Stored dried and ground at room temperature.",NA,NA,NA,NA,"Austin Riddle (ORCID 0000-0002-2135-1091)","2025-01-19T19:39:00",NA,"sample mass: 5.85","NEON","TPLC-CF"
"5174163324","Metrosideros polymorpha Gaudich.","Shea Uehana (ORCID 0000-0003-1142-4215)",NA,2025,"2025-01-13","Hawaii","Pacific Tropical (D20), Pu'u Maka'ala Natural Area Reserve NEON (PUUM), Plot PUUM_002 (plot dimensions: 40m x 40m)",NA,19.595002,-155.346931,20,1792.5,NA,"evergreenForest; slope aspect: 70; slope gradient: 2.29; soil type order: Histosols","sample type: Woody individual; Canopy foliage sample from a single species at sites dominated by woody tree cover or bulk herbaceous biomass clips at sites dominated by herbaceous vegetation. Samples collected every five years as part of the NEON canopy foliage protocols. Stored dried and ground at room temperature.",NA,NA,NA,NA,"Austin Riddle (ORCID 0000-0002-2135-1091)","2025-01-13T22:15:00",NA,"sample mass: 7.47","NEON","TPLC-CF"
"5956576592","Metrosideros waialealae (Rock) Rock","K.R. Wood; S. Heintzman","19544",2024,"2024-07-02","Hawaii","Ridge and slopes running South of Kawaikini",NA,NA,NA,NA,1200,"1200 m","Metrosideros-Cheirodendron mixed wet forest and Dubautia-Sadleria shrubland-fernland with occasional small open bogs w/ Dubautia imbricata subsp. Acronaea, D. paleata, Sadleria cyatheoides, S. pallida, S. squarrosa, Antidesma, Astelia argyrocoma, Bidens forbesii, Bro...","Shrub or small tree, bog habitat, 1.5 m tall, full crown, w/ immature fruit, common.",NA,NA,NA,NA,NA,NA,"NotAType",NA,"BISH",NA
"5956583665","Metrosideros polymorpha Gaudich.","Thomas, M.K.; Ching Harbin, S.; Togikawa, K.; Hee, K.","692",2024,"2024-07-17","Hawaii","Ahupuaa of Waiau. Central Koolau Mountains.",NA,NA,NA,NA,335,"335 m","Growing in forest along gulch bottom with Hibiscus punaluuensis, Myrsine lessertiana, Acacia koa, Dicranopteris linearis, Cibotium chammissoi, Sadleria pallida, Miconia crenata, Spathoedia campanulata, Trema orientalis, Bobea elatior, Cyrtandra hawaiiense, Diplazium sandwichinaum, and others.","Large tree over 3 m. Upper portion broke off and lying on ground. Leaves elliptic to ovate, largest leaves up to 10 cm but most 7 to 8 cm long. Flowers red.",NA,NA,NA,NA,"Thomas, M.K.",NA,"NotAType",NA,"BISH",NA
"6184369941","Metrosideros waialealae (Rock) Rock","Wood, K. R.","19544",2024,"2024-07-02","Hawaii","*",NA,NA,NA,NA,1200,"1200.0000000000 m","Metrosideros-Cheirodendron mixed wet forest and Dubautia-Sadieria shrubland-fernland with occasional small open bogs. See label for assoc. species.","Shrub or small tree, bog habitat, 1.5 m tall, full crown, w/ immature fruit, common. * Data from these fields are not available on the web.",NA,NA,NA,NA,NA,NA,NA,NA,"CAS","BOT-BC"
"5956262863","Metrosideros macropus Hook. & Arn.","Thomas, M.K.; Ching Harbin, S.; Serrano, J.; Togikawa, k.","884",2024,"2024-10-24","Hawaii","Ahupuaa of Waiawa. Central koolau mountains.",NA,NA,NA,NA,487,"487 m","Growing in wet forest with Dicranopteris, Diplopterygium, Polyscias, Pritchardia, Rhynchospora, Cibotium, Sadleria, Metrosideros tremuloides, M. polymorpha, and other natives. Also growing with Psidium cattleianum, Leptospermum scoparium, and Andropogon virginicus.","Leaves conspicuously more narrow and blushed with red versus the typical macropus growing next to it. This is most definitely a hybrid. Possibly with Metrosideros tremuloides.",NA,NA,NA,NA,"Thomas, M.K.",NA,"NotAType",NA,"BISH",NA
"6184366363","Metrosideros waialealae (Rock) Rock","Williams, Adam; Heintzman, Scott; Deans, Susan","AMW938",2024,"2024-12-19","Hawaii","*",NA,NA,NA,NA,1156,"1156.0000000000 m","Koa/Ohia Montane Mesic Forest Metrosideros polymorpha, Acacia koa, Melicope clusifolia, Santalum pyrularium, Dianella sandwicensis, Alyxia stellata, Leptecophylla tameiameiae, Dic","A tree, 20 ft tall on upper N-facing slope. Tree has short petioles, all yellow-green, including midrib and stem on new growth. Most fruits are already dehisced, and some immature but full-sized green capsules remain as well. A seed collection made under same number for KDOFAW seed bank from few mature fruits that [sic]. * Data from these fields are not available on the web.",NA,NA,NA,NA,NA,NA,NA,NA,"CAS","BOT-BC"
"4444098487","Metrosideros excelsa Sol. ex Gaertn.","C. Matt Guilliams","8254",2023,"2023-05-26","California","Point Mugu Naval Air Station: along 11th St. just west of Building 3008, ca. 100 m west of intersection with Mugu Road.",NA,34.11281,-119.10374,NA,8,NA,"In planter.","Mature tree.",NA,NA,NA,NA,NA,NA,NA,NA,"SBBG",NA
"4423021364","Metrosideros excelsa Sol. ex Gaertn.","Batiuk, Scott","594",2023,"2023-06-10","California","San Francisco, edge of the Glen Park, Sunnyside, and Mission Terrace neighborhoods on the Baden St overpass above the I-280 freeway.",NA,37.730191,-122.439466,NA,55,"180.0000000000 ft",NA,"A single stunted, small, many-stemmed plant growing from a crack in the overpass out over the freeway. Aerial roots are growing horizontally along the bottom lip of the overpass and also hanging vertically off the overpass. Flowers red.",NA,NA,NA,NA,NA,NA,NA,NA,"CAS","BOT-BC"
"4533981626","Metrosideros excelsa Sol. ex Gaertn.","Scott Batiuk","594",2023,"2023-06-10","California","San Francisco, edge of the Glen Park, Sunnyside, and Mission Terrace neighborhoods on the Baden St overpass above the I-280 freeway.",NA,37.73,-122.44,NA,55,"180 ft",NA,"A single stunted, small, many-stemmed plant growing from a crack in the overpass out over the freeway. Aerial roots are growing horizontally along the bottom lip of the overpass and also hanging vertically off the overpass. Flowers red.",NA,NA,NA,NA,"Scott Batiuk","2023-06-10T00:00:00",NA,"Standard sheet","CDA",NA
"5139191406","Metrosideros excelsa Sol. ex Gaertn.","Anthony Baniaga; Fiore Baniaga","1244",2023,"2023-07-09","California","Santa Monica Mountains; Santa Monica, along 4th Street at intersection with Marguerita Pl N (alley), on east side of 4th Street.",NA,34.027876,-118.508788,10,54,"54m","Urban.","Spontaneous epiphyte on Canary island date palm (Phoenix canariensis). Parent trees adjacent, a few individuals present on multiple phorophytes.",NA,NA,NA,NA,NA,NA,NA,NA,"LA",NA
"5054345326","Metrosideros waialealae var. waialealae","Williams, Adam M.; Brines, Emily; Alevizos, Christine; Magnacca, Karl","AMW807",2023,"2023-08-02","Hawaii","*",NA,NA,NA,NA,1216,"1216.0000000000 m","on a gentle NE slope in full sun just outside of the north bog fence. Lowland wet forest.","Small tree, 2 m tall, immature and mature fruit capsules present. I suspect some potential hybridization in this plant with M. polymorpha var. dieteri, particularly the pubescence on new growth, and the subtle palmate-like venation pattern on abaxia. * Data from these fields are not available on the web.",NA,NA,NA,NA,NA,NA,NA,NA,"CAS","BOT-BC"
"5956312395","Metrosideros polymorpha Gaudich.","Williams, A.M.; Brines, E.; Alevizos, C.; Magnacca, K.","AMW806",2023,"2023-08-02","Hawaii","Hanalei District. Near North Bog, Honoonapali NAR, Kauai",NA,NA,NA,NA,1223,"1223 m","Ohia (Metrosideros) Lowland Wet forest, adjacent to Ohia/Kuolohia/Oreobolus (Metrosideros polymorpha/Rhynchospora chinensis subsp. Spiciformia/Oreobolus furcatus) Mixed Bog Machaerina angustifolia, Dicranopteris linearis, Metrosideros polymorpha var. dieteri, Metrosideros waialealae var. waialealea, Kadua affinis, Dubautia paleata, Dubautia laxa subsp. Hirsuta, Melicope","Small treeleet, 1.5 meters tall, with immature and mature capsules. New growth pinkish, leaves medium green, stem dark. Parasitized by Korthal;sella rmyana. Growing in open flat area adjacent to North Bog fence, plants common among other Metrosideros taxa. I believe this is a unique form once known as var. microphylla, but n___",NA,NA,NA,NA,NA,NA,"NotAType",NA,"BISH",NA
"5956369843","Metrosideros waialealae var. waialealae","Williams, A.M.; Brines, E.; Alevizos, C.; Magnacca, K.","AMW807",2023,"2023-08-02","Hawaii","Hanalei District. Near North Bog, Honoonapali NAR, Kauai",NA,NA,NA,NA,1216,"1216 m","Ohia (Metrosideros) Lowland Wet Forest, adjacent to Ohia/Kuolohia/Oreobolus (Metrosideros polymorpha/Rhynchospora chinensis subsp. Spiciformis/Oreobolus furcatus) Mixed Bog Machaerina angustifolia, Dicranopteris linearis, Metrosideros polymorpha var. dleteri, M. polymorpha var. microphylla, Kadua affinis, Dubautia paleata, Dubautia laxa subsp. Hirsuta, Melicope waialeala","Small tree, 2 meters tall, on a gentle northeast slope in full sun just outside the North Bog fence, immature and mature fruit capsules present. I suspect some potential hybirdization in this plant with M. polymorpha var. dieteri, particularly the pubescence on new growth, and the subtle palmate-like venation pattern on abaxia",NA,NA,NA,NA,NA,NA,"NotAType",NA,"BISH",NA
"5956157477","Metrosideros polymorpha Gaudich.","Walvoord, N.; Gallaher, T.","NW-2023-033",2023,"2023-10-24","Hawaii","Pia Valley, East slope (facing West).",NA,NA,NA,NA,348,"348 m","Mid-slope between Pia valley and Kulepeamoa ridge. Along rocky trail. With Dodonaea viscosa, Sida falax, Eup Osteomeles anthyllidifolia and Wikstromea oahuense.","Seed Bank Accn 23-1-011; tissues dried for molecular data.; Small tree. Sligtly less imbricate than NW-2023-027",NA,NA,NA,NA,NA,NA,"NotAType",NA,"BISH",NA
"5956469688","Metrosideros polymorpha Gaudich.","Walvoord, N.; Gallaher, T.","NW-2023-030",2023,"2023-10-24","Hawaii","Pia Valley",NA,NA,NA,NA,152,"500 ft","In middle of erroded washed-out area in valley bottom. With Microsorum grossum, Nephrolepis cordifolia, Pityrogramma austroamericana, Osteomeles anthyllidifolia.","Seed Bank Accn 23-1-010; tissues dried for molecular data.; Small tree or subshrub - 3m tall, branching at the base. Very imbricate leaves, 4 ranked, forming a very ""boxy"" branches. Red flowers and many immature green fruits, few ripe.",NA,NA,NA,NA,NA,NA,"NotAType",NA,"BISH",NA
"5956360233","Metrosideros polymorpha var. pumila (A.Heller) J.W.Dawson & Stemmerm.","Wolkis, D.; Wood, K.; Perlman, S.; Baldwin, B.; Fawcett, S.; Thomsen, C.G.; Desmond, C.; McQueen, C.; Rivera-Ramos, R.; Skibel, J.; Zapata, J.","DMW1372",2022,"2022-09-13","Hawaii","Waimea District.",NA,NA,NA,NA,1201,"1201 m","Lehua Malanoe ""Dry bogf"" flat slpe, open canopy. Dicranopteris linearis, ryptomeria japonica, Drosera anglica, Gahnia beecheyi, Juncus planifolius, Korthalsella remyana, Palhinhaea cernua, Rhynchospora chinensis, Vaccinium dentatium Xyris complanata","Shrub 0.6 m tall growing on flat slope under open danopy in dry bot. Korthalsella remyana and a ""black sooty"" substancce present. Flower buds to dispersed seeds (empty capsules) present.",NA,NA,NA,NA,NA,NA,"NotAType",NA,"BISH",NA
"5956314194","Metrosideros polymorpha Gaudich.","Oppenheimer, H.L.; Pezzillo, Z.","H112211",2022,"2022-11-17","Hawaii","West Maui. Wailuku District. Waihee Valle, back of valley on south side of stream below ""Wall of Tears""",NA,NA,NA,NA,823,"2700 ft","Vegetation: Metrosideros polymorpha var. glaberrima, Cheirodendron, Coprosma, Perrottetia, Hydrangea, Diplazium, Cibotium, Sadleria, Wikstroemia, Clidemia, Tibouchina, Ageratina, Isachne, Plaius, Hymenophyllum, Elaphoglossum.","Northing: 2311090; Easting: 748466; Occasional shrubby treas with red flowers",NA,NA,NA,NA,NA,NA,"NotAType",NA,"BISH",NA
"5956455967","Metrosideros polymorpha Gaudich.","Pezzillo, Z.; Oppenheimer, H.L.","81",2022,"2022-11-17","Hawaii","West Maui, Waihe'e Valley, back of valley along central ridge",NA,NA,NA,NA,951,"3120 ft","Aspect: NE. Vegetation: Metrosideros, Cheirodendron, Pipturus, Perrottetia, Sadleria, Miconia crenata, Cibotium, Cyanea scabra, Erragrostis","Scattered plants, very silvery, flat hairs on adaxial surface of young leaves.",NA,NA,NA,NA,NA,NA,"NotAType",NA,"BISH",NA
"5956527827","Metrosideros polymorpha Gaudich.","Pezzillo, Z.; Oppenheimer, H.L.","80",2022,"2022-11-17","Hawaii","West Maui, Waihe'e Valley, back of valley along centrl ridge",NA,NA,NA,NA,951,"3120 ft","Aspect: NE. Vegetation: Metrosideros, Cheirodendron, Pipturus, Perrottetia, Sadleria, Miconia crenata, Cibotium, Cyanea scabra, Erragrostis","Scattered plants, very silvery, flat hairs on adaxial surface of young leaves.",NA,NA,NA,NA,NA,NA,"NotAType",NA,"BISH",NA
"5956540193","Metrosideros polymorpha Gaudich.","Pezzillo, Z.; Oppenheimer, H.L.","82",2022,"2022-11-17","Hawaii","West Maui, Waihe'e Valley, back of valley along central ridge",NA,NA,NA,NA,951,"3120 ft","Aspect: NE. Vegetation: Metrosideros, Cheirodendron, Pipturus, Perrottetia, Sadleria, Miconia crenata, Cibotium, Cyanea scabra, Erragrostis","Scattered plants, very silvery, flat hairs on adaxial surface of young leaves.",NA,NA,NA,NA,NA,NA,"NotAType",NA,"BISH",NA
"5956562600","Metrosideros polymorpha var. pumila (A.Heller) J.W.Dawson & Stemmerm.","Thomas, M.K.; Ching Harbin, S.; Togikawa, K.; Serrano, J.; Ruis, K.","556",2022,"2022-11-30","Hawaii","Waimano. Central Koolau Mountains",NA,NA,NA,NA,792,"792 m","Growing along top of ridge in semi boggy conditions. Growing within a thick layer of Bazzania cordistipula, Campylopus spp., Dicranodontium porodictyon, Leucobryum pachyphyllum, and other bryophytes. Also growign with Vaccinium dentatum, Dichanthelium koolauense, Axonopus compressus, and Metrosideros polymorpha var. glaberrima.","Technically this specimen represents M. polymorpha var. prostrata which is lumped within var. pumila. Prostrata seems like a good variety and shoud be ressurected. Hawaiian name = ?Ohi?a lehua; Prostrate plants with small elliptic-ovate leaves. Veins slightly impressed. Young leaves with a thin layer of hair, older leaves glabrous. Petioles and young stems red. Flowers red. Plants growing sympatric with typical, shrubby Metrosideros polymorpha with erect habit.",NA,NA,NA,NA,"Thomas, M.K.",NA,"NotAType",NA,"BISH",NA
"5956612594","Metrosideros polymorpha Gaudich.","Pezzillo, Z.; Oppenheimer, H.L.","79",2022,"2022-11-17","Hawaii","West Maui, Waihee Valle, yback of valley along central ridge",NA,NA,NA,NA,951,"3120 ft","Aspect: NE. Vegetation: Metrosideros, Cheirodendron, , Pipturus, Perrottetia, Sadleria, Miconia crenata, Cibotium, Cyasnea scabra, Erragrostis","Northing: 2313258 Easting: 751991; Scattered plants, very silvery, flat hairs on adaxial surfacce of young leaves",NA,NA,NA,NA,NA,NA,"NotAType",NA,"BISH",NA
"3926439559","Metrosideros excelsa Sol. ex Gaertn.","Batiuk, Scott","263",2021,"2021-01-02","California","Treasure Island, Perimeter Rd, 380' WNW of Gateview Ave/Avenue B intersection",NA,37.827528,-122.378763,NA,2,"5.0000000000 ft",NA,"Strongly wind-pruned; well past peak bloom, flowers rare. 5 plants, spontaneous in riprap. flowering/fruiting. Cultivated: No.",NA,NA,NA,NA,"Scott Batiuk","2021-01-02T00:00:00",NA,NA,"CAS","BOT-BC"
"5956507922","Metrosideros polymorpha var. macrophylla (Rock) H.St.John","Oppenheimer, H.L.; Osgood, M.; Morrison, L.","H62138",2021,"2021-06-24","Hawaii","East Maui, Hana District, Haleakala National Park, Heleleikeoha drainage basin, vicinity of Smith Camp near Kipahulu Valley",NA,NA,NA,NA,1652,"5420 ft","Single tree of this variety observed among M. p. var. polymorpha. Vegetation: Metrosideros Montane Wet Forest.","Northing: 2295067; Easting: 802536",NA,NA,NA,NA,NA,NA,"NotAType",NA,"BISH",NA
"5956427286","Metrosideros polymorpha Gaudich.","Wolkis, D.; Wolkis, C.","DMW1246",2020,"2020-05-17","Hawaii","Waimea District. About one third of a mile down the road that is the first west road above Iliau Nature Loop.",NA,NA,NA,NA,892,"892 m","Eucalyptus cf. robusta - Psidium cattleyanum mesic forest. Acacia koa, Dodonaea viscosa, Eucalyptus cf. robusta, Lantana camara, Leptecophylla tameiameiae, Polygala paniculata, Psidium cattleyanum","Tree ~ 7.5 m tall with about 5 main stems. Larger than expected leaves smooth underneath.",NA,NA,NA,NA,NA,NA,"NotAType",NA,"BISH",NA
"5956662811","Metrosideros waialealae var. waialealae","Wood, K.R.; Ronsted, N.; Clark, M.; DeMotta, M.; Houck, K.","18454",2020,"2020-06-23","Hawaii","Lihue District; Haupu summit region",NA,NA,NA,NA,646,"646 m","95% open shrubland/herbland with sparse tree cover of Metrosideros polymorpha w/ Dicranopteris linearis, Machaerina angustifolia, M. mariscoides, Sida fallax, Cibotium glaucum, Sadleria pallida, Kadua terminalis, K. fluviatilis, Psychotria mariniana, Antidesma platyphyllum var. Occasional with M. polymorpha var. glaberrima & M. p. var. dieteri.","Tree, 1 m tall, stunted in Dicranopteris, in early flower, stamens red",NA,NA,NA,NA,NA,NA,"NotAType",NA,"BISH",NA
"5956300925","Metrosideros polymorpha Gaudich.","Oppenheimer, H.L.; Severson, K.","H102009",2020,"2020-10-26","Hawaii","West Maui, Wailuku District, Waihe'e Valley, back of valley on south side below ""Wall of Tear""",NA,NA,NA,NA,792,"2600 ft","Metrosideros, Cheirodendron, Myrine, Melicope, Ilex, Coprosma, Clermontia, Dicranopteris, Diplopetrygium, Freycinetia, Antidesma, Cibotium, Sadleria, Diplazium, Athyrium, Elaphoglossum, Isachne, Cyanea, Clidemia, Tibouchina, Ageratina, Rubus, Paspalum, Machaerina, Stenogyne, Anoectochilus, Cyrtandra, Dubautia, Phyllostegia, Rynchospora, Carex, Peperomia","Northing: 2313292 / Easting: 752079; Shrubs to small trees, with unusual pubescent, small vegetative buds; Flower color unknown",NA,NA,NA,NA,NA,NA,"NotAType",NA,"BISH",NA
"5956406405","Metrosideros polymorpha Gaudich.","Wolkis, D.; Eriksson, E.; Jones, K.; Walsh, S.; Ronsted, N.","DMW1259",2020,"2020-10-06","Hawaii","Waimea District",NA,NA,NA,NA,1203,"1203 m","Kokee, Lehua Makanoe bog Bog Cheirodendron spp., Dicranopteris linearis, Drosera anglica, Gahnia sp., Ilex anomala, Korthalsella sp., Melicope clusiifolia, Metrosideros polymorpha var glaberrima, Vaccinium spp.","Shrub ~.75 m. Red flower.",NA,NA,NA,NA,NA,NA,"NotAType",NA,"BISH",NA
"2907799595","Metrosideros polymorpha Gaudich.","Shea Uehana (ORCID 0000-0003-1142-4215)",NA,2019,"2019-01-15","Hawaii","Pacific Tropical (D20), Pu'u Maka'ala Natural Area Reserve NEON (PUUM), Plot PUUM_002 (plot dimensions: 40m x 40m)",NA,19.595002,-155.346931,20,1792.5,NA,"evergreenForest; slope aspect: 70; slope gradient: 2.29; soil type order: Histosols","sample type: Woody individual; Canopy foliage sample from a single species at sites dominated by woody tree cover or bulk herbaceous biomass clips at sites dominated by herbaceous vegetation. Samples collected every five years as part of the NEON canopy foliage protocols. Stored dried and ground at room temperature.",NA,NA,NA,NA,"undefined","2019-01-15T19:57:00",NA,"preservative type: ambient, sample mass: 5.39","NEON","TPLC-CF"
"2907799598","Metrosideros polymorpha Gaudich.","Shea Uehana (ORCID 0000-0003-1142-4215)",NA,2019,"2019-01-15","Hawaii","Pacific Tropical (D20), Pu'u Maka'ala Natural Area Reserve NEON (PUUM), Plot PUUM_002 (plot dimensions: 40m x 40m)",NA,19.595002,-155.346931,20,1792.5,NA,"evergreenForest; slope aspect: 70; slope gradient: 2.29; soil type order: Histosols","sample type: Woody individual; Canopy foliage sample from a single species at sites dominated by woody tree cover or bulk herbaceous biomass clips at sites dominated by herbaceous vegetation. Samples collected every five years as part of the NEON canopy foliage protocols. Stored dried and ground at room temperature.",NA,NA,NA,NA,"undefined","2019-01-15T20:39:00",NA,"preservative type: ambient, sample mass: 6.58","NEON","TPLC-CF"
"2907800082","Metrosideros polymorpha Gaudich.","Shea Uehana (ORCID 0000-0003-1142-4215)",NA,2019,"2019-01-15","Hawaii","Pacific Tropical (D20), Pu'u Maka'ala Natural Area Reserve NEON (PUUM), Plot PUUM_013 (plot dimensions: 40m x 40m)",NA,19.564986,-155.34223,20,1872.5,NA,"evergreenForest; slope aspect: 228.9; slope gradient: 3.83; soil type order: Histosols","sample type: Woody individual; Canopy foliage sample from a single species at sites dominated by woody tree cover or bulk herbaceous biomass clips at sites dominated by herbaceous vegetation. Samples collected every five years as part of the NEON canopy foliage protocols. Stored dried and ground at room temperature.",NA,NA,NA,NA,"undefined","2019-01-15T23:23:00",NA,"preservative type: ambient, sample mass: 6.1","NEON","TPLC-CF"
"2907800084","Metrosideros polymorpha Gaudich.","Shea Uehana (ORCID 0000-0003-1142-4215)",NA,2019,"2019-01-16","Hawaii","Pacific Tropical (D20), Pu'u Maka'ala Natural Area Reserve NEON (PUUM), Plot PUUM_004 (plot dimensions: 40m x 40m)",NA,19.557778,-155.230067,20,1104,NA,"evergreenForest; slope aspect: 109; slope gradient: 0.86; soil type order: Histosols","sample type: Woody individual; Canopy foliage sample from a single species at sites dominated by woody tree cover or bulk herbaceous biomass clips at sites dominated by herbaceous vegetation. Samples collected every five years as part of the NEON canopy foliage protocols. Stored dried and ground at room temperature.",NA,NA,NA,NA,"undefined","2019-01-16T22:04:00",NA,"preservative type: ambient, sample mass: 3.22","NEON","TPLC-CF"
"2907800085","Metrosideros polymorpha Gaudich.","Shea Uehana (ORCID 0000-0003-1142-4215)",NA,2019,"2019-01-16","Hawaii","Pacific Tropical (D20), Pu'u Maka'ala Natural Area Reserve NEON (PUUM), Plot PUUM_015 (plot dimensions: 40m x 40m)",NA,19.561039,-155.249535,20,1208,NA,"evergreenForest; slope aspect: 209.6; slope gradient: 11.97; soil type order: Histosols","sample type: Woody individual; Canopy foliage sample from a single species at sites dominated by woody tree cover or bulk herbaceous biomass clips at sites dominated by herbaceous vegetation. Samples collected every five years as part of the NEON canopy foliage protocols. Stored dried and ground at room temperature.",NA,NA,NA,NA,"undefined","2019-01-16T20:11:00",NA,"preservative type: ambient, sample mass: 4.52","NEON","TPLC-CF"
"2907800090","Metrosideros polymorpha Gaudich.","Shea Uehana (ORCID 0000-0003-1142-4215)",NA,2019,"2019-01-15","Hawaii","Pacific Tropical (D20), Pu'u Maka'ala Natural Area Reserve NEON (PUUM), Plot PUUM_013 (plot dimensions: 40m x 40m)",NA,19.564986,-155.34223,20,1872.5,NA,"evergreenForest; slope aspect: 228.9; slope gradient: 3.83; soil type order: Histosols","sample type: Woody individual; Canopy foliage sample from a single species at sites dominated by woody tree cover or bulk herbaceous biomass clips at sites dominated by herbaceous vegetation. Samples collected every five years as part of the NEON canopy foliage protocols. Stored dried and ground at room temperature.",NA,NA,NA,NA,"undefined","2019-01-15T22:48:00",NA,"preservative type: ambient, sample mass: 5.47","NEON","TPLC-CF"
"2907800092","Metrosideros polymorpha Gaudich.","Shea Uehana (ORCID 0000-0003-1142-4215)",NA,2019,"2019-01-15","Hawaii","Pacific Tropical (D20), Pu'u Maka'ala Natural Area Reserve NEON (PUUM), Plot PUUM_013 (plot dimensions: 40m x 40m)",NA,19.564986,-155.34223,20,1872.5,NA,"evergreenForest; slope aspect: 228.9; slope gradient: 3.83; soil type order: Histosols","sample type: Woody individual; Canopy foliage sample from a single species at sites dominated by woody tree cover or bulk herbaceous biomass clips at sites dominated by herbaceous vegetation. Samples collected every five years as part of the NEON canopy foliage protocols. Stored dried and ground at room temperature.",NA,NA,NA,NA,"Sam Preer (ORCID 0000-0002-8685-0449)","2019-01-15T23:08:00",NA,"preservative type: ambient, sample mass: 5.89","NEON","TPLC-CF"
"2907800095","Metrosideros polymorpha Gaudich.","Shea Uehana (ORCID 0000-0003-1142-4215)",NA,2019,"2019-01-15","Hawaii","Pacific Tropical (D20), Pu'u Maka'ala Natural Area Reserve NEON (PUUM), Plot PUUM_002 (plot dimensions: 40m x 40m)",NA,19.595002,-155.346931,20,1792.5,NA,"evergreenForest; slope aspect: 70; slope gradient: 2.29; soil type order: Histosols","sample type: Woody individual; Canopy foliage sample from a single species at sites dominated by woody tree cover or bulk herbaceous biomass clips at sites dominated by herbaceous vegetation. Samples collected every five years as part of the NEON canopy foliage protocols. Stored dried and ground at room temperature.",NA,NA,NA,NA,"undefined","2019-01-15T20:57:00",NA,"preservative type: ambient, sample mass: 4.41","NEON","TPLC-CF"
"2907800135","Metrosideros polymorpha Gaudich.","Rob Hamnett (ORCID 0000-0003-3396-0908)",NA,2019,"2019-01-16","Hawaii","Pacific Tropical (D20), Pu'u Maka'ala Natural Area Reserve NEON (PUUM), Plot PUUM_034 (plot dimensions: 40m x 40m)",NA,19.549124,-155.312265,20,1649,NA,"evergreenForest; slope aspect: 101.3; slope gradient: 0.69; soil type order: Histosols","sample type: Woody individual; Canopy foliage sample from a single species at sites dominated by woody tree cover or bulk herbaceous biomass clips at sites dominated by herbaceous vegetation. Samples collected every five years as part of the NEON canopy foliage protocols. Stored dried and ground at room temperature.",NA,NA,NA,NA,"undefined","2019-01-16T22:50:00",NA,"preservative type: ambient, sample mass: 5.47","NEON","TPLC-CF"
"2907800140","Metrosideros polymorpha Gaudich.","Rob Hamnett (ORCID 0000-0003-3396-0908)",NA,2019,"2019-01-16","Hawaii","Pacific Tropical (D20), Pu'u Maka'ala Natural Area Reserve NEON (PUUM), Plot PUUM_034 (plot dimensions: 40m x 40m)",NA,19.549124,-155.312265,20,1649,NA,"evergreenForest; slope aspect: 101.3; slope gradient: 0.69; soil type order: Histosols","sample type: Woody individual; Canopy foliage sample from a single species at sites dominated by woody tree cover or bulk herbaceous biomass clips at sites dominated by herbaceous vegetation. Samples collected every five years as part of the NEON canopy foliage protocols. Stored dried and ground at room temperature.",NA,NA,NA,NA,"undefined","2019-01-16T23:21:00",NA,"preservative type: ambient, sample mass: 4.91","NEON","TPLC-CF"
"2907800150","Metrosideros polymorpha Gaudich.","Rob Hamnett (ORCID 0000-0003-3396-0908)",NA,2019,"2019-01-15","Hawaii","Pacific Tropical (D20), Pu'u Maka'ala Natural Area Reserve NEON (PUUM), Plot PUUM_032 (plot dimensions: 40m x 40m)",NA,19.55072,-155.315984,20,1683,NA,"evergreenForest; slope aspect: 220; slope gradient: 0.63; soil type order: Histosols","sample type: Woody individual; Canopy foliage sample from a single species at sites dominated by woody tree cover or bulk herbaceous biomass clips at sites dominated by herbaceous vegetation. Samples collected every five years as part of the NEON canopy foliage protocols. Stored dried and ground at room temperature.",NA,NA,NA,NA,"undefined","2019-01-15T23:01:00",NA,"preservative type: ambient, sample mass: 5.6","NEON","TPLC-CF"
"2907800152","Metrosideros polymorpha Gaudich.","Rob Hamnett (ORCID 0000-0003-3396-0908)",NA,2019,"2019-01-15","Hawaii","Pacific Tropical (D20), Pu'u Maka'ala Natural Area Reserve NEON (PUUM), Plot PUUM_032 (plot dimensions: 40m x 40m)",NA,19.55072,-155.315984,20,1683,NA,"evergreenForest; slope aspect: 220; slope gradient: 0.63; soil type order: Histosols","sample type: Woody individual; Canopy foliage sample from a single species at sites dominated by woody tree cover or bulk herbaceous biomass clips at sites dominated by herbaceous vegetation. Samples collected every five years as part of the NEON canopy foliage protocols. Stored dried and ground at room temperature.",NA,NA,NA,NA,"undefined","2019-01-15T22:39:00",NA,"preservative type: ambient, sample mass: 4.87","NEON","TPLC-CF"
"2907800154","Metrosideros polymorpha Gaudich.","Rob Hamnett (ORCID 0000-0003-3396-0908)",NA,2019,"2019-01-15","Hawaii","Pacific Tropical (D20), Pu'u Maka'ala Natural Area Reserve NEON (PUUM), Plot PUUM_032 (plot dimensions: 40m x 40m)",NA,19.55072,-155.315984,20,1683,NA,"evergreenForest; slope aspect: 220; slope gradient: 0.63; soil type order: Histosols","sample type: Woody individual; Canopy foliage sample from a single species at sites dominated by woody tree cover or bulk herbaceous biomass clips at sites dominated by herbaceous vegetation. Samples collected every five years as part of the NEON canopy foliage protocols. Stored dried and ground at room temperature.",NA,NA,NA,NA,"undefined","2019-01-15T23:06:00",NA,"preservative type: ambient, sample mass: 5.23","NEON","TPLC-CF"
"2907800155","Metrosideros polymorpha Gaudich.","Rob Hamnett (ORCID 0000-0003-3396-0908)",NA,2019,"2019-01-15","Hawaii","Pacific Tropical (D20), Pu'u Maka'ala Natural Area Reserve NEON (PUUM), Plot PUUM_031 (plot dimensions: 40m x 40m)",NA,19.553624,-155.319191,20,1711.5,NA,"evergreenForest; slope aspect: 315.6; slope gradient: 6.62; soil type order: Histosols","sample type: Woody individual; Canopy foliage sample from a single species at sites dominated by woody tree cover or bulk herbaceous biomass clips at sites dominated by herbaceous vegetation. Samples collected every five years as part of the NEON canopy foliage protocols. Stored dried and ground at room temperature.",NA,NA,NA,NA,"undefined","2019-01-15T20:22:00",NA,"preservative type: ambient, sample mass: 3.43","NEON","TPLC-CF"
"4010374313","Metrosideros polymorpha Gaudich.","S. Walsh","SKW667",2019,"2019-01-03","Hawaii","Waimea District, Pihea.",NA,22.1536,-159.62,NA,1252,NA,"Montane wet forest",NA,NA,NA,NA,NA,NA,NA,NA,NA,"US","US"
"5956146043","Metrosideros polymorpha Gaudich.","Walsh, S.; Flynn, T.; Moeller, D.; Villanueva, S.; Wolkis, D.","SKW667",2019,"2019-01-03","Hawaii","Waimea District. Pihea.",NA,NA,NA,NA,1252,"1252 m","Metrosideros polymorpha montane wet forest with Metrosideros polymorpha var. dieteri, Cheirodendron spp., Dicranopteris linearis, Diplopterygium pinnatum, Hedychium gardnerianum, Spzygium sandwicensis, Smilax melastomifolia, Luzula hawaiiensis.","NTBG acc. 20190020; Large shrub to small tree about 12 feet tall. Stames (flowers) red.",NA,NA,NA,NA,NA,NA,"NotAType",NA,"BISH",NA
"5956213571","Metrosideros polymorpha var. dieteri J.W.Dawson & Stemmerm.","Walsh, S.; Flynn, T.; Moeller, D.; Villanueva, S.; Wolkis, D.","SKW665",2019,"2019-01-03","Hawaii","Waimea District. Pihea.",NA,NA,NA,NA,1222,"1222 m","Metrosideros polymorpha montane wet forest with Metrosideros polymorpha var. glaberrima, Cheirodendron spp., Dicranopteris linearis, Diplopterygium pinnatum, Hedychium gardnerianum, Spzygium sandwicensis, Smilax melastomifolia, Luzula hawaiiensis.","NTBG acc 20190018; Tree about 25 feet tall.",NA,NA,NA,NA,NA,NA,"NotAType",NA,"BISH",NA
"5956252307","Metrosideros polymorpha var. dieteri J.W.Dawson & Stemmerm.","Wolkis, D.; Walsh, S.; Lyte, B.; Lum, C.","DMW1200",2019,"2019-01-14","Hawaii","Waimea District. Kokee.",NA,NA,NA,NA,1231,"1231 m","Pihea Wet forest Cheidrondron spp., Dicranopteris linearis, Sadleria sp.","Tree 5 meters high. Rust like spots present on leaves.",NA,NA,NA,NA,NA,NA,"NotAType",NA,"BISH",NA
"5956309431","Metrosideros polymorpha Gaudich.","Wolkis, D.; Walsh, S.; Lyte, B.; Lum, C.","DMW1201",2019,"2019-01-14","Hawaii","Waimea District. Kokee.",NA,NA,NA,NA,1266,"1266 m","Pihea Wet forest Cheidrondron spp., Clermontia sp., Dicranopteris linearis, Hedychium gardnerianum, Metrosideros polymorpha var. dieteri, Sadleria sp.","Tree 2.5 meters high. Lichen(s) and moss(es) on stems.",NA,NA,NA,NA,NA,NA,"NotAType",NA,"BISH",NA
"5956414092","Metrosideros polymorpha var. dieteri J.W.Dawson & Stemmerm.","Walsh, S.; Flynn, T.; Moeller, D.; Villanueva, S.; Wolkis, D.","SKW666",2019,"2019-01-03","Hawaii","Waimea District. Pihea.",NA,NA,NA,NA,1226,"1226 m","Metrosideros polymorpha montane wet forest with Metrosideros polymorpha var. glaberrima, Cheirodendron spp., Dicranopteris linearis, Diplopterygium pinnatum, Hedychium gardnerianum, Spzygium sandwicensis, Smilax melastomifolia, Luzula hawaiiensis.","NTBG acc. 20190019; Large to small tree about 13 feet tall.",NA,NA,NA,NA,NA,NA,"NotAType",NA,"BISH",NA
"3827915318","Metrosideros waialealae var. waialealae","S. Walsh, M. Edmonds & N. Tangalin","SKW672",2019,"2019-02-05","Hawaii","Hanalei District, Namolokama",NA,22.1463,-159.496,NA,1269,NA,"Open boggy area of montane, wet forest",NA,NA,NA,NA,NA,NA,NA,NA,NA,"US","US"
"5054344318","Metrosideros polymorpha var. glaberrima (H.Lév.) H.St.John","Tangalin, Natalia","5079",2019,"2019-02-21","Hawaii","*",NA,NA,NA,NA,628,"628.0000000000 m","Metrosideros-Dicranopteris Lowland Wet Forest w/ Metrosideros polymorpha var. dieteri, Metrosideros waialealae, Dicranopteris, Clidemia, Andropogon.","Large sprawling tree about 18 ft tall. Bark shaggy light color. Leaves glabrous, new lvs red. Seed light color. Collected from a single tree. DNA photo. BISH,CAS,UBC. * Data from these fields are not available on the web.",NA,NA,NA,NA,NA,NA,NA,NA,"CAS","BOT-BC"
"5956312329","Metrosideros waialealae var. waialealae","Walsh, S.; Edmonds, M.; Tangalin, N.","SKW685",2019,"2019-02-06","Hawaii","Hanalei District. Namolokama",NA,NA,NA,NA,NA,"1301","Open boggy area of low canopy Metrosideros spp. Montane wet forest with Metrosideros polymorpha var. glaberrima, M. polymorpha var. dieteri, Melicope clusiifolia, Cheirodendron spp., Macherina angustifolia, Vaqcinium spp.","Tree about 12 feet tall. Stamens red. Petroles reddish-purple.",NA,NA,NA,NA,NA,NA,"NotAType",NA,"BISH",NA
"5956369774","Metrosideros waialealae var. waialealae","Walsh, S.; Edmonds, M.; Tangalin, N.","SKW672",2019,"2019-02-05","Hawaii","Hanalei District. Namolokama",NA,NA,NA,NA,1269,"1269 m","Open boggy area of low canopy Metrosideros spp. Montane wet forest with Metrosideros polymorpha var. glaberrima, M. polymorpha var. dieteri, Machaerina angustifolia, Dubautia spp., Cheirodendron spp., Sadleria sp., Broussaisia arguta, Dicranopteris linearis, Nertera gr___","Small tree about 7 feet tall. Stamens red. Petioles pinkish-purple. Flower buds with dense, white hairs.",NA,NA,NA,NA,NA,NA,"NotAType",NA,"BISH",NA
"5956385030","Metrosideros polymorpha Gaudich.","N. Tangalin","5079",2019,"2019-02-21","Hawaii","Koloa, Wahiawa basin, before Kanaele Bog, at end of 4WD road before trail to Kanaele Bog.",NA,NA,NA,NA,628,"628 m","Metrosideros-Dicranopteris lowland wet forest w/ Metrosideros polymorpha var. Dieteri, Metrosideros waialealae, Dicranopteris, Clidemia, Andropogon","Large sprawling tree about 18 ft tall. Bark shaggy light color., Leaves glaborous, new lvs red. Seed light color. Collected from a single tree.",NA,NA,NA,NA,NA,NA,"NotAType",NA,"BISH",NA
"5956283678","Metrosideros polymorpha Gaudich.","N. Tangalin","5085",2019,"2019-03-08","Hawaii","Waimea, upper gulch above Waimea canyon, off of highway 550.",NA,NA,NA,NA,1031,"1031 m","Degraded diverse mesic forest w/ Acacia koa, Metrosideros polymorpha, Lantana, Myrica faya","Single large tree on ridge, about 25 ft tall. Flowers orange-red. Leaves glaborous ovate, new leaves lanceolate. Bud glaborous. Bark shaggy",NA,NA,NA,NA,NA,NA,"NotAType",NA,"BISH",NA
"3827907315","Metrosideros polymorpha var. pumila (A.Heller) J.W.Dawson & Stemmerm.","D. Wolkis, S. Blackwell & N. Melkonoff","DMW1203",2019,"2019-04-16","Hawaii","Alakai Swamp.",NA,22.1551,-159.596,NA,1231,NA,"Inundated soil",NA,NA,NA,NA,NA,NA,NA,NA,NA,"US","US"
"5956306832","Metrosideros polymorpha var. pumila (A.Heller) J.W.Dawson & Stemmerm.","Wolkis, D.; Blackwell, S.; Melkonoff, N.","DMW1203",2019,"2019-04-16","Hawaii","Waimea District. Alakai Swamp.",NA,NA,NA,NA,1231,"1231 m","Inundated soil. Cheirodendron sp., Coprosma elliptica, Dicranopters linearis, Drosera anglica, Hedychium gardnerianum, Korthalsella sp., Metrosideros polymorpha var. pumila, Sadleria sp., Vaccinium sp., Viola kauaen","Lat/Long: 22.155138, -159.595742; Large shrub about 1.75 m high. Underside of leaf super hairy. Korthalsella sp. present.",NA,NA,NA,NA,NA,NA,"NotAType",NA,"BISH",NA
"2432125862","Metrosideros excelsa Sol. ex Gaertn.","Ryan Holt; Jack Brereton; Paige Haywood; Devan Matthews; Kent Sato; Adam Lenth","1",2019,"2019-05-18","California","coming into Laguna Lake Park, take a left at Dalidio Road and go to the second parking section. Four specimens of the species are to the left of the playground",NA,35.2633,-120.6843,NA,NA,NA,"out in the open next to lots of grass","about 20 feet high with canopy spreading around 6 feet wide. Lots of dark green leaves with fuzzy undersides",NA,NA,NA,NA,NA,NA,NA,"pressed herbarium specimen","OBI",NA
"5956177720","Metrosideros polymorpha Gaudich.","Walsh, S.; Perlman, S.; Wood, K.","SKW714",2019,"2019-05-08","Hawaii","Waimea District. Waialae",NA,NA,NA,NA,1124,"1124 m","Mixed mesic forest W/ Metrosideros polymorpha var. glaberrima, Acacia koa, Elaeocarpus bifidus, Dodonaea viscosa, Diospyros sandwicensis, Chrysodracon aurea, Planchonella sandwicensis, Melicope barbigera, Polyscias sp.","Lat/Long: 22.074617, -159.600173; Tree about 20 ft tall. In flower and mature and immature fruit. Stamens red.",NA,NA,NA,NA,NA,NA,"NotAType",NA,"BISH",NA
"5956177717","Metrosideros polymorpha Gaudich.","Walsh, S.; Nyberg, B.; Wood, K.","SKW734",2019,"2019-08-28","Hawaii","Hanalei District. Kalalau Valley",NA,NA,NA,NA,562,"562 m","Mixed mesic forest with Psydrax odorata, Santalum sp., Dodonaea viscosa, Andropogon glomeratus, Psidium cattelanum, Clidemia hirta, Lantana camara","Tree about 20 feet tall. In fruit - immature, mature and old.",NA,NA,NA,NA,NA,NA,"NotAType",NA,"BISH",NA
"5956384927","Metrosideros polymorpha Gaudich.","Wood, K.R.; Walsh, S.; Heintzman, S.","18348",2019,"2019-12-12","Hawaii","Kauai Hanalei District. Wainiha, upper northeastern fork.",NA,NA,NA,NA,671,"671 m","Metrosideros lowland wet forest and riparian vegetation suurrounded by steep valley walls with Dicranopteris and mixed shrubs with Antidesma, Syzygium, Broussaisia, Perrottetia, Melicope spp, Cyrtandra spp, Psychotria spp, Dubautia spp, Labordia spp, Coprosma waimeae, Cheirodendron spp, Polyscias kavaiensis, P. oahuensis, rich____","Seed Coll. Acc # 20190914; Tree, 4 meters tall with fruit.",NA,NA,NA,NA,NA,NA,"NotAType",NA,"BISH",NA
"2592255121","Metrosideros waialealae var. waialealae","K. R. Wood, J. R. Shevock & D. Ma","17795",2018,"2018-01-29","Hawaii","Lihue District, Waiahi headwaters, south branch",NA,22.0066,-159.5,NA,850,NA,"Ridges of shrubland-fernland dissected by small drainages and patches of forest",NA,NA,NA,NA,NA,NA,NA,NA,NA,"US","US"
"5956314146","Metrosideros waialealae (Rock) Rock","Wood, K.R.; Shevock, J.; Ma, D.","17795",2018,"2018-01-29","Hawaii","Lihue District. Waiahi headwaters, south branch.",NA,NA,NA,NA,850,"850 m","Ridges of shrbland-fernland dissected by small drainages and patches of forest with Metrosideros ca 60% with 20% Cheirodendron interspersed with species of Psychotria, Broussaisia, Polyscias, Kadua, Melicope, Perrottetia, Machaerina, Vaccinium, Dubautia, ferns of Dicranopteris, S__","Tree, 5 meters tall, moderately branched, on wind swept ridge, in flower and old capsules, common.",NA,NA,NA,NA,NA,NA,"NotAType",NA,"BISH",NA
"5956555741","Metrosideros polymorpha Gaudich.","Kennedy, B.; Imada, C.","50",2018,"2018-03-19","Hawaii","Honolulu, Bishop Museum Campus, native Hawaiian garden.",NA,NA,NA,NA,20,"64 ft",NA,"Cultivated.; Small tree, 5ft ht; flowers yellow.",NA,NA,NA,NA,"Kennedy, B.; Walvoord, N.",NA,"NotAType",NA,"BISH",NA
"5956619119","Metrosideros polymorpha Gaudich.","Kennedy, B.; Imada, C.","52",2018,"2018-03-20","Hawaii","Honolulu, Bishop Museum Campus, native Hawaiian garden.",NA,NA,NA,NA,20,"64 ft",NA,"Cultivated.; Tree, 10-12 ft ht; flowers red.",NA,NA,NA,NA,"Kennedy, B.; Walvoord, N.",NA,"NotAType",NA,"BISH",NA
"5956688533","Metrosideros polymorpha var. polymorpha","Kennedy, B.; Imada, C.","49",2018,"2018-03-19","Hawaii","Honolulu, Bishop Museum Campus, native Hawaiian garden.",NA,NA,NA,NA,20,"64 ft",NA,"Cultivated.; Small tree, 5ft ht; flowers yellow.",NA,NA,NA,NA,"Kennedy, B.; Walvoord, N.",NA,"NotAType",NA,"BISH",NA
"5956415709","Metrosideros polymorpha Gaudich.","Akamine, M.","USARMY 494",2018,"2018-04-30","Hawaii","Waianae Mts., Manuwai.",NA,NA,NA,NA,549,"1800 ft","On ridge crest ca halfway up from gulch bottom on west side of gulch along fence line. Associated vegetation: Diospyros sp., Toona ciliata.","UTM: 590307, 2379973; Tree ca 4 m tall. Flowers red. Small cluster of 3 trees, possibly a hybrid of M. tremuloides x M. macropus?",NA,NA,NA,NA,"Faccenda, K.",NA,"NotAType",NA,"BISH",NA
"3863031365","Metrosideros polymorpha Gaudich.","S. Walsh, T. W. Flynn & K. R. Wood","SKW605",2018,"2018-07-11","Hawaii","Lihue District, Kamooloa",NA,22.0036,-159.495,NA,708,NA,"Wet forest, on open windswept slope/ridge",NA,NA,NA,NA,NA,NA,NA,NA,NA,"US","US"
"4023189310","Metrosideros polymorpha Gaudich.","S. Walsh, S. P. Perlman & K. R. Wood","SKW600",2018,"2018-07-05","Hawaii","Hanalei District, Lumahai Valley, back, east side slopes",NA,22.124,-159.499,NA,769,NA,"Montane wet forest",NA,NA,NA,NA,NA,NA,NA,NA,NA,"US","US"
"5956196307","Metrosideros polymorpha Gaudich.","Walsh, S.; Perlman, S.; Wood, K.","SKW599",2018,"2018-07-05","Hawaii","Hanalei Distirct. Lumahai Valley, back, east side slopes.",NA,NA,NA,NA,632,"632 m","Metrosideros polymorpha var. glaberrima montane wet forest. With Syzygium sandwicensis, Dicranopteris linearis, Diplopterygium pinnatum, Antidesma platyphyllum, Psychotria mariniana, Diospyros sandwicensis, Bobea elator, Wikstroemia oahuensis.","MET POL GLA LUM A 001; Small tree about 15 feet tall. In fruit.",NA,NA,NA,NA,NA,NA,"NotAType",NA,"BISH",NA
"5956277371","Metrosideros polymorpha Gaudich.","Wood, K.R.; DeMotta, M.","17895",2018,"2018-07-19","Hawaii","Waimea District. Makaha Valley, north facing slopes.",NA,NA,NA,NA,762,"762 m","Diospyros-Acacia-Metrosideros mesic forest w/ Alpitonia ponderosa, Dodonaea viscosa, Nestegis sandwicensis, Psydrax odorata, Chrysodracon aurea, Psychotria mariniana, Kadua affinis, Coprosma waimeae, Myrsine lanaiensis, Polyscias waimeae, Ant","SEED COLL. ACC #20180467. Lat/Long: 22.123875, -159.699225; Tree, 10 m tall, well-branched, w/ flower and fruit, common",NA,NA,NA,NA,NA,NA,"NotAType",NA,"BISH",NA
"5956370585","Metrosideros polymorpha Gaudich.","Walsh, S.; Wood, K.","SKW607",2018,"2018-07-13","Hawaii","Waimea District. Kumuwela, above and west of Poomau Stream.",NA,NA,NA,NA,1155,"1155 m","Metrosideros polymorpha var. glaberrima and Acacia koa montane, mesic foreest. With Dodonaea viscosa, Leptecophylla tameiameiae, Melicope barbigera, Scaevola procera, Kadua affinis, Planchonella sandwicensis, Dianella sandwicensis, Psidium cattleianum, Hedychium gardnerianum, Myrs","Tree, about 20 feet tall. Immature and mature fruit.",NA,NA,NA,NA,NA,NA,"NotAType",NA,"BISH",NA
"2608751102","Metrosideros polymorpha Gaudich.","S. Walsh & S. Deans","SKW612",2018,"2018-08-18","Hawaii","Hanalei District, upper Limahuli Preserve",NA,22.1983,-159.582,NA,591,NA,"Montane wet forest",NA,NA,NA,NA,NA,NA,NA,NA,NA,"US","US"
"5956507880","Metrosideros polymorpha Gaudich.","Wood, K.R.","176909",2018,"2018-08-14","Hawaii","Hanalei District. Northeast Alakai.",NA,NA,NA,NA,1430,"1430 m","Forest, bogs and drainages, Metrosideros-Cheirodendron montane wet forest, bogs and riparian habitats with Broussaisia arguta, Dubautia paleata, Labordia waialealae, L. pumila, Polyscias waialealae, Vaccinium calycinum, Pipturus ruber, Descampsia nubigena, Machaerina angustifolia, Melicope cluslifolia,","Seed Coll. Acc #20180519.; Tree, 1 meter tall, many branched, spreading 2 meters wide, in boggy areas, in fruit.",NA,NA,NA,NA,NA,NA,"NotAType",NA,"BISH",NA
"5956638256","Metrosideros polymorpha Gaudich.","Wood, K.R.","17927",2018,"2018-08-15","Hawaii","Hanalei District. Northeast Alakai.",NA,NA,NA,NA,1460,"1460 m","Forest, bogs and drainages, Metrosideros-Cheirodendron montane wet forest, bogs and riparian habitats with Broussaisia arguta, Dubautia paleata, Labordia waialealae, L. pumila, Polyscias waialealae, Vaccinium calycinum, Pipturus ruber, Descampsia nubigena, Machaerina angustifolia, Melicope cluslifolia,","Tree, 1 meter tall, leaves dark green or with gray tinge, in flower, calyx with silver pubescence, in bogs, common.",NA,NA,NA,NA,NA,NA,"NotAType",NA,"BISH",NA
"5956642384","Metrosideros waialealae var. waialealae","Wood, K.R.","17926",2018,"2018-08-15","Hawaii","Hanalei District. NE Alakai, forest, bogs, and drainages.",NA,NA,NA,NA,1460,"1460 m","Metrosideros-Cheirodendron montane wet forest, bogs and riparian habitats w/ Broussaisia arguta, Dubautia paleata, Labordia waialealae, L. pumila, Polyscias waialealae, Vaccinium calycinum, Pipturus ruber, Deschampsia nubigena, Machaerina angustifolia, Melicope clusiifolia,","SEED COLL. ACC #20180560; Tree, 1.75 m tall, in bogs, in flower and some fruit, common.",NA,NA,NA,NA,NA,NA,"NotAType",NA,"BISH",NA
"2608717695","Metrosideros polymorpha Gaudich.","S. Walsh & K. R. Wood","SKW636",2018,"2018-10-10","Hawaii","Hanalei District, Kalalau Valley, southwest side of valley",NA,22.1557,-159.628,NA,565,NA,"Mixed mesic forest",NA,NA,NA,NA,NA,NA,NA,NA,NA,"US","US"
"5956425890","Metrosideros polymorpha Gaudich.","Walsh, S.; Wood, K.","SKW636",2018,"2018-10-10","Hawaii","Hanalei District. Kalalau Valley, southwest side (back) of valley.",NA,NA,NA,NA,565,"565 m","Diospyros mixed mesic forest. W/Diospyros sandwicensis, D. hillebrandii, Antidesma, Bobea elatior, Dicranopteris linearis, Psydrax odorata, Pritchardia minor, Psychotria spp.","Tree about 20 feet tall. Red stamens",NA,NA,NA,NA,NA,NA,"NotAType",NA,"BISH",NA
"5956609265","Metrosideros waialealae var. waialealae","Walsh, S.; Tangalin, N.; Wood, K.","SKW654",2018,"2018-11-15","Hawaii","Waiahi",NA,NA,NA,NA,836,"836 m","Metrosideros and Cheirodendron wet forest w. Metrosideros polymorpha var. glaberrima, M. polymorpha var. dieteri, Cheirodendron fauriei, Syzygium sandwicensis, Antidesma platyphylla, Psychotria spp., Polyscias sp., Clidemia hirta","Tree about 15ft tall, petioles pink; flowers (stamens) red",NA,NA,NA,NA,NA,NA,"NotAType",NA,"BISH",NA
"5956673758","Metrosideros polymorpha Gaudich.","Walsh, S.; Tangalin, N.","SKW650",2018,"2018-11-09","Hawaii","Kawaihau District. Moalepe Trail.",NA,NA,NA,NA,298,"298 m","Mixed mesic forest. W/ Dicranopteris linearis, Falcataria moluccana, Clidemia hirta","Lat/Long: 22.092778, -159.404834; Large tree, about 35 feet tall.",NA,NA,NA,NA,NA,NA,"NotAType",NA,"BISH",NA
"5956146707","Metrosideros polymorpha Gaudich.","Walsh, S.","SKW664",2018,"2018-12-20","Hawaii","Upper Wailua River, Lower Blue Hole, about 1/3 up stream",NA,NA,NA,NA,418,"418 m","Metrosideros lowland wet forest.","With Metrosideros polymorpha var. glaberrima, Psidium quajava, Dicranopteris linearis, Clidemia hirta, Spathodea campanulata, Freycinetia arborea.; Large tree about 35 feet tall. NTBG acc. #2019001",NA,NA,NA,NA,NA,NA,"NotAType",NA,"BISH",NA
"5956556320","Metrosideros polymorpha Gaudich.","Lorence, D.H.","10686",2017,"2017-03-23","Hawaii","Koloa District. National Tropical Botanical Garden Headquarters at 3530 Papalina Road, Kalaheo, along driveway just south of front gate. Origin, wild collected on Kauai in Hanakapiai or Limahuli Valley, in ca 2000.",NA,NA,NA,NA,119,"119 m","Cultivated.","Voucher for Botanical Illustration Florilegium course., No accession #; Densely branching small tree. Leaves medium green w some yellow spots. Buds greenish white, flowers w red stamens and style, petals greenish red.",NA,NA,NA,NA,NA,NA,"NotAType",NA,"BISH",NA
"2236125084","Metrosideros polymorpha Gaudich.","D. Wolkis, T. W. Flynn, S. Walsh, K. Brock & J. Bernard","DMW1148",2017,"2017-04-06","Hawaii","Koloa District, mountains above Kalaheo on the road between Kanaele Bog and Alexander Reservoir",NA,21.9618,-159.515,NA,610,NA,"Lowland mixed dry-mesic forest along ridge",NA,NA,NA,NA,NA,NA,NA,NA,NA,"US","US"
"5956154347","Metrosideros polymorpha Gaudich.","Wolkis, D.; Flynn, T.; Walsh, S.; Brock, K.; Bernard, J.","DMW1148",2017,"2017-04-06","Hawaii","Koloa District. Mountains above Kalahea on the road between Kanaele Bog and Alexander Reservoir.",NA,NA,NA,NA,610,"610 m","Lowland mixed dry-mesic forest along ridge. Acacia koa, Centella asiatica, Clidemia hirta, Dicranopteris linearis, cf. Ficus natalensis, Polygala paniculata, Pterolepi ssp., Spermacoce sp., Stachytarpheta sp., Toona ciliata","Tree 9 meters tall. Leaves ovated, margins entire, turning red at terminal ends. Capsules tiny. Sooty mold conspicuous.",NA,NA,NA,NA,NA,NA,"NotAType",NA,"BISH",NA
"2236002888","Metrosideros polymorpha Gaudich.","S. Walsh, K. Kosaka, S. P. Perlman, M. Koehler & A. Williams","SKW429",2017,"2017-05-22","Hawaii","Lihue District, Kipu Kai side of Mount Haupu, just below rocky, vertical, SE facing cliff",NA,21.9205,-159.399,NA,284,NA,"Coastal mesic forest",NA,NA,NA,NA,NA,NA,NA,NA,NA,"US","US"
"5956177666","Metrosideros polymorpha Gaudich.","Walsh, S.; Kosaka, K.; Perlman, S.; Sporck-Koehler, M.; Williams, A.","AKW429",2017,"2017-05-22","Hawaii","Lihue District. Kipu Kai side of Mount Haupu.",NA,NA,NA,NA,284,"284 m","Steep slope. Just below rocky, vertical, SE facing cliff of coastal mesic forest. W/ Schinus terebinthifolius, Casuarina equisetifolia, Psidium cattleianum, Psydrax odorata, Polyscias racemosa, Lantana camara, Phymatosorus grossus, Sida fallax, Lepidium orbiculare, Heteropogon cont","Lat/Long: 21.920544, -159.399036; Shrub about 6 feet tall. In flower and immature fruit.",NA,NA,NA,NA,NA,NA,"NotAType",NA,"BISH",NA
"2608797115","Metrosideros polymorpha Gaudich.","K. R. Wood, C. Statler & M. Brimhall","17491",2017,"2017-08-02","Hawaii","Hanalei District, Lumahai, ridge climbing to west side along proposed ""middle"" fence-line.",NA,22.1317,-159.525,NA,533,NA,"Lowland wet ridge",NA,NA,NA,NA,NA,NA,NA,NA,NA,"US","US"
"2625893436","Metrosideros waialealae var. waialealae","K. R. Wood, C. Statler & M. Brimhall","17494",2017,"2017-08-02","Hawaii","Hanalei District, Lumahai, ridge climbing to west side along proposed ""middle"" fence-line.",NA,22.1317,-159.525,NA,525,NA,"Lowland wet ridge in open forest",NA,NA,NA,NA,NA,NA,NA,NA,NA,"US","US"
"5956161788","Metrosideros polymorpha Gaudich.","Wood, K.R.; Statler, C.; Brimhall, M.","17491",2017,"2017-08-02","Hawaii","Hanalei District. Lumahai., ridge climbing to west side along proposed ""middle"" fence-line.",NA,NA,NA,NA,533,"533 m","Metrosideros-Dicranopteris lowland wet ridge, 70-90% open forest of Metrosideros polymophia glaberrina with scattered individuals of Antidesma platyphylla, Syzygium sandwicensis, Myrsine lessertiana, Ilex anomala, Bobea elatior, Scaevola procera,","Tree, 10 meters tall, bark gray, flaking, in flower and fruit, stamens red, dominant.",NA,NA,NA,NA,NA,NA,"NotAType",NA,"BISH",NA
"5956413754","Metrosideros waialealae var. waialealae","Wood, K.R.; Statler, C; Brimhall, M.","17494",2017,"2017-08-02","Hawaii","Hanalei District. Lumahai, ridge climbing to west side along proposed ""middle"" fence-line.",NA,NA,NA,NA,525,"525 m","Metrosideros-Dicranopteris lowland wet ridge, 90% open forest of Metrosiderso polymorpha glaberrima w/ scattered individuals of Antidesma platyphylla, Syzygium sandwicensis, Myrsine lessertiana, Ilex anomala, Bobea elatior, Scaevola procera, Psy","Lat/Long: 22.131684, -159.524803; Tree, 5 m tall, branches weeping, bark corky, stamens red, occasional.",NA,NA,NA,NA,NA,NA,"NotAType",NA,"BISH",NA
"6132062250","Metrosideros polymorpha Gaudich.","Wood, K.R.; Statler, C.; Brimhall, M.","17491",2017,"2017-08-02T00:00",NA,"Hanalei District, Lumahai, ridge climbing to west side along proposed 'middle' fence-line.",NA,22.131718,-159.525239,NA,533,NA,NA,NA,NA,NA,NA,NA,NA,NA,NA,NA,"K","Herbarium"
"2464644664","Metrosideros polymorpha Gaudich.","E Stacy","Z4",2017,"2017-10-21","Hawaii","Wiliwilinui Trail",NA,21.327824,-157.751894,NA,NA,"778.00","Koolau","""Race Z""; glabrous",NA,NA,NA,NA,"E. Stacy","2017-10-20T00:00:00",NA,"N","KSP",NA
"2464644718","Metrosideros polymorpha var. prostrata (Rock) H.St.John","E Stacy","A3",2017,"2017-10-20","Hawaii","Aiea Ridge Trail",NA,21.420341,-157.849119,10,NA,"759.00","Koolau","glabrous",NA,NA,NA,NA,"E. Stacy","2017-10-20T00:00:00",NA,NA,"KSP",NA
"2464645211","Metrosideros polymorpha Gaudich.","E Stacy","Z1",2017,"2017-10-21","Hawaii","Wiliwilinui Trail",NA,21.327335,-157.75387,NA,NA,"713.00","Koolau","""Race Z""; glabrous",NA,NA,NA,NA,"E. Stacy","2017-10-20T00:00:00",NA,"N","KSP",NA
"2464645273","Metrosideros polymorpha var. prostrata (Rock) H.St.John","E Stacy","A2",2017,"2017-10-20","Hawaii","Aiea Ridge Trail",NA,21.420341,-157.849119,10,NA,"759.00","Koolau","glabrous",NA,NA,NA,NA,"E. Stacy","2017-10-20T00:00:00",NA,NA,"KSP",NA
"2464645326","Metrosideros polymorpha var. prostrata (Rock) H.St.John","E Stacy","A1",2017,"2017-10-20","Hawaii","Aiea Ridge Trail",NA,21.420341,-157.849119,10,NA,"759.00","Koolau","glabrous",NA,NA,NA,NA,"E. Stacy","2017-10-20T00:00:00",NA,NA,"KSP",NA
"2464645371","Metrosideros polymorpha Gaudich.","E Stacy","L4",2017,"2017-10-20","Hawaii","Aiea Ridge Trail",NA,21.414357,-157.864085,NA,NA,"588.00","Koolau","""Race L""; glabrous",NA,NA,NA,NA,"E. Stacy","2017-10-20T00:00:00",NA,"N","KSP",NA
"2464645388","Metrosideros polymorpha Gaudich.","E Stacy","B1",2017,"2017-10-20","Hawaii","Aiea Ridge Trail",NA,21.416854,-157.854039,10,NA,"746.00","Koolau","glabrous",NA,NA,NA,NA,"E. Stacy","2017-10-20T00:00:00",NA,NA,"KSP",NA
"2464645469","Metrosideros polymorpha Gaudich.","E Stacy","B5",2017,"2017-10-21","Hawaii","Wiliwilinui Trail",NA,21.329268,-157.754588,10,NA,"739.61","Koolau","glabrous",NA,NA,NA,NA,"E. Stacy","2017-10-20T00:00:00",NA,NA,"KSP",NA
"2464645543","Metrosideros polymorpha Gaudich.","E Stacy","Z5",2017,"2017-10-21","Hawaii","Wiliwilinui Trail",NA,21.329992,-157.755178,NA,NA,"735.00","Koolau","""Race Z""; glabrous",NA,NA,NA,NA,"E. Stacy","2017-10-20T00:00:00",NA,"N","KSP",NA
"2464645607","Metrosideros polymorpha Gaudich.","E Stacy","Z3",2017,"2017-10-21","Hawaii","Wiliwilinui Trail",NA,21.32747,-157.753749,NA,NA,"769.00","Koolau","""Race Z""; glabrous",NA,NA,"fl",NA,"E. Stacy","2017-10-20T00:00:00",NA,"N","KSP",NA
"2464645619","Metrosideros polymorpha Gaudich.","E Stacy","L3",2017,"2017-10-20","Hawaii","Aiea Ridge Trail",NA,21.415441,-157.862451,NA,NA,"604.00","Koolau","""Race L""; glabrous",NA,NA,NA,NA,"E. Stacy","2017-10-20T00:00:00",NA,"N","KSP",NA
"2464645642","Metrosideros polymorpha var. prostrata (Rock) H.St.John","E Stacy","A3",2017,"2017-10-20","Hawaii","Aiea Ridge Trail",NA,21.420341,-157.849119,NA,NA,"759.00","Koolau","glabrous",NA,NA,NA,NA,"E. Stacy","2017-10-20T00:00:00",NA,"N","KSP",NA
"2464645699","Metrosideros polymorpha Gaudich.","E Stacy","L3",2017,"2017-10-20","Hawaii","Aiea Ridge Trail",NA,21.415441,-157.862451,10,NA,"604.00","Koolau","glabrous",NA,NA,NA,NA,"E. Stacy","2017-10-20T00:00:00",NA,NA,"KSP",NA
"2464645724","Metrosideros polymorpha Gaudich.","E Stacy","B5",2017,"2017-10-21","Hawaii","Wiliwilinui Trail",NA,21.329268,-157.754588,NA,NA,"739.61","Koolau","""Race B""; glabrous",NA,NA,NA,NA,"E. Stacy","2017-10-20T00:00:00",NA,"N","KSP",NA
"2464645734","Metrosideros polymorpha Gaudich.","E Stacy","C2",2017,"2017-10-20","Hawaii","Aiea Ridge Trail",NA,21.415437,-157.862401,10,NA,"604.00","Koolau","pubescent",NA,NA,NA,NA,"E. Stacy","2017-10-20T00:00:00",NA,NA,"KSP",NA
"2464645756","Metrosideros polymorpha var. prostrata (Rock) H.St.John","E Stacy","A4",2017,"2017-10-20","Hawaii","Aiea Ridge Trail",NA,21.420888,-157.846438,10,NA,"836.00","Koolau","glabrous",NA,NA,NA,NA,"E. Stacy","2017-10-20T00:00:00",NA,NA,"KSP",NA
"2464645795","Metrosideros polymorpha Gaudich.","E Stacy","Z4",2017,"2017-10-21","Hawaii","Wiliwilinui Trail",NA,21.327824,-157.751894,10,NA,"778.00","Koolau","glabrous",NA,NA,NA,NA,"E. Stacy","2017-10-20T00:00:00",NA,NA,"KSP",NA
"2464645809","Metrosideros polymorpha Gaudich.","E Stacy","Z5",2017,"2017-10-21","Hawaii","Wiliwilinui Trail",NA,21.329992,-157.755178,10,NA,"735.00","Koolau","glabrous",NA,NA,NA,NA,"E. Stacy","2017-10-20T00:00:00",NA,NA,"KSP",NA
"2464645812","Metrosideros polymorpha var. prostrata (Rock) H.St.John","E Stacy","A6",2017,"2017-10-20","Hawaii","Aiea Ridge Trail",NA,21.420888,-157.846438,10,NA,"836.00","Koolau","glabrous",NA,NA,NA,NA,"E. Stacy","2017-10-20T00:00:00",NA,NA,"KSP",NA
"2464645900","Metrosideros polymorpha Gaudich.","E Stacy","Z3",2017,"2017-10-21","Hawaii","Wiliwilinui Trail",NA,21.32747,-157.753749,10,NA,"769.00","Koolau","glabrous",NA,NA,"fl",NA,"E. Stacy","2017-10-20T00:00:00",NA,NA,"KSP",NA
"2464645944","Metrosideros polymorpha Gaudich.","E Stacy","B1",2017,"2017-10-20","Hawaii","Aiea Ridge Trail",NA,21.416854,-157.854039,NA,NA,"746.00","Koolau","""Race B""; glabrous",NA,NA,NA,NA,"E. Stacy","2017-10-20T00:00:00",NA,"N","KSP",NA
"2464645950","Metrosideros polymorpha Gaudich.","E Stacy","B4",2017,"2017-10-21","Hawaii","Wiliwilinui Trail",NA,21.328673,-157.753632,NA,NA,"740.34","Koolau","""Race B""; glabrous",NA,NA,NA,NA,"E. Stacy","2017-10-20T00:00:00",NA,"N","KSP",NA
"2464645958","Metrosideros polymorpha Gaudich.","E Stacy","C3",2017,"2017-10-20","Hawaii","Aiea Ridge Trail",NA,21.415362,-157.862632,10,NA,"603.00","Koolau","pubescent",NA,NA,NA,NA,"E. Stacy","2017-10-20T00:00:00",NA,NA,"KSP",NA
"2464645998","Metrosideros polymorpha Gaudich.","E Stacy","Z2",2017,"2017-10-21","Hawaii","Wiliwilinui Trail",NA,21.32743,-157.753804,NA,NA,"770.00","Koolau","""Race Z""; glabrous",NA,NA,NA,NA,"E. Stacy","2017-10-20T00:00:00",NA,"N","KSP",NA
"2464646004","Metrosideros polymorpha Gaudich.","E Stacy","Z1",2017,"2017-10-21","Hawaii","Wiliwilinui Trail",NA,21.327335,-157.75387,10,NA,"713.00","Koolau","glabrous",NA,NA,NA,NA,"E. Stacy","2017-10-20T00:00:00",NA,NA,"KSP",NA
"2464646034","Metrosideros polymorpha var. prostrata (Rock) H.St.John","E Stacy","A6",2017,"2017-10-20","Hawaii","Aiea Ridge Trail",NA,21.420888,-157.846438,NA,NA,"836.00","Koolau","glabrous",NA,NA,NA,NA,"E. Stacy","2017-10-20T00:00:00",NA,"N","KSP",NA
"2464646051","Metrosideros polymorpha Gaudich.","E Stacy","C1",2017,"2017-10-20","Hawaii","Aiea Ridge Trail",NA,21.410369,-157.870651,10,NA,"536.00","Koolau","pubescent",NA,NA,NA,NA,"E. Stacy","2017-10-20T00:00:00",NA,NA,"KSP",NA
"2464646088","Metrosideros polymorpha Gaudich.","E Stacy","B3",2017,"2017-10-22","Hawaii","Kuliou`ou Trail",NA,21.322865,-157.731432,10,NA,"708.00","Koolau","glabrous",NA,NA,NA,NA,"E. Stacy","2017-10-20T00:00:00",NA,NA,"KSP",NA
"2464646091","Metrosideros polymorpha Gaudich.","E Stacy","C1",2017,"2017-10-20","Hawaii","Aiea Ridge Trail",NA,21.410369,-157.870651,NA,NA,"536.00","Koolau","""Race C""; pubescent",NA,NA,NA,NA,"E. Stacy","2017-10-20T00:00:00",NA,"N","KSP",NA
"2464646119","Metrosideros polymorpha var. prostrata (Rock) H.St.John","E Stacy","A2",2017,"2017-10-20","Hawaii","Aiea Ridge Trail",NA,21.420341,-157.849119,NA,NA,"759.00","Koolau","glabrous",NA,NA,NA,NA,"E. Stacy","2017-10-20T00:00:00",NA,"N","KSP",NA
"2464646135","Metrosideros polymorpha var. prostrata (Rock) H.St.John","E Stacy","A5",2017,"2017-10-20","Hawaii","Aiea Ridge Trail",NA,21.420888,-157.846438,NA,NA,"836.00","Koolau","glabrous",NA,NA,NA,NA,"E. Stacy","2017-10-20T00:00:00",NA,"N","KSP",NA
"2464646229","Metrosideros polymorpha Gaudich.","E Stacy","B4",2017,"2017-10-21","Hawaii","Wiliwilinui Trail",NA,21.328673,-157.753632,10,NA,"740.34","Koolau","glabrous",NA,NA,NA,NA,"E. Stacy","2017-10-20T00:00:00",NA,NA,"KSP",NA
"2464646245","Metrosideros polymorpha var. prostrata (Rock) H.St.John","E Stacy","A1",2017,"2017-10-20","Hawaii","Aiea Ridge Trail",NA,21.420341,-157.849119,NA,NA,"759.00","Koolau","glabrous",NA,NA,NA,NA,"E. Stacy","2017-10-20T00:00:00",NA,"N","KSP",NA
"2464646252","Metrosideros polymorpha Gaudich.","E Stacy","L2",2017,"2017-10-20","Hawaii","Aiea Ridge Trail",NA,21.41548,-157.862336,NA,NA,"605.00","Koolau","""Race L""; glabrous",NA,NA,NA,NA,"E. Stacy","2017-10-20T00:00:00",NA,"N","KSP",NA
"2464646278","Metrosideros polymorpha var. prostrata (Rock) H.St.John","E Stacy","A5",2017,"2017-10-20","Hawaii","Aiea Ridge Trail",NA,21.420888,-157.846438,10,NA,"836.00","Koolau","glabrous",NA,NA,NA,NA,"E. Stacy","2017-10-20T00:00:00",NA,NA,"KSP",NA
"2464646294","Metrosideros polymorpha Gaudich.","E Stacy","L4",2017,"2017-10-20","Hawaii","Aiea Ridge Trail",NA,21.414357,-157.864085,10,NA,"588.00","Koolau","glabrous",NA,NA,NA,NA,"E. Stacy","2017-10-20T00:00:00",NA,NA,"KSP",NA
"2464646389","Metrosideros polymorpha Gaudich.","E Stacy","Z2",2017,"2017-10-21","Hawaii","Wiliwilinui Trail",NA,21.32743,-157.753804,10,NA,"770.00","Koolau","glabrous",NA,NA,NA,NA,"E. Stacy","2017-10-20T00:00:00",NA,NA,"KSP",NA
"2464646543","Metrosideros polymorpha Gaudich.","E Stacy","L1",2017,"2017-10-20","Hawaii","Aiea Ridge Trail",NA,21.4155,-157.862242,10,NA,"605.00","Koolau","glabrous",NA,NA,NA,NA,"E. Stacy","2017-10-20T00:00:00",NA,NA,"KSP",NA
"2464646546","Metrosideros polymorpha Gaudich.","E Stacy","L1",2017,"2017-10-20","Hawaii","Aiea Ridge Trail",NA,21.4155,-157.862242,NA,NA,"605.00","Koolau","""Race L""; glabrous",NA,NA,NA,NA,"E. Stacy","2017-10-20T00:00:00",NA,"N","KSP",NA
"2464646561","Metrosideros polymorpha Gaudich.","E Stacy","C2",2017,"2017-10-20","Hawaii","Aiea Ridge Trail",NA,21.415437,-157.862401,NA,NA,"604.00","Koolau","""Race C""; pubescent",NA,NA,NA,NA,"E. Stacy","2017-10-20T00:00:00",NA,"N","KSP",NA
"2464646627","Metrosideros polymorpha Gaudich.","E Stacy","L2",2017,"2017-10-20","Hawaii","Aiea Ridge Trail",NA,21.41548,-157.862336,10,NA,"605.00","Koolau","glabrous",NA,NA,NA,NA,"E. Stacy","2017-10-20T00:00:00",NA,NA,"KSP",NA
"2464646648","Metrosideros polymorpha Gaudich.","E Stacy","B2",2017,"2017-10-22","Hawaii","Kuliou`ou Trail",NA,21.322361,-157.730765,10,NA,"735.00","Koolau","glabrous",NA,NA,NA,NA,"E. Stacy","2017-10-20T00:00:00",NA,NA,"KSP",NA
"2464646791","Metrosideros polymorpha var. prostrata (Rock) H.St.John","E Stacy","A4",2017,"2017-10-20","Hawaii","Aiea Ridge Trail",NA,21.420888,-157.846438,NA,NA,"836.00","Koolau","glabrous",NA,NA,NA,NA,"E. Stacy","2017-10-20T00:00:00",NA,"N","KSP",NA
"2464647132","Metrosideros polymorpha Gaudich.","E Stacy","B3",2017,"2017-10-22","Hawaii","Kuliou`ou Trail",NA,21.322865,-157.731432,NA,NA,"708.00","Koolau","""Race B""; glabrous",NA,NA,NA,NA,"E. Stacy","2017-10-20T00:00:00",NA,"N","KSP",NA
"2464647256","Metrosideros polymorpha Gaudich.","E Stacy","C3",2017,"2017-10-20","Hawaii","Aiea Ridge Trail",NA,21.415362,-157.862632,NA,NA,"603.00","Koolau","""Race C""; pubescent",NA,NA,NA,NA,"E. Stacy","2017-10-20T00:00:00",NA,"N","KSP",NA
"2464647319","Metrosideros polymorpha Gaudich.","E Stacy","B2",2017,"2017-10-22","Hawaii","Kuliou`ou Trail",NA,21.322361,-157.730765,NA,NA,"735.00","Koolau","""Race B""; glabrous",NA,NA,NA,NA,"E. Stacy","2017-10-20T00:00:00",NA,"N","KSP",NA
"5956283556","Metrosideros polymorpha Gaudich.","Oppenheimer, H.L.","H121709",2017,"2017-12-27","Hawaii","East Maui, Hana District, Waihoi Valley, south side",NA,NA,NA,NA,975,"3200 ft","Vegetation: Metrosideros, Dicranopteris, Chierodendron, Broussisia, Melicope, Cibotium, Clermontia, Kadua, Sadleria, Adenophorus, Clidemia, Hedychium, Rubus.","Northing: 2293669; Easting: 805456; Common small trees or shrubs to 4m tall.",NA,NA,NA,NA,"Kennedy, B.; Brock, K.",NA,"NotAType",NA,"BISH",NA
"5956570377","Metrosideros polymorpha Gaudich.","Walsh, S.; Wood, K.","SKW566",2017,"2017-12-13","Hawaii","Hanalei District. ~5.5 miles down Na Pali Coast trail, between Waiahuakua and Hanakoa, on mauka side of trail.",NA,NA,NA,NA,146,"146 m","Mesic, mixed non-native and native forest W/ Syzgium cumini, Lantana camara, Pandanus tectorius, Andropogon sp., Furcraea foetida, Cordyline fruticosa, Stachytarpheta jamaicensis, Elephantopus mollis","Lat/Long: 22.19.5137, -159.620704; Large shrub about 15 feet tall. In fruit.",NA,NA,NA,NA,NA,NA,"NotAType",NA,"BISH",NA
"5956701515","Metrosideros polymorpha var. pumila (A.Heller) J.W.Dawson & Stemmerm.","Wolkis, D.; Walsh, S.; Graham, R.; Fant, J.; Zerega, N.; Audi, L.; Wood, J.","DMW1167",2017,"2017-12-03","Hawaii","From Puu Kila Lookout, along Pihea Trail, right at crossroads 100-500 meters.",NA,NA,NA,NA,1212,"1212 m","Bog, flat, open inundated soil. Drosera anglica, Gahnia sp., Dicranopteris linearis, Cheirodendron sp.","Shrub about 1 meter high. Population level collection from 100 plants.",NA,NA,NA,NA,NA,NA,"NotAType",NA,"BISH",NA
"3059689928","Metrosideros kermadecensis W.R.B.Oliv.","Scheck & Kosowitz","PDR# 420P06463610",2016,"2016-01-21","California","Carpinteria; 3800 Via Real, Jimenez Nursery.",NA,34.41,-119.55,301,NA,NA,"Container grown nursery stock.","Leaves tomentose beneath.",NA,NA,"Fruiting",NA,"G.F. Hrusa","2016-01-22T00:00:00",NA,"Standard sheet","CDA",NA
"1802553502","Metrosideros polymorpha Gaudich.","D. Wolkis, S. Walsh, S. Deans, J. Cantley & N. Diaz","DMW1101",2016,"2016-03-18","Hawaii","Waimea District, Alakai Wilderness Preserve",NA,22.1478,-159.605,NA,1242,NA,"Bog",NA,NA,NA,NA,NA,"Wagner, W. L., (BOT), Smithsonian Institution - National Museum of Natural History (UNITED STATES)",NA,NA,NA,"US","US"
"2235796865","Metrosideros polymorpha var. pumila (A.Heller) J.W.Dawson & Stemmerm.","S. Deans, S. Walsh, D. Wolkis & J. Cantley","SMD110",2016,"2016-03-18","Hawaii","Waimea District, along Alakai swamp trail in first boggy part.",NA,22.1478,-159.605,NA,1242,NA,"Low wet native forest/bog",NA,NA,NA,NA,NA,"Wagner, W. L., (BOT), Smithsonian Institution - National Museum of Natural History (UNITED STATES)",NA,NA,NA,"US","US"
"2236153386","Metrosideros polymorpha Gaudich.","S. Walsh & S. Deans","SKW221",2016,"2016-03-31","Hawaii","Hanalei District, on mauka side of Kalalau Trail, about the 1 mile marker, on side of trail.",NA,22.2148,-159.589,NA,183,NA,NA,NA,NA,NA,NA,NA,NA,NA,NA,NA,"US","US"
"5956194520","Metrosideros polymorpha Gaudich.","Deans, S.M.; Walsk, S.K.","SMD112",2016,"2016-03-31","Hawaii","Hanalei District. One mile along Na Pali Coast Trail, makai side of trail.",NA,NA,NA,NA,164,"164 m","Disturbed dry coastal forest. W/Pandanus tectorius, Sphenomeris chinensis, Stachytarpheta, Leptecophylla tameiameiae, Casuarina equisetifolia, Bidens, Syzygium cumini, Euphorbia celastroides.","Lat/Long: 22.15496, -159.588662; Shrub 10ft tall; flowers orange-red, being visited by Japanese white eyes.",NA,NA,NA,NA,NA,NA,"NotAType",NA,"BISH",NA
"5956374164","Metrosideros polymorpha Gaudich.","Walsh, S.; Deans, S.","SKW221",2016,"2016-03-31","Hawaii","Hanalei District. On mauka side of Kalalau Trail. About 1 mile marker. On side of trail.",NA,NA,NA,NA,183,"183 m","No canopy. Mixed native and non-native plant species. W/ Scaevola taccada, Clidemia hirta, Pandanus tectorius, Cordyline fruticosa, Psidium guajava, Stachytarpheta jamaicensis, Schefflera actinophylla, Casuarina equisetifolia","Lat/Long: 22.214813, -159.589052; Small tree, about 25 feet tall. In flower and fruit. Red blossoms.",NA,NA,NA,NA,NA,NA,"NotAType",NA,"BISH",NA
"5956536812","Metrosideros polymorpha Gaudich.","Wolkis, D.; Walsh, S.; Deans, S.; Cantley, J.; Diaz, N.","DMW1101",2016,"2016-03-18","Hawaii","Waimea District: Alakai Wilderness Preserve.",NA,NA,NA,NA,1242,"1242 m","Bog W/ Dicranopteris linearis, Leptecophylla tameiameiae, Cheirodendron platyphyllum, Cibotium sp., Scaevola glabra, Coprosma elliptica","Lat/Long: 22.147846, -159.605012; Tree 2.5 m tall with opposidte leaves. Flowers bright red.",NA,NA,NA,NA,NA,NA,"NotAType",NA,"BISH",NA
"2235870043","Metrosideros polymorpha var. pumila (A.Heller) J.W.Dawson & Stemmerm.","S. Walsh & M. Opgenorth","SKW241",2016,"2016-04-08","Hawaii","Waimea District, just off right side of boardwalk on Alakai Swamp trail, first section of swamp after crossing Kawaikoi stream, towards Kilohana Overlook.",NA,22.1475,-159.607,NA,1229,NA,"Swamp",NA,NA,NA,NA,NA,NA,NA,NA,NA,"US","US"
"2236034397","Metrosideros polymorpha Gaudich.","D. Wolkis, S. Walsh, S. Deans & R. McGarvey","DMW1103",2016,"2016-04-20","Hawaii","Waimea District, approximately 2 miles from Nuololo trail head.",NA,22.1372,-159.673,NA,1013,NA,"Montane mesic forest",NA,NA,NA,NA,NA,NA,NA,NA,NA,"US","US"
"5956227325","Metrosideros polymorpha Gaudich.","Walsh, S.; Opgenorth, M.","SKW241",2016,"2016-04-08","Hawaii","Waimea District: Just off right side of boardwalk on Alakai Swamp trail. First section of swamp after crossing Kawaikoi stream, towards Kilohana Overlook.",NA,NA,NA,NA,1229,"1229 m","Swamp. Inundated. Open canopy. W/ Dicranopteris linearis, Vaccinium sp., Melicope clusiifolia, Korthalsella sp., Dianella sandwicensis, Coprosma elliptica, Cheirodendron platyphyllum, Drosera anglica, Alyxia stellata, viola kauaens","Lat/Long: 22.147499, -159.606697; Shrub, about 3 feet tall. White, wooly tomentum on leaves, peduncles, pedicels, and outside of capsules. Immature and mature fruit.",NA,NA,NA,NA,NA,NA,"NotAType",NA,"BISH",NA
"5956244320","Metrosideros polymorpha Gaudich.","Wolkis, D.; Walsh, S.; Deans, S.; McGarvey, R.","DMW1103",2016,"2016-04-20","Hawaii","Waimea District: Approximately 2 miles from Nuololo trail head.",NA,NA,NA,NA,1013,"1013 m","Montane mesic forest W/ Acacia koa, Leptecophylla tameiameiae. Dodonaea viscosa, Psidium cattleianum, Santalum sp., Dianella sandwicensis, Lantana camara, Pinus sp.","Lat/Long: 22.137182, -159.673353; Tree with opposite leaves. Flowers bright red.",NA,NA,NA,NA,NA,NA,"NotAType",NA,"BISH",NA
"2235981657","Metrosideros polymorpha Gaudich.","D. Wolkis & S. Deans","DMW1109",2016,"2016-05-05","Hawaii","Waimea District, Approximately .5 miles from Pihea trailhead.",NA,22.1484,-159.626,NA,1187,NA,"Montane wet forest",NA,NA,NA,NA,NA,NA,NA,NA,NA,"US","US"
"2236031139","Metrosideros polymorpha Gaudich.","D. Wolkis & S. Deans","DMW1107",2016,"2016-05-05","Hawaii","Waimea District, Approximately .25 miles from Pihea trailhead.",NA,22.1483,-159.628,NA,1238,NA,"Montane wet forest",NA,NA,NA,NA,NA,NA,NA,NA,NA,"US","US"
"2236123188","Metrosideros polymorpha Gaudich.","D. Wolkis & S. Deans","DMW1108",2016,"2016-05-05","Hawaii","Waimea District, Approximately .25 miles from Pihea trailhead.",NA,22.1485,-159.628,NA,1229,NA,"Montane wet forest",NA,NA,NA,NA,NA,NA,NA,NA,NA,"US","US"
"5956314986","Metrosideros polymorpha Gaudich.","Wolkis, D.; Deans, S.","DMW1107",2016,"2016-05-05","Hawaii","Waimea District; approximately .25 miles from Pihea trailhead",NA,NA,NA,NA,1238,"1238 m","montane wet forest; dicranopteris linearis, leptecophylla tamelameiae, metrosideros polymorpha var. dietero, diplopterygium sp., vaccinium calycinum, co9prosma sp., Korthalsella sp., cheirodendron trigynum, machaerina ang","Nat'l Tropical Botanical Garden Herbarium (PTBG); tree 4.5m tall with obovate, glabrous leaves",NA,NA,NA,NA,NA,NA,"NotAType",NA,"BISH",NA
"5956415319","Metrosideros polymorpha Gaudich.","Wolkis, D.; Deans, S.","DMW1108",2016,"2016-05-05","Hawaii","Waimea District. Approximately 0.5 miles from Pihea trailhead.",NA,NA,NA,NA,1129,"1129 m","Montane wet forest. Dicranopteris linearis, Leptecophylla tameiameiae, Metrosideros polymorpha var. dieteri, Diplopterygium sp., Vaccinium calycinum, Coprosma sp., Korthalsella sp., Cheirodendron trigynum, Machaerina ang","Lat/Long: 22.148450, -159.627635; Tree 3 m tall with obovate, glabrous leaves.",NA,NA,NA,NA,NA,NA,"NotAType",NA,"BISH",NA
"5956470362","Metrosideros polymorpha Gaudich.","Wolkis, D.; Deans, S.","DMW1113",2016,"2016-05-05","Hawaii","Waimea District. Approximately 1 mile from Pihea trailhead.",NA,NA,NA,NA,1219,"1219 m","Montane wet forest. Dicranopteris linearis, Leptecophylla tameiameiae, Metrosideros polymorpha var. dieteri, Coprosma kauensis, Hedychium gardnerianum, Scaevola glabra, Sadleria cyatheoides, Cheirodendron trigynum, Cheir","Lat/Long: 22.150116, -159.622794; Tree 6 m tall with obovate, glabrous leaves.",NA,NA,NA,NA,NA,NA,"NotAType",NA,"BISH",NA
"5956562505","Metrosideros polymorpha Gaudich.","Wolkis, D.; Deans, S.","DMW1112",2016,"2016-05-05","Hawaii","Waimea District. Approximately 0.75 miles from Pihea trailhead.",NA,NA,NA,NA,1244,"1244 m","Montane wet forest. Dicranopteris linearis, Leptecophylla tameiameiae, Metrosideros polymorpha var. dieteri, Diplopterygium sp., Vaccinium calycinum, Coprosma sp, Korthalsella sp., Cheirodendron trigynum, Machaerina ang","Lat/Long: 22.149633, -159.623388; Tree 2 m tall with obovate, glabrous leaves.",NA,NA,NA,NA,NA,NA,"NotAType",NA,"BISH",NA
"5956610556","Metrosideros polymorpha Gaudich.","Wolkis, D.; Deans, S.","DMW1109",2016,"2016-05-05","Hawaii","Waimea District. Approximately 0.5 miles from Pihea trailhead.",NA,NA,NA,NA,1187,"1187 m","Montane wet forest. Dicranopteris linearis, Leptecophylla tameiameiae, Metrosideros ploymorpha var. dieteri, Diplopterygium sp., Vaccinium calycinum, Coprosma sp., Korthalsella sp., Cheirodendron trigynum, Machaerina ang","Lat/Long: 22.148407, -159.625725; Tree 2 m tall with obovate, glabrous leaves.",NA,NA,NA,NA,NA,NA,"NotAType",NA,"BISH",NA
"5956637792","Metrosideros polymorpha Gaudich.","Wolkis, D.; Deans, S.","DMW1105",2016,"2016-05-05","Hawaii","Waimea District. Approximately 0.25 miles from Pihea trailhead",NA,NA,NA,NA,1254,"1254 m","Montane wet forest. Dicranopteris linearis, Leptecophylla tameiameiae, Metrosideros polymorpha var. dieteri, Diplopterygium sp., Vaccinium calycinum, Coprosma sp. Korthasella sp.",NA,NA,NA,NA,NA,NA,NA,"NotAType",NA,"BISH",NA
"5956493019","Metrosideros polymorpha Gaudich.","Oppenheimer, H.L.; Padgett, M.","H61610",2016,"2016-06-28","Hawaii","West Maui, Wailuku District, Waihee, mauka of Lanilili.",NA,NA,NA,NA,808,"2650 ft","Vegetation: Metrosideros, Dicranopteris, Antidesma, Bobea, Polyscias, Cheirodendron, Broussaisia, Psychotria, Clidemia, Tibouchina, Machaerina, Melinis.","Northing: 2318075; Easting: 754543.; Unusual form with pubescent adaxial leaf surfaces. Scattered shrubby, small trees occasional in Waihee Valley region. Conspicuous from a distance with the dense hairs on the adaxial leaf surface.",NA,NA,NA,NA,"Kennedy, B.; Walvoord, N.",NA,"NotAType",NA,"BISH",NA
"5956306761","Metrosideros polymorpha Gaudich.","Kennedy, B.","2016-2",2016,"2016-08-30","Hawaii","Honolulu, Mauumae Trail.",NA,NA,NA,NA,421,"1380 ft","Associated vegetation: Citharexylum caudatum, Schinus terebinthifolius, Psidium cattleianum, Sphenomeris chinensis, Psilotum nudum.","Occasional; Tree ca 1.5-2 m ht.",NA,NA,NA,NA,"Kennedy, B.",NA,"NotAType",NA,"BISH",NA
"2235965174","Metrosideros polymorpha var. pumila (A.Heller) J.W.Dawson & Stemmerm.","D. Wolkis & T. W. Flynn","DMW1129",2016,"2016-11-03","Hawaii","Waimea District, Lehua makanoe, Kokee",NA,22.1459,-159.619,NA,1208,NA,"Montane Wet Mixed community",NA,NA,NA,NA,NA,NA,NA,NA,NA,"US","US"
"5956216700","Metrosideros polymorpha var. pumila (A.Heller) J.W.Dawson & Stemmerm.","Wolkis, D.; Flynn, T.; Sloss, C.; Bergert, B.; Shepard, D.; Choromanska, M.; Byers, Y.; Tannaci, D.","DMW1129",2016,"2016-11-03","Hawaii","Waimea District. Lehua makanoe, Kokee.",NA,NA,NA,NA,1208,"1208 m","Ohia (metrosideros) Montane Wet Mixed Community. Bog-like shrub land with poorly drained soils. Drosera anglica, Dicranopteris linearis, Cryptomeria japonica, Gahnia beecheyi, Lycopodiella cernua, Rhynchospora sp., Vaccinium dentatum, Xyris complanata, Cladonia sp.","Shrub to 1 meter tall. Red inflorescence.",NA,NA,NA,NA,NA,NA,"NotAType",NA,"BISH",NA
"5052373542","Metrosideros waialealae (Rock) Rock","Tangalin, Natalia; Adams, Jesse","4012",2016,"2016-12-22","Hawaii","*",NA,NA,NA,NA,484,"484.0000000000 m","Metrosideros-Dicranopteris linearis Lowland Windward Wet forest w/ Bobea brevipes, Blechnum, Freycinetia, Melastoma, Alyxia, Chrysodracon aurea, Nestegis, Scaevola, Hibiscus kokio, Plantago princeps, Machaerina, Hedyotis terminalis, Diplopterygium, Diospyros, Cya","8 ft tall. Cascading branches, bark grey. Flowers sparse and light red. Petiole w/ hairs and pink tint. Leaf yellow-green w yellow midrib w/ red tint on upper leaf surface. Seed collected NTBG 20140875. * Data from these fields are not available on the web.",NA,NA,NA,NA,NA,NA,NA,NA,"CAS","BOT-BC"
"2464645436","Metrosideros polymorpha Gaudich.","E Stacy","F3",2015,"2015-09-02","Hawaii","Konahuanui Trail",NA,21.348271,-157.797291,10,NA,"664.63","Koolau","pubescent",NA,NA,NA,NA,"E. Stacy","2017-10-20T00:00:00",NA,NA,"KSP",NA
"2464645658","Metrosideros polymorpha Gaudich.","E Stacy","F5",2015,"2015-09-02","Hawaii","Konahuanui Trail",NA,21.348666,-157.796846,10,NA,"661.51","Koolau","pubescent",NA,NA,NA,NA,"E. Stacy","2017-10-20T00:00:00",NA,NA,"KSP",NA
"2464645760","Metrosideros polymorpha Gaudich.","E Stacy","F4",2015,"2015-09-02","Hawaii","Konahuanui Trail",NA,21.348245,-157.797297,10,NA,"656.46","Koolau","pubescent",NA,NA,NA,NA,"E. Stacy","2017-10-20T00:00:00",NA,NA,"KSP",NA
"2464645934","Metrosideros polymorpha Gaudich.","E Stacy","F2",2015,"2015-09-02","Hawaii","Konahuanui Trail",NA,21.347985,-157.79749,NA,NA,"675.69","Koolau","""Race F""; pubescent",NA,NA,NA,NA,"E. Stacy","2017-10-20T00:00:00",NA,"N","KSP",NA
"2464645979","Metrosideros polymorpha Gaudich.","E Stacy","F3",2015,"2015-09-02","Hawaii","Konahuanui Trail",NA,21.348271,-157.797291,NA,NA,"664.63","Koolau","""Race F""; pubescent",NA,NA,NA,NA,"E. Stacy","2017-10-20T00:00:00",NA,"N","KSP",NA
"2464646008","Metrosideros polymorpha Gaudich.","E Stacy","F5",2015,"2015-09-02","Hawaii","Konahuanui Trail",NA,21.348666,-157.796846,NA,NA,"661.51","Koolau","""Race F""; pubescent",NA,NA,NA,NA,"E. Stacy","2017-10-20T00:00:00",NA,"N","KSP",NA
"2464646225","Metrosideros polymorpha Gaudich.","E Stacy","F4",2015,"2015-09-02","Hawaii","Konahuanui Trail",NA,21.348245,-157.797297,NA,NA,"656.46","Koolau","""Race F""; pubescent",NA,NA,NA,NA,"E. Stacy","2017-10-20T00:00:00",NA,"N","KSP",NA
"2464646407","Metrosideros polymorpha Gaudich.","E Stacy","F2",2015,"2015-09-02","Hawaii","Konahuanui Trail",NA,21.347985,-157.79749,10,NA,"675.69","Koolau","pubescent",NA,NA,NA,NA,"E. Stacy","2017-10-20T00:00:00",NA,NA,"KSP",NA
"5956664824","Metrosideros polymorpha Gaudich.","Walsh, S.; Tangalin, N.; Chock, K.","SKW164",2015,"2015-11-18","Hawaii","Lihue District. Mt. Ha'upu. North facing slope on west ridge.",NA,NA,NA,NA,611,"611 m","On giant rock. Mesic, predominatly non-native forest. Growing over giant boulder on north facing slope. W/ Melinis minutiflora, Stachytarpheta jamaicensis, Heliocarpus popayanensis, Machaerina angustifolia, Eragrostis variabilis, Paederia foetida","Lat/Long: 21.926920, -159.404020; Large shrub, about 6 feet tall with a 12 foot diameter canopy.",NA,NA,NA,NA,NA,NA,"NotAType",NA,"BISH",NA
"1321089592","Metrosideros waialealae var. waialealae","K. R. Wood & M. Query","16013",2014,"2014-07-30","Hawaii","Hanalei District, Wainiha Pali, eastern boundary of Hono O Na Pali Natural Area Reserve, sloping bogs",NA,22.1658,-159.596,NA,1158,NA,"Montane wet forest",NA,NA,NA,NA,NA,"Wagner, W. L., (BOT), Smithsonian Institution - National Museum of Natural History (UNITED STATES)",NA,NA,NA,"US","US"
"5956599410","Metrosideros waialealae (Rock) Rock","Wood, K.R.; Query, M.","16013",2014,"2014-07-30","Hawaii","Hanalei District. Wainiha Pali, eastern boundary of Hono O Na Pali Natural Area Reserve",NA,NA,NA,NA,1158,"1158 m","Sloping bogs with adjacent Metrosideros-Cheirodendron montane wet forest with small side streams and wind swept slopes w/Rhynchospora rugosa lavarum, Racomitrium, Oreobolus, Viola wailenalenae, Myrsine helleri, Lobelia villosa, L. hypoleuca, Sadleria pallida, Machaerina angustifolia, Gahnia beecheyi, Gahnia vitiensis","Common, SED COLL. NTBG ACC #20140397| Lat/Long: 22.165752; -159.595664; Stunted trees in bog, 50-100 cm tall, with immature and mature fruit,",NA,NA,NA,NA,NA,NA,"NotAType",NA,"BISH",NA
"5956261453","Metrosideros polymorpha Gaudich.","Wood, K.R.; Flynn, T.; Perlman, S.","16042",2014,"2014-08-14","Hawaii","Haupu Range, Western edge, Omoe region, secondary invasive vegetation with slopes native dicranopteris, pandanus, Metrosideros w/ Psidium guajava Aleurtes moluccana, elephantopus molis. zingiber zerumbey, clidernia hirta, Melaleuca quinquenervia.",NA,NA,NA,NA,366,"366 m","along ridge crest","SEED COLL. NTBG ACC #20140472; Tress, 4-10m tall, fruiting.",NA,NA,NA,NA,NA,NA,"NotAType",NA,"BISH",NA
"5956260625","Metrosideros polymorpha Gaudich.","Oppenheimer, H.L.; Bustamente, K.","H121431",2014,"2014-12-18","Hawaii","West Maui, Lahaina District, Summit region of Helu, Launiupoko drainage basin.",NA,NA,NA,NA,1311,"4300 ft","Vegetation: Metrosideros, Cheirodendron, Myrsine, Coprosma, Melicope, Cyrtandra, Clermontia, Cibotium, Machaerina, Kadua, Vaccinium, Alyxia, Smilax, Freycinetia, Cyclosorus, Sadleria, Athyrium, Diplazium, Peperomia, Carex.","Northing: 2309212; Easting: 749068.; Common trees.",NA,NA,NA,NA,"Kennedy, B.; Walvoord, N.","2018-01-01T00:00:00","NotAType",NA,"BISH",NA
"4075462567","Metrosideros kermadecensis W.R.B.Oliv.","Sara M. Helm; Ellen R. Bortner","2295",2013,"2013-01-02","Pennsylvania","Kennett Square, Longwood Gardens",NA,NA,NA,NA,NA,NA,"Garden Path",NA,NA,NA,NA,NA,NA,NA,NA,NA,"DOV",NA
"5956450173","Metrosideros polymorpha Gaudich.","Deans, S.; Walsh, s.; Wolkis, D.; Cantley, J.","SMD110",2013,"2013-03-18","Hawaii","Waimea District: Along Alakai swamp trail in first boggy part.",NA,NA,NA,NA,1242,"1242 m","Low wet native forest/bog. W/ Metrosideros polymorpha, Dicranopteris linearis, Scaevola glabra, Cheirodendron platyphyllum, Leptecophylla tameiameiae, Hedychium gardnerianum, Coprosma ellipticum, Vaccinium calycinum, Viola kaua","Lat/Long: 22.147846, -159.605012; Small stunted tree~2m tall with relatively brighter green leaves.",NA,NA,NA,NA,NA,NA,"NotAType",NA,"BISH",NA
"2236097826","Metrosideros waialealae (Rock) Rock","N. Tangalin & C. Johns","3489",2013,"2013-04-12","Hawaii","Lahaina District, West Maui, Maunalei Arboretum on Mahana Ridge Trail to Puu Kaeo lookout",NA,20.9727,-156.619,NA,522,NA,"Disturbeed mesic forest",NA,NA,NA,NA,NA,NA,NA,NA,NA,"US","US"
"5956140496","Metrosideros waialealae (Rock) Rock","Tangalin, N.; Johns, C.","3489",2013,"2013-04-12","Hawaii","West Maui, Maunalei Arboretum on Mahana Ridge Trail to Puu Kaeo lookout.",NA,NA,NA,NA,522,"522 m","Disturbed Mesic Metrosideros - Ardisia Forest W/ Metrosideros, Dicranopteris, Nephrolepis, Ardisia, Cinnamomum, Cyanea angustifolia, Clermontia kakeana, Wikstroemia oahuensis, Psilotum nudum, Carex wahuensis.","Wasp on Metrosideros leaf actively tracking Philidoria leaf miner. Chris Johns collected parasitic wasp as CJ412. Lat/Long: 20.972729, -159.619141; Tree 15 ft. tall. Flowers red, diffuse, upright, peduncles red.",NA,NA,NA,NA,NA,NA,"NotAType",NA,"BISH",NA
"5956229018","Metrosideros polymorpha Gaudich.","Oppenheimer, H.L.; Bustamente,K.; Perlman, S.","H41310",2013,"2013-04-11","Hawaii","east Maui, Hana District, Kawaipapa drainage basin,",NA,NA,NA,NA,805,"2640 ft","common small trees in Lowland Wet Forest; vegetation: metrosideros, dicranopteris, cheirodendron, diplopterygium, broussaisia, vaccinium, melicope, clermontia, coprosma, kadua, cibotium psidium, tibouchina, clidemia, hedychium","flowers red",NA,NA,NA,NA,"Kennedy, B.; Walvoord, N.","2018-01-01T00:00:00","NotAType",NA,"BISH",NA
"5956555168","Metrosideros polymorpha Gaudich.","Perlman, S.; Oppenhiemer, H.; Bustamente, K.","23389",2013,"2013-04-11","Hawaii","Maui Hana District",NA,NA,NA,NA,872,"872 m","Kawaipapa stream, along stream on wet cliff walls, above Nahikuhana area Metrosideros - Cheirodendron trigynum wet forest with Sadleria spp., Pipturus albidus, Clemontia kakeana, Polyscias oah","Acc no: 2015 003; Shrubs 3 m high with red flowers",NA,NA,NA,NA,NA,NA,"NotAType",NA,"BISH",NA
"2464645616","Metrosideros collina (Forst.) A.Gray","J. Johansen","O1002",2013,"2013-06-10","Hawaii","Lyon Arboretum; Origin: Marquesas Islands",NA,NA,NA,NA,NA,NA,"Cultivated in botanical garden","glabrous",NA,NA,"fr",NA,"Garden staff",NA,NA,NA,"KSP",NA
"2464646186","Metrosideros collina (Forst.) A.Gray","J. Johansen","O1002",2013,"2013-06-10","Hawaii","Lyon Arboretum; Origin: Marquesas Islands",NA,NA,NA,NA,NA,NA,"Botanical garden","glabrous",NA,NA,NA,NA,"Garden staff",NA,NA,"N","KSP",NA
"5956261340","Metrosideros polymorpha var. polymorpha","Wood, K.R.; Bustamente, K.","15609",2013,"2013-08-19","Hawaii","Hana District. Hana Forest Reserve, headwaters of Kawaipapa",NA,NA,NA,NA,1448,"1448 m","Machaerina-Rhynochospora-Racomitrium montane bog W/ Dicanopteris linaris, Lycopodiella ceruna, Cheirodendron trigynum, Trematolobelia macrostachys, Vaccinium dentatum, Peperomia kipahuluensis, Metrosideros polymorpha polymorpha, Viola maviensis, l","common; shrub, 50 cm tall, leaves dark green, stamens red",NA,NA,NA,NA,NA,NA,"NotAType",NA,"BISH",NA
"2464645308","Metrosideros tremuloides (A.Heller) Knuth","J. Johansen; E. Stacy",NA,2013,"2013","Hawaii",NA,NA,NA,NA,NA,NA,NA,NA,"glabrous",NA,NA,NA,NA,"J. Johansen, E. Stacy",NA,NA,"N","KSP",NA
"2464645392","Metrosideros rugosa A.Gray","J. Johansen; E. Stacy",NA,2013,"2013","Hawaii",NA,NA,NA,NA,NA,NA,NA,NA,"pubescent",NA,NA,NA,NA,"J. Johansen, E. Stacy",NA,NA,"N","KSP",NA
"2464645670","Metrosideros rugosa A.Gray","J. Johansen; E. Stacy",NA,2013,"2013","Hawaii",NA,NA,NA,NA,NA,NA,NA,NA,"pubescent",NA,NA,"bud",NA,"J. Johansen, E. Stacy",NA,NA,NA,"KSP",NA
"2464645819","Metrosideros tremuloides (A.Heller) Knuth","J. Johansen; E. Stacy",NA,2013,"2013","Hawaii",NA,NA,NA,NA,NA,NA,NA,NA,"glabrous",NA,NA,NA,NA,"J. Johansen, E. Stacy",NA,NA,"N","KSP",NA
"2464646360","Metrosideros tremuloides (A.Heller) Knuth","J. Johansen; E. Stacy",NA,2013,"2013","Hawaii",NA,NA,NA,NA,NA,NA,NA,NA,"glabrous",NA,NA,"fl",NA,"J. Johansen, E. Stacy",NA,NA,NA,"KSP",NA
"2464646609","Metrosideros tremuloides (A.Heller) Knuth","J. Johansen; E. Stacy",NA,2013,"2013","Hawaii",NA,NA,NA,NA,NA,NA,NA,NA,"glabrous",NA,NA,"fr",NA,"J. Johansen, E. Stacy",NA,NA,NA,"KSP",NA
"3125071457","Metrosideros excelsa Sol. ex Gaertn.","Nancy Nenow; Shannon Smith","2080",2012,"2012-01-05","California","Carlsbad; between Carlsbad Blvd and railroad tracks; on the east side of Ponto Drive in a large vacant lot just north of Avenida Encinas.",NA,33.09459,-117.3141,NA,14,NA,NA,"Bush 3 feet tall with clusters of seedpods. Stems feel soft, almost fuzzy and leaves are oval. JR Note: Ex Hort",NA,NA,"FR",NA,"Jon P. Rebman",NA,NA,NA,"SD",NA
"1320745748","Metrosideros waialealae var. waialealae","N. Tangalin, C. Alevisos & T. Talring","2985",2012,"2012-02-15","Hawaii","Kawaihau District, Wailua, Blue Hole, N. fork of the Wailua River, ridge with heiau.",NA,22.0625,-159.493,NA,800,NA,NA,NA,NA,NA,NA,NA,"Wagner, W. L., (BOT), Smithsonian Institution - National Museum of Natural History (UNITED STATES)",NA,NA,NA,"US","US"
"1090171647","Metrosideros polymorpha Gaudich.","Shores, N. Griffin-Noyes, E.","Collector Number: 058",2012,"2012-04-27","Hawaii","Limahuli Garden, First Rest Stop","Limahuli Garden, First Rest Stop",22.2175,-159.577,NA,NA,"57 m",NA,"Small tree 3m tall; leaves dark green above and woolly and grey beneath; flowers yellow",NA,NA,NA,NA,NA,NA,NA,NA,"BPBM","BISH"
"1317223623","Metrosideros polymorpha Gaudich.","N. Tangalin, J. Lau & K. Muscat","3117",2012,"2012-04-19","Hawaii","Ewa District, Southern Waianae mountains, just off Palikea trail, above Makakilo City, through locked gates and on border of Nanakuli forest Reserve.",NA,21.4081,-158.099,NA,850,NA,"Mesic forest",NA,NA,NA,NA,NA,"Wagner, W. L., (BOT), Smithsonian Institution - National Museum of Natural History (UNITED STATES)",NA,NA,NA,"US","US"
"1320720461","Metrosideros polymorpha Gaudich.","N. Shores & M. Wise","058",2012,"2012-04-27","Hawaii","Hanalei District, Limahuli Garden, first rest stop.",NA,22.2175,-159.577,NA,57,NA,NA,NA,NA,NA,NA,NA,NA,NA,NA,NA,"US","US"
"1321556035","Metrosideros polymorpha var. polymorpha","N. Tangalin, J. Lau & K. Muscat","3118",2012,"2012-04-19","Hawaii","Ewa District, Southern Waianae mountains, just off Palikea trail, above Makakilo City, through locked gates and on border of Nanakuli forest Reserve.",NA,21.4081,-158.099,NA,850,NA,"Mesic forest",NA,NA,NA,NA,NA,"Wagner, W. L., (BOT), Smithsonian Institution - National Museum of Natural History (UNITED STATES)",NA,NA,NA,"US","US"
"5956616355","Metrosideros polymorpha Gaudich.","Shores, N.; Griffin-Noyes, E.","58",2012,"2012-04-27","Hawaii","Limahuli Garden, First Rest Stop",NA,NA,NA,NA,57,"57 m",NA,"Cultivated; Small tree 3m tall; leaves dark green above and woolly and grey beneath; flowers yellow",NA,NA,NA,NA,NA,NA,"NotAType",NA,"BISH",NA
"1318396541","Metrosideros polymorpha Gaudich.","N. Tangalin & K. Muscat","3163",2012,"2012-05-01","Hawaii","Waimea District, Kokee, along ridge out from Power Station at hairpin turn off of Hwy 550, Waimea Canyon Drive.",NA,22.049,-159.657,NA,880,NA,"Mesic forest",NA,NA,NA,NA,NA,"Adams, J. W.",NA,NA,NA,"US","US"
"2464644365","Metrosideros polymorpha Gaudich.","J. Johansen; E. Stacy","O347",2012,"2012-05-05","Hawaii","Mt. Ka`ala",NA,21.502557,-158.149013,NA,NA,"1199.00","Waianae","""Race S""; glabrous",NA,NA,NA,NA,"J. Johansen, E. Stacy","2012-05-05T00:00:00",NA,"Y","KSP",NA
"2464645384","Metrosideros polymorpha Gaudich.","J. Johansen; E. Stacy","O350",2012,"2012-05-06","Hawaii","Mt. Ka`ala",NA,21.502524,-158.149332,10,NA,"1193.00","Waianae","glabrous",NA,NA,"bud",NA,"J. Johansen, E. Stacy",NA,NA,NA,"KSP",NA
"2464645708","Metrosideros polymorpha Gaudich.","J. Johansen; E. Stacy","O350",2012,"2012-05-06","Hawaii","Mt. Ka`ala",NA,21.502524,-158.149332,NA,NA,"1193.00","Waianae","""Race S""; glabrous",NA,NA,NA,NA,"J. Johansen, E. Stacy",NA,NA,"Y","KSP",NA
"2464645793","Metrosideros polymorpha Gaudich.","J. Johansen; E. Stacy","O347",2012,"2012-05-05","Hawaii","Mt. Ka`ala",NA,21.502557,-158.149013,10,NA,"1199.00","Waianae","glabrous",NA,NA,"bud",NA,"J. Johansen, E. Stacy","2012-05-05T00:00:00",NA,NA,"KSP",NA
"5956433248","Metrosideros polymorpha Gaudich.","Oppenheimer, H.L.; Bustamente, K.; Perlman, S.","H61209",2012,"2012-06-20","Hawaii","East Maui, Hana District, Kaeleku, east of Hana Airport",NA,NA,NA,NA,12,"40 ft","Vegetation: Pandanus-Metrosideros Lowland Wet Forest, with Casuarina, Ardisia, Mucuna, Phymatosorus.","Northing: 2302723; Easting: 811513; Trees to 8m+ tall, flowers all red in this population",NA,NA,NA,NA,"Kennedy, B.; Walvoord, N.","2018-01-01T00:00:00","NotAType",NA,"BISH",NA
"3751296747","Metrosideros tremuloides (A.Heller) Knuth","Solomon Champion; Ben Field","SJC148",2012,"2012-07-08","Hawaii","Manoa Cliffs Trail",NA,21.33674,-157.81052,NA,NA,NA,NA,NA,NA,NA,NA,NA,"Dr. Sterling Keeley",NA,NA,NA,"HAW",NA
"5956662735","Metrosideros polymorpha Gaudich.","Tangalin, N.; Kishida, W.","3229",2012,"2012-07-20","Hawaii","Waimea District. Alakai Plateau, USGS Bog or Sincock 4 Bog.",NA,NA,NA,NA,1392,"1392 m","Metrosideros - Oreoblus - Dicranopteris Bog w/ Carex, Vaccinium calycinum, Cibotium, Viola kauaensis var. kauaensis, Coprosam, elliptica, Cheirodendron, Dicranopteris, Drosera anglica, Lycopodium, Carex, Dichanthelium isachnoides, D. hillebrandian","Lat/Long: 22.077499, -159.538284; Low growing 3 ft. tall. Bright light red flowers. Leaves and calyx with thick white pubescence. Caterpillar, common, glues two leaves together and forms a pocket. Emerges as a small 1 cm long orange and black moth.",NA,NA,NA,NA,NA,NA,"NotAType",NA,"BISH",NA
"1090269746","Metrosideros polymorpha var. dieteri J.W.Dawson & Stemmerm.","Wood, K.R. Query, M.","Collector Number: 15255.00",2012,"2012-09-21","Hawaii","Iole Ridge","Kauai; Lihue District",NA,NA,NA,NA,"722 m","Metrosideros-Dicranopteris lowland wet shrubland with small pockets of mixed wet forest below ridgeline with Broussaisia arguta, Melicope feddei, Psychotria mariniana & P. wawrae, Kadua affinis, Antidesma platyphylla, Alyxia stellata, Syzygium sandwicensis, Dubautia laxa","tree, 5 m tall, with fruit, common with M. p. glaberrima",NA,NA,NA,NA,NA,NA,NA,NA,"BPBM","BISH"
"1321874059","Metrosideros polymorpha var. dieteri J.W.Dawson & Stemmerm.","K. R. Wood & M. Query","15255",2012,"2012-09-21","Hawaii","Lihue District, Iole Ridge.",NA,22.02,-159.49,NA,722,NA,"Lowland wet shrubland.",NA,NA,NA,NA,NA,NA,NA,NA,NA,"US","US"
"5956314026","Metrosideros polymorpha var. dieteri J.W.Dawson & Stemmerm.","Wood, K.R.; Query, M.","15255",2012,"2012-09-21","Hawaii","Iole Ridge",NA,NA,NA,NA,722,"722 m","Metrosideros-Dicranopteris lowland wet shrubland with small pockets of mixed wet forest below ridgeline with Broussaisia arguta, Melicope feddei, Psychotria mariniana & P. wawrae, Kadua affinis, Antidesma platyphylla, Alyxia stellata, Syzygium sandwicensis, Dubautia laxa","Lat/Long: 22.020000, -159.490005| DNA; tree, 5 m tall, with fruit, common with M. p. glaberrima",NA,NA,NA,NA,NA,NA,"NotAType",NA,"BISH",NA
"4042936261","Metrosideros macropus Hook. & Arn.","刘华杰",NA,2012,"2012",NA,"夏威夷Oahu岛Konahuanui山道",NA,NA,NA,NA,NA,NA,NA,NA,NA,NA,NA,NA,NA,NA,NA,NA,"PE",NA
"1090168620","Metrosideros polymorpha var. polymorpha","Snow, N. Stacey, E.; Alicia Rhoades","Collector Number: 10,043",2011,"2011-02-19","Hawaii","Northern Slopes of Mauna Loa, east of Mauna Loa Observation Road on the lava flow","Northern Slopes of Mauna Loa, east of Mauna Loa Observation Road on the lava flow",19.6056,-155.465,NA,NA,"ca. 2558 5 m (ca. 7500 ft).","On ropy pahoehoe, on a somwehat oxidized lava flow.","Tree ca. 2 meters tall.  Ovary apex densely hairy, trichomes bright white. Abaxial surface of leaves densely and relatively long-lanate. Leaves somewhat up-turned towards margin.",NA,NA,NA,NA,"Snow, N.","2011-02-19T00:00:00",NA,NA,"BPBM","BISH"
"1090273389","Metrosideros polymorpha var. macrophylla (Rock) H.St.John","Snow, N. Stacey, E.; Alicia Rhoades","Collector Number: 10,041",2011,"2011-02-19","Hawaii","Hilo Watershed Reserve, north of Saddle Road between old mile markers 11 and 12, between Wailuku River between Saddle Road on 1855 lava flow. Unmarked and un-named trail leading down to river","Hilo Watershed Reserve, north of Saddle Road between old mile markers 11 and 12, between Wailuku River between Saddle Road on 1855 lava flow. Unmarked and un-named trail leading down to river",19.7069,-155.234,NA,NA,"ca. 885 m (2905 ft)",NA,"Specimen sterile; taken primarily for bark sample.",NA,NA,NA,NA,"Snow, N.","2011-02-19T00:00:00",NA,NA,"BPBM","BISH"
"1090294842","Metrosideros polymorpha var. macrophylla (Rock) H.St.John","Snow, N. Stacey, E.; Alicia Rhoades","Collector Number: 10,041",2011,"2011-02-19","Hawaii","Hilo Watershed Reserve, north of Saddle Road between old mile markers 11 and 12 along Wailuku River. Unmarked and un-named trail leading down to river","Hilo Watershed Reserve, north of Saddle Road between old mile markers 11 and 12 along Wailuku River. Unmarked and un-named trail leading down to river",19.7084,-155.234,NA,NA,NA,NA,"Specimen sterile; taken primarily for bark sample.",NA,NA,NA,NA,"Snow, N.","2011-02-19T00:00:00",NA,NA,"BPBM","BISH"
"1090368737","Metrosideros polymorpha var. newellii (Rock) H.St.John","Snow, N. Stacey, E.; Alicia Rhoades","Collector Number: 10,042",2011,"2011-02-19","Hawaii","Hilo Watershed Reserve, north of Saddle Road between old mile markers 11 and 12, along S banks of Wailuku River nrth of Saddle Road on 1855 lava flow, along unmarked and un-named trail","Hilo Watershed Reserve, north of Saddle Road between old mile markers 11 and 12, along south banks of Wailuku River nrth of Saddle Road on 1855 lava flow, along unmarked and un-named trail",19.7083,-155.234,NA,NA,"880 m (ca. 2885 ft)","Rocky edge of Wailuku River.","Tree 3 m tall.  The inflorescece is frequently indeterminate.",NA,NA,NA,NA,"Snow, N.","2011-02-19T00:00:00",NA,NA,"BPBM","BISH"
"1090375556","Metrosideros polymorpha Gaudich.","Snow, N. Stacey, E.; Alicia Rhoades","Collector Number: 10,046",2011,"2011-02-19","Hawaii","Hilo: Mohouli Street, ca. 175 meters west of its intersection with Komohana Street, north side of street","Hilo: Mohouli Street, ca. 175 meters west of its intersection with Komohana Street, north side of street.",21.3076,-157.65,NA,NA,"92 m","Edge of forest remnant.","Tree ca. 5 meters tall.",NA,NA,NA,NA,"Snow, N.","2011-02-19T00:00:00",NA,NA,"BPBM","BISH"
"1317279296","Metrosideros polymorpha var. newellii (Rock) H.St.John","N. Snow, E. Stacey & A. Rhoades","10,042",2011,"2011-02-19","Hawaii","Hilo Watershed Reserve, N of Saddle Road between old mile markers 11 and 12, along south banks of Wailuku River.",NA,19.7083,-155.234,NA,880,NA,NA,NA,NA,NA,NA,NA,NA,NA,NA,NA,"US","US"
"2464646171","Metrosideros polymorpha Gaudich.","J. Johansen; E. Stacy","O176",2011,"2011-02-05","Hawaii","Mt. Ka`ala",NA,21.506875,-158.144309,NA,NA,"1231.00","Waianae","""Race F""; pubescent",NA,NA,NA,NA,"J. Johansen, E. Stacy",NA,NA,"Y","KSP",NA
"2464646290","Metrosideros polymorpha Gaudich.","J. Johansen; E. Stacy","O176",2011,"2011-02-05","Hawaii","Mt. Ka`ala",NA,21.506875,-158.144309,10,NA,"1231.00","Waianae","pubescent",NA,NA,"fl",NA,"J. Johansen, E. Stacy",NA,NA,NA,"KSP",NA
"5956187131","Metrosideros polymorpha var. polymorpha","Snow, N.; Stacey, E.; Alicia Rhoades","10043",2011,"2011-02-19","Hawaii","Northern Slopes of Mauna Loa, east of Mauna Loa Observation Road on the lava flow",NA,NA,NA,NA,2286,"7500 ft","On ropy pahoehoe, on a somwehat oxidized lava flow.","A. Rhoades indicates that this is the highest altitude site for M. p. var. polymorpha.; Tree ca. 2 meters tall. Ovary apex densely hairy, trichomes bright white. Abaxial surface of leaves densely and relatively long-lanate. Leaves somewhat up-turned towards margin.",NA,NA,NA,NA,"Snow, N.",NA,"NotAType",NA,"BISH",NA
"5956214661","Metrosideros polymorpha Gaudich.","Snow, N.; Stacey, E.; Alicia Rhoades","10046",2011,"2011-02-19","Hawaii","Hilo: Mohouli Street, ca. 175 meters west of its intersection with Komohana Street, north side of street",NA,NA,NA,NA,92,"92 m","Edge of forest remnant.","Coordinate incorrect 21 18 27.42 N; 157 39 1.73 W; Tree ca. 5 meters tall.",NA,NA,NA,NA,"Snow, N.",NA,"NotAType",NA,"BISH",NA
"5956281187","Metrosideros polymorpha var. macrophylla (Rock) H.St.John","Snow, N.; Stacey, E.; Alicia Rhoades","10041",2011,"2011-02-19","Hawaii","Hilo Watershed Reserve, north of Saddle Road between old mile markers 11 and 12, between Wailuku River between Saddle Road on 1855 lava flow. Unmarked and un-named trail leading down to river",NA,NA,NA,NA,885,"885 m",NA,"Population of several old and large (25+ meters) trees in the general area, all heavily laden with epiphytes. Bark layered, smooth, light brown, peeling easily in long (up to 1 meter) strips and with the texture of thick paper.| | Mounted on 2 sheets: BISH 748105 and 748106; Specimen sterile; taken primarily for bark sample.",NA,NA,NA,NA,"Snow, N.",NA,"NotAType",NA,"BISH",NA
"5956311715","Metrosideros polymorpha var. macrophylla (Rock) H.St.John","Snow, N.; Stacey, E.; Alicia Rhoades","10041",2011,"2011-02-19","Hawaii","Hilo Watershed Reserve, north of Saddle Road between old mile markers 11 and 12 along Wailuku River. Unmarked and un-named trail leading down to river",NA,NA,NA,NA,NA,NA,NA,"Population of several old and large (25+ meters) trees in the general area, all heavily laden with epiphytes. Bark layered, smooth, light brown, peeling easily in long (up to 1 meter) strips and with the texture of thick paper.| | Mounted on 2 sheets: BISH 748105 and 748106; Specimen sterile; taken primarily for bark sample.",NA,NA,NA,NA,"Snow, N.",NA,"NotAType",NA,"BISH",NA
"5956369631","Metrosideros polymorpha var. newellii (Rock) H.St.John","Snow, N.; Stacey, E.; Alicia Rhoades","10042",2011,"2011-02-19","Hawaii","Hilo Watershed Reserve, north of Saddle Road between old mile markers 11 and 12, along S banks of Wailuku River nrth of Saddle Road on 1855 lava flow, along unmarked and un-named trail",NA,NA,NA,NA,880,"880 m","Rocky edge of Wailuku River.","This site is the highest known occurrence of variety newellii according to A. Rhoades.; Tree 3 m tall. The inflorescece is frequently indeterminate.",NA,NA,NA,NA,"Snow, N.",NA,"NotAType",NA,"BISH",NA
"1090176916","Metrosideros polymorpha Gaudich.","Wood, K.R.","Collector Number: 14599",2011,"2011-04-17","Hawaii","just SE of Kukui peak","Kauai; Waimea District",NA,NA,NA,NA,"823 m","Acacia-Metrosideros lowland dry to mesic forest.  W/ Dodonaea, Hibiscus waimeae, Diospyros, Pleomele aurea, Pouteria sandwicensis, Sida fallax, Dianella, Gahnia beecheyi, Leptocophylla, Eragrostis variabilis, Pteridium","tree, 12 m tall, trunk with gray-brown peeling bark, common",NA,NA,NA,NA,NA,NA,NA,NA,"BPBM","BISH"
"1090314273","Metrosideros polymorpha Gaudich.","Wood, K.R. Query, M.; Clark, M.; Aguraiuja, R.","Collector Number: 14591",2011,"2011-04-09","Hawaii","Awaawapuhi, along trail","Kauai; Hanalei/Waimea District boundary",NA,NA,NA,NA,"1219 m","Metrosideros polymorpha montane mesic forest.  W/Psychotria mariniana, Melicop anisata, M. barbigera, Pouteria sandwicensis, Dodonaea viscosa, Dianella sandwicensis, Tetraplasandra kavaiensis, Claoxylon sandwicensis","tree, 7 m tall, bark gray-brown with peeling -off stipes, in flower, common",NA,NA,NA,NA,NA,NA,NA,NA,"BPBM","BISH"
"1320036829","Metrosideros polymorpha Gaudich.","K. R. Wood","14599",2011,"2011-04-17","Hawaii","Waimea district, just SE of Kukui Peak.",NA,22.04,-159.65,NA,823,NA,NA,NA,NA,NA,NA,NA,NA,NA,NA,NA,"US","US"
"1320408805","Metrosideros polymorpha Gaudich.","K. R. Wood, M. Query, M. Clark & R. Aguraiuja","14591",2011,"2011-04-09","Hawaii","Hanalei/Waimea District boundary, Awa'awapuhi, along trail.",NA,22.14,-159.67,NA,1219,NA,NA,NA,NA,NA,NA,NA,NA,NA,NA,NA,"US","US"
"1929132654","Metrosideros polymorpha Gaudich.","K. R. Wood","14599",2011,"2011-04-17","Hawaii","Waimea district, just SE of Kukui peak. Acacia-Metrosideros lowland dry to mesic forest.",NA,22.04,-159.649994,NA,823,"2700 ft",NA,NA,NA,NA,NA,NA,NA,NA,NA,"sheet","NY","NY"
"1930740217","Metrosideros polymorpha Gaudich.","K. R. Wood","14591",2011,"2011-04-09","Hawaii","Awaawapuhi, along trail.",NA,22.14,-159.669997,NA,1219,"3999 ft",NA,NA,NA,NA,NA,NA,NA,NA,NA,"sheet","NY","NY"
"4977554905","Metrosideros polymorpha Gaudich.","Wood, K.R.","14599",2011,"2011-04-17T00:00",NA,"Hawaiian Islands; Kaijai Waimea District; just SE Kukui peak.",NA,NA,NA,NA,823,NA,NA,NA,NA,NA,NA,NA,NA,NA,NA,NA,"K","Herbarium"
"5956245339","Metrosideros polymorpha Gaudich.","Wood, K.R.; Query, M.; Clark, M.; Aguraiuja, R.","14591",2011,"2011-04-09","Hawaii","Awaawapuhi, along trail",NA,NA,NA,NA,1219,"1219 m","Metrosideros polymorpha montane mesic forest. W/Psychotria mariniana, Melicop anisata, M. barbigera, Pouteria sandwicensis, Dodonaea viscosa, Dianella sandwicensis, Tetraplasandra kavaiensis, Claoxylon sandwicensis","Lat/Long: 22.139999, -159.669998| DNA; tree, 7 m tall, bark gray-brown with peeling -off stipes, in flower, common",NA,NA,NA,NA,NA,NA,"NotAType",NA,"BISH",NA
"5956599073","Metrosideros polymorpha Gaudich.","Wood, K.R.","14599",2011,"2011-04-17","Hawaii","just SE of Kukui peak",NA,NA,NA,NA,823,"823 m","Acacia-Metrosideros lowland dry to mesic forest. W/ Dodonaea, Hibiscus waimeae, Diospyros, Pleomele aurea, Pouteria sandwicensis, Sida fallax, Dianella, Gahnia beecheyi, Leptocophylla, Eragrostis variabilis, Pteridium","Lat/Long: 22.040001, -159.649994| DNA; tree, 12 m tall, trunk with gray-brown peeling bark, common",NA,NA,NA,NA,NA,NA,"NotAType",NA,"BISH",NA
"1090276807","Metrosideros polymorpha Gaudich.","Wood, K.R. Query, M.; Horn, J.","Collector Number: 14680",2011,"2011-05-13","Hawaii","Kokee, Puu O Kila region, trail to Pihea","Kauai; Waimea District",NA,NA,NA,NA,"1250 m","Metrosideros mixed wet forest.  W/ Chirodendron, Dodonaea viscosa, Perrottetia sandwicensis, Dicranopteris linearis, Scaevola procera, Leptecophylla tameiameiae, Sadleria pallida, S. cyatheoides, S. souleytiana","tree, 7 m tall, common",NA,NA,NA,NA,NA,NA,NA,NA,"BPBM","BISH"
"1090295540","Metrosideros polymorpha Gaudich.","Wood, K.R. Horn, J.; Query, M.","Collector Number: 14665",2011,"2011-05-13","Hawaii","Waimea District","Hawaiian Islands",NA,NA,NA,NA,"1219 m","Kokee, Kahuamaa flats, Metrosideros mixed wet forest. W/ Cheirodendron, Dodonaea viscosa, Perrotttetia sandwicensis, Kadua foggiana","Tree, 7 m tall, perhaps hybrid with M. p. dieteri",NA,NA,NA,NA,"Not on sheet",NA,NA,NA,"BPBM","BISH"
"1090303760","Metrosideros polymorpha var. dieteri J.W.Dawson & Stemmerm.","Wood, K.R. Horn, J.; Query, M.","Collector Number: 14667",2011,"2011-05-13","Hawaii","Kokee, Puu O Kila region, trail to Pihea","Kauai; Waimea District",NA,NA,NA,NA,"1219 m","Metrosideros mixed wet forest.  W/Cheirodendron, Dodonaea viscosa, Perrottetia sandwicensis, Dicranopteris linearis, Scaevola procerta, Leptecophylla tameiameiae, Sadleria pallida, S. cyatheoides, S. souleyetiana","tree, 4 m tall, bark brown-gray, rough fissured",NA,NA,NA,NA,NA,NA,NA,NA,"BPBM","BISH"
"1090306747","Metrosideros polymorpha Gaudich.","Wood, K.R. Query, M.; Horn, J.","Collector Number: 14668",2011,"2011-05-13","Hawaii","Kokee, Puu O Kila region, trail to Pihea","Kauai; Waimea District",NA,NA,NA,NA,"1219 m","Metrosideros mixed wet forest.  W/ Chirodendron, Dodonaea viscosa, Perrottetia sandwicensis, Dicranopteris linearis, Scaevola procera, Leptecophylla tameiameiae, Sadleria pallida, S. cyatheoides, S. souleytiana","tree, 4 m tall, bark dark brown rough textured, common with M.p. dieteri",NA,NA,NA,NA,NA,NA,NA,NA,"BPBM","BISH"
"1090329126","Metrosideros polymorpha Gaudich.","Wood, K.R. Horn, J.; Query, M.","Collector Number: 14673",2011,"2011-05-13","Hawaii","Alakai, first bog ca. 1k west of Kilohana","Kauai; Waimea District",NA,NA,NA,NA,"1204 m","Metrosideros mixed wet forest and adjacent bogs.  W/ Cheirodendron, Dodonaea viscosa, Perrottetia sandwicensis, Dicranopteris linearis, Scaevola procera, Leptecophylla tameiameiae, Sadleria pallida, S. cyatheoides, S. souleyetiana","tree, small bog form, common",NA,NA,NA,NA,NA,NA,NA,NA,"BPBM","BISH"
"1317207815","Metrosideros polymorpha var. dieteri J.W.Dawson & Stemmerm.","K. R. Wood, J. Horn & M. Query","14679",2011,"2011-05-13","Hawaii","Waimea District, Koke'e, Pu'u O Kila region, trail to Pihea.",NA,22.15,-159.62,NA,1250,NA,NA,NA,NA,NA,NA,NA,NA,NA,NA,NA,"US","US"
"1317512513","Metrosideros polymorpha var. polymorpha","J. Horn","5517",2011,"2011-05-19","Hawaii","West Maui, along a 4WD track running NNW to the summit of Hana'ula. Track is on a ridge between the Ukumehame and Waikapu Valleys. Locality on this track is 2.8 miles NW of jct. with Honoapiilani Hwy (Hwy 30).",NA,20.8394,-156.556,NA,1210,NA,"Sclerophyllous shrubland to 2.0 m in height, SE facing exposure",NA,NA,NA,NA,NA,NA,NA,NA,NA,"US","US"
"1317632957","Metrosideros polymorpha Gaudich.","J. Horn & J. Lau","5538",2011,"2011-05-23","Hawaii","Ko'olau Range, along Aiea Ridge trail.",NA,21.4194,-157.848,NA,748,NA,NA,NA,NA,NA,NA,NA,NA,NA,NA,NA,"US","US"
"1317721682","Metrosideros polymorpha Gaudich.","J. Horn","5501",2011,"2011-05-18","Hawaii","East Maui, Makawao State Forest, adjacent to gulch on E side of Fong Ridge Road powerline r-o-w, c. 0.65 mi N of its S terminus in agricultural field.",NA,20.8211,-156.269,NA,995,NA,"Forest",NA,NA,NA,NA,NA,NA,NA,NA,NA,"US","US"
"1317823167","Metrosideros polymorpha Gaudich.","J. Horn","5512",2011,"2011-05-19","Hawaii","West Maui, along a 4WD track running NNW to the summit of Hana'ula. Track is on a ridge between the Ukumehame and Waikapu Valleys. Locality on this track is 2.8 miles NW of jct. with Honoapiilani Hwy (Hwy 30).",NA,20.8281,-156.557,NA,1030,NA,"Sclerophyllous shrubland to 2.0 m in height, SE facing exposure",NA,NA,NA,NA,NA,NA,NA,NA,NA,"US","US"
"1317850822","Metrosideros polymorpha Gaudich.","K. R. Wood, J. Horn & M. Query","14668",2011,"2011-05-13","Hawaii","Waimea District, Koke'e, Pu'u O Kila region, trail to Pihea.",NA,22.14,-159.62,NA,669,NA,NA,NA,NA,NA,NA,NA,NA,NA,NA,NA,"US","US"
"1318077697","Metrosideros polymorpha var. incana (H.Lév.) Skottsb.","J. Horn","5510",2011,"2011-05-19","Hawaii","West Maui, along a 4WD track running NNW to the summit of Hana'ula. Track is on a ridge between the Ukumehame and Waikapu Valleys. Locality on this track is 2.8 miles NW of jct. with Honoapiilani Hwy (Hwy 30).",NA,20.8281,-156.557,NA,1030,NA,"Sclerophyllous shrubland to 2.0 m in height, SE facing exposure",NA,NA,NA,NA,NA,NA,NA,NA,NA,"US","US"
"1318108945","Metrosideros polymorpha var. incana (H.Lév.) Skottsb.","J. Horn & J. Lau","5556",2011,"2011-05-23","Hawaii","Ko'olau Range, along Aiea Ridge trail.",NA,21.4064,-157.879,NA,464,NA,NA,NA,NA,NA,NA,NA,NA,NA,NA,NA,"US","US"
"1318315846","Metrosideros polymorpha Gaudich.","J. Horn","5503",2011,"2011-05-18","Hawaii","East Maui, Makawao State Forest, adjacent to gulch on E side of Fong Ridge Road powerline r-o-w, c. 0.65 mi N of its S terminus in agricultural field.",NA,20.8211,-156.269,NA,995,NA,"Forest",NA,NA,NA,NA,NA,"Wagner, W. L., (BOT), Smithsonian Institution - National Museum of Natural History (UNITED STATES)",NA,NA,NA,"US","US"
"1318542847","Metrosideros macropus Hook. & Arn.","J. Horn & J. Lau","5549",2011,"2011-05-23","Hawaii","Ko'olau Range, along Aiea Ridge trail.",NA,21.4133,-157.867,NA,510,NA,NA,NA,NA,NA,NA,NA,NA,NA,NA,NA,"US","US"
"1318582885","Metrosideros polymorpha Gaudich.","J. Horn & J. Lau","5542",2011,"2011-05-23","Hawaii","Ko'olau Range, along Aiea Ridge trail.",NA,21.4172,-157.851,NA,700,NA,NA,NA,NA,NA,NA,NA,NA,NA,NA,NA,"US","US"
"1318649277","Metrosideros polymorpha Gaudich.","J. Horn & J. Lau","5521",2011,"2011-05-21","Hawaii","Wai'anae Range. Ka'ala.",NA,21.5028,-158.161,NA,768,NA,NA,NA,NA,NA,NA,NA,NA,NA,NA,NA,"US","US"
"1318673075","Metrosideros polymorpha Gaudich.","J. Horn","5505",2011,"2011-05-18","Hawaii","East Maui, Makawao State Forest, on E side of Fong Ridge Road powerline r-o-w, c. 0.35 mi N of its S terminus in agricultural field.",NA,20.8164,-156.268,NA,1081,NA,"Forest",NA,NA,NA,NA,NA,NA,NA,NA,NA,"US","US"
"1318863896","Metrosideros polymorpha Gaudich.","J. Horn & J. Lau","5541",2011,"2011-05-23","Hawaii","Ko'olau Range, along Aiea Ridge trail.",NA,21.42,-157.849,NA,735,NA,"Terrestrial wefts of leafy liverworts",NA,NA,NA,NA,NA,NA,NA,NA,NA,"US","US"
"1318977837","Metrosideros polymorpha Gaudich.","J. Horn & J. Lau","5550",2011,"2011-05-23","Hawaii","Ko'olau Range, along Aiea Ridge trail.",NA,21.4133,-157.867,NA,510,NA,NA,NA,NA,NA,NA,NA,"Wagner, W. L., (BOT), Smithsonian Institution - National Museum of Natural History (UNITED STATES)",NA,NA,NA,"US","US"
"1319016974","Metrosideros tremuloides (A.Heller) Knuth","J. Horn & J. Lau","5527",2011,"2011-05-21","Hawaii","Wai'anae Range. Ka'ala.",NA,21.5022,-158.156,NA,823,NA,NA,NA,NA,NA,NA,NA,NA,NA,NA,NA,"US","US"
"1319067891","Metrosideros polymorpha var. dieteri J.W.Dawson & Stemmerm.","K. R. Wood, J. Horn & M. Query","14667",2011,"2011-05-13","Hawaii","Waimea District, Koke'e, Pu'u O Kila region, trail to Pihea.",NA,22.14,-159.62,NA,669,NA,NA,NA,NA,NA,NA,NA,NA,NA,NA,NA,"US","US"
"1319151130","Metrosideros polymorpha Gaudich.","J. Horn","5507",2011,"2011-05-19","Hawaii","West Maui, along a 4WD track running NNW to the summit of Hana'ula. Track is on a ridge between the Ukumehame and Waikapu Valleys. Locality on this track is 2.8 miles NW of jct. with Honoapiilani Hwy (Hwy 30).",NA,20.8103,-156.543,NA,670,NA,"Sclerophyllous shrubland to 1.5 m in height, SE facing exposure",NA,NA,NA,NA,NA,NA,NA,NA,NA,"US","US"
"1319176242","Metrosideros polymorpha Gaudich.","J. Horn & J. Lau","5533",2011,"2011-05-23","Hawaii","Ko'olau Range, along Aiea Ridge trail.",NA,21.4208,-157.846,NA,805,NA,"Terrestrial wefts of leafy liverworts",NA,NA,NA,NA,NA,NA,NA,NA,NA,"US","US"
"1319217685","Metrosideros polymorpha var. pumila (A.Heller) J.W.Dawson & Stemmerm.","K. R. Wood, J. Horn & M. Query","14669",2011,"2011-05-13","Hawaii","Waimea District, Alakai, Lehua Maka Noi bog region.",NA,22.14,-159.61,NA,1219,NA,NA,NA,NA,NA,NA,NA,NA,NA,NA,NA,"US","US"
"1319295285","Metrosideros macropus Hook. & Arn.","J. Horn & J. Lau","5546",2011,"2011-05-23","Hawaii","Ko'olau Range, along Aiea Ridge trail.",NA,21.4161,-157.855,NA,687,NA,NA,NA,NA,NA,NA,NA,NA,NA,NA,NA,"US","US"
"1319391419","Metrosideros polymorpha var. polymorpha","J. Horn","5514",2011,"2011-05-19","Hawaii","West Maui, along a 4WD track running NNW to the summit of Hana'ula. Track is on a ridge between the Ukumehame and Waikapu Valleys. Locality on this track is 2.8 miles NW of jct. with Honoapiilani Hwy (Hwy 30).",NA,20.8413,-156.555,NA,1201,NA,"Sclerophyllous shrubland to 2.0 m in height, SE facing exposure",NA,NA,NA,NA,NA,NA,NA,NA,NA,"US","US"
"1319416867","Metrosideros polymorpha Gaudich.","J. Horn & J. Lau","5540",2011,"2011-05-23","Hawaii","Ko'olau Range, along Aiea Ridge trail.",NA,21.4194,-157.848,NA,748,NA,NA,NA,NA,NA,NA,NA,NA,NA,NA,NA,"US","US"
"1319445918","Metrosideros polymorpha var. polymorpha","J. Horn & J. Lau","5554",2011,"2011-05-23","Hawaii","Ko'olau Range, along Aiea Ridge trail.",NA,21.4078,-157.878,NA,484,NA,NA,NA,NA,NA,NA,NA,NA,NA,NA,NA,"US","US"
"1319547746","Metrosideros polymorpha Gaudich.","J. Horn & J. Lau","5544",2011,"2011-05-23","Hawaii","Ko'olau Range, along Aiea Ridge trail.",NA,21.4167,-157.854,NA,741,NA,NA,NA,NA,NA,NA,NA,"Wagner, W. L., (BOT), Smithsonian Institution - National Museum of Natural History (UNITED STATES)",NA,NA,NA,"US","US"
"1319579080","Metrosideros polymorpha Gaudich.","J. Horn & J. Lau","5531",2011,"2011-05-23","Hawaii","Ko'olau Range, along Aiea Ridge trail.",NA,21.4208,-157.846,NA,805,NA,"Terrestrial wefts of leafy liverworts",NA,NA,NA,NA,NA,NA,NA,NA,NA,"US","US"
"1319701130","Metrosideros tremuloides (A.Heller) Knuth","J. Horn & J. Lau","5561",2011,"2011-05-30","Hawaii","Ko'olau Range, along Lanipo Trail.",NA,21.3117,-157.773,NA,458,NA,"Remnant woodland",NA,NA,NA,NA,NA,NA,NA,NA,NA,"US","US"
"1319716558","Metrosideros polymorpha var. incana (H.Lév.) Skottsb.","J. Horn & J. Lau","5563",2011,"2011-05-30","Hawaii","Ko'olau Range, along Lanipo Trail.",NA,21.3147,-157.772,NA,482,NA,"Remnant woodland",NA,NA,NA,NA,NA,NA,NA,NA,NA,"US","US"
"1319787799","Metrosideros polymorpha Gaudich.","J. Horn","5502",2011,"2011-05-18","Hawaii","East Maui, Makawao State Forest, adjacent to gulch on E side of Fong Ridge Road powerline r-o-w, c. 0.65 mi N of its S terminus in agricultural field.",NA,20.8211,-156.269,NA,995,NA,"Forest",NA,NA,NA,NA,NA,NA,NA,NA,NA,"US","US"
"1319808811","Metrosideros polymorpha Gaudich.","J. Horn","5508",2011,"2011-05-19","Hawaii","West Maui, along a 4WD track running NNW to the summit of Hana'ula. Track is on a ridge between the Ukumehame and Waikapu Valleys. Locality on this track is 2.8 miles NW of jct. with Honoapiilani Hwy (Hwy 30).",NA,20.8281,-156.557,NA,1030,NA,"Sclerophyllous shrubland to 2.0 m in height, SE facing exposure",NA,NA,NA,NA,NA,"Wagner, W. L., (BOT), Smithsonian Institution - National Museum of Natural History (UNITED STATES)",NA,NA,NA,"US","US"
"1319874356","Metrosideros rugosa A.Gray","J. Horn & J. Lau","5539",2011,"2011-05-23","Hawaii","Ko'olau Range, along Aiea Ridge trail.",NA,21.4194,-157.848,NA,748,NA,NA,NA,NA,NA,NA,NA,NA,NA,NA,NA,"US","US"
"1319899460","Metrosideros polymorpha Gaudich.","K. R. Wood, J. Horn & M. Query","14671",2011,"2011-05-13","Hawaii","Waimea District, Alakai, Lehua Maka Noi bog region.",NA,22.14,-159.61,NA,1204,NA,NA,NA,NA,NA,NA,NA,NA,NA,NA,NA,"US","US"
"1319949740","Metrosideros polymorpha Gaudich.","K. R. Wood, J. Horn & M. Query","14680",2011,"2011-05-13","Hawaii","Waimea District, Koke'e, Pu'u O Kila region, trail to Pihea.",NA,22.15,-159.62,NA,1250,NA,NA,NA,NA,NA,NA,NA,NA,NA,NA,NA,"US","US"
"1319950289","Metrosideros rugosa A.Gray","J. Horn & J. Lau","5535",2011,"2011-05-23","Hawaii","Ko'olau Range, along Aiea Ridge trail.",NA,21.4203,-157.846,NA,800,NA,NA,NA,NA,NA,NA,NA,NA,NA,NA,NA,"US","US"
"1320088227","Metrosideros tremuloides (A.Heller) Knuth","J. Horn & J. Lau","5526",2011,"2011-05-21","Hawaii","Wai'anae Range. Ka'ala.",NA,21.5022,-158.156,NA,831,NA,NA,NA,NA,NA,NA,NA,NA,NA,NA,NA,"US","US"
"1320137100","Metrosideros polymorpha Gaudich.","J. Horn","5511",2011,"2011-05-19","Hawaii","West Maui, along a 4WD track running NNW to the summit of Hana'ula. Track is on a ridge between the Ukumehame and Waikapu Valleys. Locality on this track is 2.8 miles NW of jct. with Honoapiilani Hwy (Hwy 30).",NA,20.8281,-156.557,NA,1030,NA,"Sclerophyllous shrubland to 2.0 m in height, SE facing exposure",NA,NA,NA,NA,NA,NA,NA,NA,NA,"US","US"
"1320233933","Metrosideros polymorpha var. pumila (A.Heller) J.W.Dawson & Stemmerm.","K. R. Wood, J. Horn & M. Query","14670",2011,"2011-05-13","Hawaii","Waimea District, Alakai, Lehua Maka Noi bog region.",NA,22.14,-159.61,NA,1219,NA,NA,NA,NA,NA,NA,NA,NA,NA,NA,NA,"US","US"
"1320544059","Metrosideros polymorpha var. incana (H.Lév.) Skottsb.","J. Horn & J. Lau","5522",2011,"2011-05-21","Hawaii","Wai'anae Range. Ka'ala.",NA,21.5028,-158.161,NA,768,NA,NA,NA,NA,NA,NA,NA,NA,NA,NA,NA,"US","US"
"1320670586","Metrosideros waialealae var. waialealae","K. R. Wood, J. Horn & M. Query","14681",2011,"2011-05-13","Hawaii","Waimea District, Alakai, first bog ca. 1k west of Kilohana.",NA,22.15,-159.59,NA,1219,NA,NA,NA,NA,NA,NA,NA,NA,NA,NA,NA,"US","US"
"1320770593","Metrosideros polymorpha Gaudich.","J. Horn & J. Lau","5560",2011,"2011-05-30","Hawaii","Ko'olau Range, along Lanipo Trail.",NA,21.3117,-157.773,NA,458,NA,"Remnant woodland",NA,NA,NA,NA,NA,NA,NA,NA,NA,"US","US"
"1320789326","Metrosideros polymorpha var. incana (H.Lév.) Skottsb.","J. Horn","5518",2011,"2011-05-19","Hawaii","West Maui, along a 4WD track running NNW to the summit of Hana'ula. Track is on a ridge between the Ukumehame and Waikapu Valleys. Locality on this track is 2.8 miles NW of jct. with Honoapiilani Hwy (Hwy 30).",NA,20.8394,-156.556,NA,1210,NA,"Sclerophyllous shrubland to 2.0 m in height, SE facing exposure",NA,NA,NA,NA,NA,NA,NA,NA,NA,"US","US"
"1320813635","Metrosideros polymorpha var. incana (H.Lév.) Skottsb.","J. Horn & J. Lau","5524",2011,"2011-05-21","Hawaii","Wai'anae Range. Ka'ala.",NA,21.5028,-158.16,NA,759,NA,NA,NA,NA,NA,NA,NA,NA,NA,NA,NA,"US","US"
"1320842622","Metrosideros polymorpha var. polymorpha","J. Horn & J. Lau","5547",2011,"2011-05-23","Hawaii","Ko'olau Range, along Aiea Ridge trail.",NA,21.4158,-157.856,NA,675,NA,NA,NA,NA,NA,NA,NA,NA,NA,NA,NA,"US","US"
"1321043541","Metrosideros polymorpha Gaudich.","J. Horn & J. Lau","5534",2011,"2011-05-23","Hawaii","Ko'olau Range, along Aiea Ridge trail.",NA,21.4203,-157.846,NA,800,NA,NA,NA,NA,NA,NA,NA,NA,NA,NA,NA,"US","US"
"1321090778","Metrosideros polymorpha var. polymorpha","J. Horn & J. Lau","5552",2011,"2011-05-23","Hawaii","Ko'olau Range, along Aiea Ridge trail.",NA,21.4083,-157.876,NA,489,NA,NA,NA,NA,NA,NA,NA,NA,NA,NA,NA,"US","US"
"1321146084","Metrosideros polymorpha Gaudich.","J. Horn & J. Lau","5536",2011,"2011-05-23","Hawaii","Ko'olau Range, along Aiea Ridge trail.",NA,21.4203,-157.847,NA,778,NA,NA,NA,NA,NA,NA,NA,NA,NA,NA,NA,"US","US"
"1321158359","Metrosideros polymorpha var. incana (H.Lév.) Skottsb.","J. Horn & J. Lau","5562",2011,"2011-05-30","Hawaii","Ko'olau Range, along Lanipo Trail.",NA,21.3117,-157.773,NA,458,NA,"Remnant woodland",NA,NA,NA,NA,NA,NA,NA,NA,NA,"US","US"
"1321239465","Metrosideros polymorpha var. polymorpha","J. Horn & J. Lau","5525",2011,"2011-05-21","Hawaii","Wai'anae Range. Ka'ala.",NA,21.5025,-158.151,NA,997,NA,NA,NA,NA,NA,NA,NA,NA,NA,NA,NA,"US","US"
"1321282249","Metrosideros rugosa A.Gray","J. Horn & J. Lau","5537",2011,"2011-05-23","Hawaii","Ko'olau Range, along Aiea Ridge trail.",NA,21.4203,-157.847,NA,778,NA,NA,NA,NA,NA,NA,NA,NA,NA,NA,NA,"US","US"
"1321315742","Metrosideros polymorpha Gaudich.","K. R. Wood, J. Horn & M. Query","14665",2011,"2011-05-13","Hawaii","Waimea District, Koke'e, Kahuama'a Flats.",NA,22.14,-159.64,NA,1219,NA,NA,NA,NA,NA,NA,NA,NA,NA,NA,NA,"US","US"
"1321332217","Metrosideros polymorpha Gaudich.","J. Horn & J. Lau","5519",2011,"2011-05-21","Hawaii","Wai'anae Range. Ka'ala.",NA,21.5025,-158.162,NA,771,NA,NA,NA,NA,NA,NA,NA,NA,NA,NA,NA,"US","US"
"1321337170","Metrosideros polymorpha Gaudich.","J. Horn & J. Lau","5548",2011,"2011-05-23","Hawaii","Ko'olau Range, along Aiea Ridge trail.",NA,21.4158,-157.856,NA,675,NA,NA,NA,NA,NA,NA,NA,NA,NA,NA,NA,"US","US"
"1321345021","Metrosideros polymorpha var. polymorpha","J. Horn & J. Lau","5528",2011,"2011-05-21","Hawaii","Wai'anae Range. Ka'ala.",NA,21.5022,-158.152,NA,996,NA,NA,NA,NA,NA,NA,NA,NA,NA,NA,NA,"US","US"
"1321439801","Metrosideros polymorpha var. incana (H.Lév.) Skottsb.","J. Horn & J. Lau","5557",2011,"2011-05-30","Hawaii","Ko'olau Range, along Lanipo Trail.",NA,21.3047,-157.779,NA,317,NA,"Remenant woodland",NA,NA,NA,NA,NA,NA,NA,NA,NA,"US","US"
"1321505711","Metrosideros tremuloides (A.Heller) Knuth","J. Horn & J. Lau","5543",2011,"2011-05-23","Hawaii","Ko'olau Range, along Aiea Ridge trail.",NA,21.4172,-157.851,NA,700,NA,NA,NA,NA,NA,NA,NA,NA,NA,NA,NA,"US","US"
"1321630522","Metrosideros polymorpha Gaudich.","J. Horn & J. Lau","5545",2011,"2011-05-23","Hawaii","Ko'olau Range, along Aiea Ridge trail.",NA,21.4167,-157.854,NA,741,NA,NA,NA,NA,NA,NA,NA,NA,NA,NA,NA,"US","US"
"1321633557","Metrosideros polymorpha var. pumila (A.Heller) J.W.Dawson & Stemmerm.","K. R. Wood, J. Horn & M. Query","14674",2011,"2011-05-13","Hawaii","Waimea District, Alakai, first bog ca. 1k west of Kilohana.",NA,22.15,-159.59,NA,1219,NA,NA,NA,NA,NA,NA,NA,NA,NA,NA,NA,"US","US"
"1321634041","Metrosideros rugosa A.Gray","J. Horn & J. Lau","5532",2011,"2011-05-23","Hawaii","Ko'olau Range, along Aiea Ridge trail.",NA,21.4208,-157.846,NA,805,NA,NA,NA,NA,NA,NA,NA,NA,NA,NA,NA,"US","US"
"1321720924","Metrosideros polymorpha Gaudich.","K. R. Wood, J. Horn & M. Query","14673",2011,"2011-05-13","Hawaii","Waimea District, Alakai, first bog ca. 1k west of Kilohana.",NA,22.15,-159.6,NA,1204,NA,NA,NA,NA,NA,NA,NA,NA,NA,NA,NA,"US","US"
"1321763231","Metrosideros polymorpha Gaudich.","K. R. Wood, J. Horn & M. Query","14672",2011,"2011-05-13","Hawaii","Waimea District, Alakai, Lehua Maka Noi bog region.",NA,22.14,-159.61,NA,1204,NA,NA,NA,NA,NA,NA,NA,NA,NA,NA,NA,"US","US"
"1321848530","Metrosideros polymorpha var. incana (H.Lév.) Skottsb.","J. Horn & J. Lau","5523",2011,"2011-05-21","Hawaii","Wai'anae Range. Ka'ala.",NA,21.5028,-158.161,NA,768,NA,NA,NA,NA,NA,NA,NA,NA,NA,NA,NA,"US","US"
"1322135862","Metrosideros polymorpha Gaudich.","J. Horn","5516",2011,"2011-05-19","Hawaii","West Maui, along a 4WD track running NNW to the summit of Hana'ula. Track is on a ridge between the Ukumehame and Waikapu Valleys. Locality on this track is 2.8 miles NW of jct. with Honoapiilani Hwy (Hwy 30).",NA,20.8411,-156.555,NA,1232,NA,"Sclerophyllous shrubland to 2.0 m in height, SE facing exposure",NA,NA,NA,NA,NA,"Wagner, W. L., (BOT), Smithsonian Institution - National Museum of Natural History (UNITED STATES)",NA,NA,NA,"US","US"
"1322139896","Metrosideros polymorpha Gaudich.","J. Horn","5515",2011,"2011-05-19","Hawaii","West Maui, along a 4WD track running NNW to the summit of Hana'ula. Track is on a ridge between the Ukumehame and Waikapu Valleys. Locality on this track is 2.8 miles NW of jct. with Honoapiilani Hwy (Hwy 30).",NA,20.8412,-156.555,NA,1198,NA,"Sclerophyllous shrubland to 2.0 m in height, SE facing exposure",NA,NA,NA,NA,NA,NA,NA,NA,NA,"US","US"
"1322322643","Metrosideros polymorpha Gaudich.","J. Horn & J. Lau","5529",2011,"2011-05-21","Hawaii","Wai'anae Range. Ka'ala.",NA,21.5022,-158.152,NA,996,NA,NA,NA,NA,NA,NA,NA,"Wagner, W. L., (BOT), Smithsonian Institution - National Museum of Natural History (UNITED STATES)",NA,NA,NA,"US","US"
"1322466100","Metrosideros polymorpha var. incana (H.Lév.) Skottsb.","J. Horn & J. Lau","5564",2011,"2011-05-30","Hawaii","Ko'olau Range, along Lanipo Trail.",NA,21.3147,-157.772,NA,482,NA,"Remnant woodland",NA,NA,NA,NA,NA,NA,NA,NA,NA,"US","US"
"1322635265","Metrosideros waialealae var. waialealae","K. R. Wood, J. Horn & M. Query","14677",2011,"2011-05-13","Hawaii","Waimea District, Alakai, first bog ca. 1k west of Kilohana.",NA,22.15,-159.59,NA,1250,NA,NA,NA,NA,NA,NA,NA,NA,NA,NA,NA,"US","US"
"1322835829","Metrosideros polymorpha var. incana (H.Lév.) Skottsb.","J. Horn","5513",2011,"2011-05-19","Hawaii","West Maui, along a 4WD track running NNW to the summit of Hana'ula. Track is on a ridge between the Ukumehame and Waikapu Valleys. Locality on this track is 2.8 miles NW of jct. with Honoapiilani Hwy (Hwy 30).",NA,20.8281,-156.557,NA,1030,NA,"Sclerophyllous shrubland to 2.0 m in height, SE facing exposure",NA,NA,NA,NA,NA,NA,NA,NA,NA,"US","US"
"1322842418","Metrosideros polymorpha Gaudich.","J. Horn","5509",2011,"2011-05-19","Hawaii","West Maui, along a 4WD track running NNW to the summit of Hana'ula. Track is on a ridge between the Ukumehame and Waikapu Valleys. Locality on this track is 2.8 miles NW of jct. with Honoapiilani Hwy (Hwy 30).",NA,20.8281,-156.557,NA,1030,NA,"Sclerophyllous shrubland to 2.0 m in height, SE facing exposure",NA,NA,NA,NA,NA,NA,NA,NA,NA,"US","US"
"1928736254","Metrosideros polymorpha Gaudich.","K. R. Wood","14673",2011,"2011-05-13","Hawaii","Waimea. Alakai, first bog ca. Ik west of Kilohana. Metrosideros mixed wet forest and adjacent bogs.",NA,22.15,-159.6006,NA,1204,"3950 ft",NA,NA,NA,NA,NA,NA,NA,NA,NA,"sheet","NY","NY"
"1930199570","Metrosideros polymorpha Gaudich.","K. R. Wood","14665",2011,"2011-05-13","Hawaii","Waimea District, Kokee, Kahuamaa flats",NA,22.14,-159.64,NA,1219,"3999 ft",NA,NA,NA,NA,NA,NA,NA,NA,NA,"sheet","NY","NY"
"1930888651","Metrosideros polymorpha Gaudich.","K. R. Wood","14668",2011,"2011-05-13","Hawaii","Waimea. Kokee, Puu O Kila region, trail to Pihea. Metrosideros mixed wet forest.",NA,22.14,-159.619994,NA,1219,"3999 ft",NA,NA,NA,NA,NA,NA,NA,NA,NA,"sheet","NY","NY"
"1986996258","Metrosideros excelsa Sol. ex Gaertn.","Michael B. Piep","11.001",2011,"2011-05-26","California","San Francisco; across from Hotel Kabuki on Laguna Street between Post Street and Geary Blvd.",NA,37.785558,-122.428061,25,54,"177 ft.","Street side in opening of sidewalk","Tree to about 25 ft. tall; flowers clustered, with bright burgundy-red stamen filaments; leaves thick, leathery",NA,NA,"flower",NA,"Michael B. Piep","2013-05-26T00:00:00",NA,NA,"USU","UTC"
"5956202246","Metrosideros polymorpha var. dieteri J.W.Dawson & Stemmerm.","Wood, K.R.; Horn, J.; Query, M.","14667",2011,"2011-05-13","Hawaii","Kokee, Puu O Kila region, trail to Pihea",NA,NA,NA,NA,1219,"1219 m","Metrosideros mixed wet forest. W/Cheirodendron, Dodonaea viscosa, Perrottetia sandwicensis, Dicranopteris linearis, Scaevola procerta, Leptecophylla tameiameiae, Sadleria pallida, S. cyatheoides, S. souleyetiana","Lat/Long: 22.139999, -159.619995| DNA; tree, 4 m tall, bark brown-gray, rough fissured",NA,NA,NA,NA,NA,NA,"NotAType",NA,"BISH",NA
"5956599357","Metrosideros polymorpha Gaudich.","Wood, K.R.; Query, M.; Horn, J.","14680",2011,"2011-05-13","Hawaii","Kokee, Puu O Kila region, trail to Pihea",NA,NA,NA,NA,1250,"1250 m","Metrosideros mixed wet forest. W/ Chirodendron, Dodonaea viscosa, Perrottetia sandwicensis, Dicranopteris linearis, Scaevola procera, Leptecophylla tameiameiae, Sadleria pallida, S. cyatheoides, S. souleytiana","Lat/Long: 22.139999, -159.619995| DNA; tree, 7 m tall, common",NA,NA,NA,NA,NA,NA,"NotAType",NA,"BISH",NA
"5956670833","Metrosideros polymorpha Gaudich.","Wood, K.R.; Horn, J.; Query, M.","14665",2011,"2011-05-13","Hawaii","Waimea District",NA,NA,NA,NA,1219,"1219 m","Kokee, Kahuamaa flats, Metrosideros mixed wet forest. W/ Cheirodendron, Dodonaea viscosa, Perrotttetia sandwicensis, Kadua foggiana","Lat/Long: 22.139999, -159.639999; Tree, 7 m tall, perhaps hybrid with M. p. dieteri",NA,NA,NA,NA,NA,NA,"NotAType",NA,"BISH",NA
"5956670834","Metrosideros polymorpha Gaudich.","Wood, K.R.; Query, M.; Horn, J.","14668",2011,"2011-05-13","Hawaii","Kokee, Puu O Kila region, trail to Pihea",NA,NA,NA,NA,1219,"1219 m","Metrosideros mixed wet forest. W/ Chirodendron, Dodonaea viscosa, Perrottetia sandwicensis, Dicranopteris linearis, Scaevola procera, Leptecophylla tameiameiae, Sadleria pallida, S. cyatheoides, S. souleytiana","Lat/Long: 22.139999, -159.619995| DNA; tree, 4 m tall, bark dark brown rough textured, common with M.p. dieteri",NA,NA,NA,NA,NA,NA,"NotAType",NA,"BISH",NA
"5956682765","Metrosideros polymorpha Gaudich.","Wood, K.R.; Horn, J.; Query, M.","14673",2011,"2011-05-13","Hawaii","Alakai, first bog ca. 1k west of Kilohana",NA,NA,NA,NA,1204,"1204 m","Metrosideros mixed wet forest and adjacent bogs. W/ Cheirodendron, Dodonaea viscosa, Perrottetia sandwicensis, Dicranopteris linearis, Scaevola procera, Leptecophylla tameiameiae, Sadleria pallida, S. cyatheoides, S. souleyetiana","Lat/Long: 22.150000, -159.600006| DNA; tree, small bog form, common",NA,NA,NA,NA,NA,NA,"NotAType",NA,"BISH",NA
"2464644618","Metrosideros tremuloides (A.Heller) Knuth","J. Johansen; E. Stacy",NA,2011,"2011","Hawaii",NA,NA,NA,NA,NA,NA,NA,NA,"glabrous",NA,NA,"bud",NA,"J. Johansen, E. Stacy",NA,NA,NA,"KSP",NA
"2464644953","Metrosideros rugosa A.Gray","J. Johansen; E. Stacy",NA,2011,"2011","Hawaii",NA,NA,NA,NA,NA,NA,NA,NA,"pubescent",NA,NA,NA,NA,"J. Johansen, E. Stacy",NA,NA,NA,"KSP",NA
"2464645628","Metrosideros macropus Hook. & Arn.","J. Johansen; E. Stacy",NA,2011,"2011","Hawaii",NA,NA,NA,NA,NA,NA,NA,NA,"glabrous",NA,NA,"fl, fr",NA,"J. Johansen, E. Stacy",NA,NA,NA,"KSP",NA
"2464645885","Metrosideros macropus Hook. & Arn.","J. Johansen; E. Stacy",NA,2011,"2011","Hawaii",NA,NA,NA,NA,NA,NA,NA,NA,"glabrous",NA,NA,NA,NA,"J. Johansen, E. Stacy",NA,NA,"Y","KSP",NA
"2464646259","Metrosideros tremuloides (A.Heller) Knuth","J. Johansen; E. Stacy",NA,2011,"2011","Hawaii",NA,NA,NA,NA,NA,NA,NA,NA,"glabrous",NA,NA,NA,NA,"J. Johansen, E. Stacy",NA,NA,"Y","KSP",NA
"2464646661","Metrosideros rugosa A.Gray","J. Johansen; E. Stacy",NA,2011,"2011","Hawaii",NA,NA,NA,NA,NA,NA,NA,NA,"pubescent",NA,NA,NA,NA,"J. Johansen, E. Stacy",NA,NA,"Y","KSP",NA
"2270236619","Metrosideros excelsa Sol. ex Gaertn.","M. Ritter","5013",2010,"2010-01-16","California","Street Tree in San Luis Obispo",NA,NA,NA,NA,NA,NA,NA,NA,NA,NA,NA,NA,NA,NA,NA,"pressed herbarium specimen","OBI",NA
"1090186890","Metrosideros polymorpha Gaudich.","Wood, K.R. Oppenheimer, H.; Bily, P.","Collector Number: 14258",2010,"2010-06-10","Hawaii","Western Piinaau headwaters.",NA,NA,NA,NA,NA,"1890 m","Subalpine shrubland associated with Metrosideros montane mesic forest and montane wet forest.  Dominated by Lecopodium venustulum and Oreobolus furcatus, with Leptecophylla tameiameiae, Vaccinum reticulatum, Sadleria cyatheoides, Coprosma montana, C. ernodioides, Pteridium decompositum, Rubus.","tree, 5m tall, trunk gray with bark-peel, common",NA,NA,NA,NA,"Not on sheet",NA,NA,NA,"BPBM","BISH"
"1090229377","Metrosideros Banks ex Gaertn.","Mahoney, E.","Collector Number: USARMY 189",2010,"2010-06-17","Hawaii","Aoakua Street, Mililani","Aoakua Street, Mililani",NA,NA,NA,NA,"1000 ft","In a garden.","Tree about 6 feet tall.  Red, 'ohia-type flowers.",NA,NA,NA,NA,"BISH staff","2010-06-30T00:00:00",NA,NA,"BPBM","BISH"
"5956154158","Metrosideros Banks ex Gaertn.","Mahoney, E.","USARMY 189",2010,"2010-06-17","Hawaii","Aoakua Street, Mililani",NA,NA,NA,NA,305,"1000 ft","In a garden.","A volunteer in yard- grew 6 feet in two years- too quickly to be M. polymorpha? Also, flowers from lateral buds. Possible hybrid between M. polymorpha and nearby plantings of M. kermadecensis?; Tree about 6 feet tall. Red, 'ohia-type flowers.",NA,NA,NA,NA,"BISH staff",NA,"NotAType",NA,"BISH",NA
"5956446875","Metrosideros polymorpha Gaudich.","Wood, K.R.; Oppenheimer, H.L.; Bily, P.","14258",2010,"2010-06-10","Hawaii","Western Piinaau headwaters.",NA,NA,NA,NA,1890,"1890 m","Subalpine shrubland associated with Metrosideros montane mesic forest and montane wet forest. Dominated by Lecopodium venustulum and Oreobolus furcatus, with Leptecophylla tameiameiae, Vaccinum reticulatum, Sadleria cyatheoides, Coprosma montana, C. ernodioides, Pteridium decompositum, Rubus.","tree, 5m tall, trunk gray with bark-peel, common",NA,NA,NA,NA,NA,NA,"NotAType",NA,"BISH",NA
"1090307176","Metrosideros polymorpha Gaudich.","Wood, K.R. Tangalin, N.; Kishida, W.","Collector Number: 14272",2010,"2010-07-08","Hawaii","Makaleha Mts, Kekoiki Summit and Namahana area, north facing.",NA,NA,NA,NA,NA,"762 m","Saturated Selaginella arbuscula basalt cliff with windswept shrubland and lowland wet forest associates.  W/Dicranopteris, Pneumatopteris, Machaerina angustifolia, Metrosideros spp, Chirodendron spp, Kadua affinis, Broussaisia arguta, Freycinetia, Dubautia knudsenii & D. laxa, Perrottetia sandwicensis","tree, 5m tall, trunk gray-brown with moderate peeling of bark, stamens red, common",NA,NA,NA,NA,"Not on sheet",NA,NA,NA,"BPBM","BISH"
"1090372219","Metrosideros polymorpha Gaudich.","Oppenheimer, H.L.","Collector Number: H71018",2010,"2010-07-13","Hawaii","E Maui, Hana District, Hanawi NAR, between E & W forks of Hanawi Stream","USA, Hawaiian Islands, Maui, E Maui, Hana District, Hanawi NAR, between E & W forks of Hanawi Stream.",20.7872,-156.127,NA,NA,"2560 ft","With Metrosideros polymorpha var glaberrima. Veg: Metrosideros, Cheirodendron, Dicranopteris, Acacia, Tetraplasandra, Pritchardia, Scaevola, Perrottetia, Broussaisia, Coprosma, Kadua, Diplopterygium, Cibotium, Sadleria, Vaccinium, Smilax, Astelia, Alyxia, Paspalum, Tibouchina, Rubus, Clidemia.","Locally common small to large trees, with M. p. var. glaberrima.",NA,NA,NA,NA,"Snow, N.","2011-01-01T00:00:00",NA,NA,"BPBM","BISH"
"1320979717","Metrosideros polymorpha Gaudich.","K. R. Wood, N. Tangalin & W. Kishida","14272",2010,"2010-07-08","Hawaii","Makaleha Mts., Kekoiki Summit and Namahana area.",NA,NA,NA,NA,762,NA,NA,NA,NA,NA,NA,NA,NA,NA,NA,NA,"US","US"
"5956215590","Metrosideros polymorpha Gaudich.","Oppenheimer, H.L.","H71018",2010,"2010-07-13","Hawaii","E Maui, Hana District, Hanawi NAR, between E & W forks of Hanawi Stream",NA,NA,NA,NA,780,"2560 ft","With Metrosideros polymorpha var glaberrima. Veg: Metrosideros, Cheirodendron, Dicranopteris, Acacia, Tetraplasandra, Pritchardia, Scaevola, Perrottetia, Broussaisia, Coprosma, Kadua, Diplopterygium, Cibotium, Sadleria, Vaccinium, Smilax, Astelia, Alyxia, Paspalum, Tibouchina, Rubus, Clidemia.","Herbarium Pacificum, B.P. Bishop Museum| Support from NSF Grant BRC-1057453; Locally common small to large trees, with M. p. var. glaberrima.",NA,NA,NA,NA,"Snow, N.","2011-01-01T00:00:00","NotAType",NA,"BISH",NA
"5956384490","Metrosideros polymorpha Gaudich.","Wood, K.R.; Tangalin, N.; Kishida, W.","14272",2010,"2010-07-08","Hawaii","Makaleha Mts, Kekoiki Summit and Namahana area, north facing.",NA,NA,NA,NA,762,"762 m","Saturated Selaginella arbuscula basalt cliff with windswept shrubland and lowland wet forest associates. W/Dicranopteris, Pneumatopteris, Machaerina angustifolia, Metrosideros spp, Chirodendron spp, Kadua affinis, Broussaisia arguta, Freycinetia, Dubautia knudsenii & D. laxa, Perrottetia sandwicensis","tree, 5m tall, trunk gray-brown with moderate peeling of bark, stamens red, common",NA,NA,NA,NA,NA,NA,"NotAType",NA,"BISH",NA
"4075462570","Metrosideros excelsa Sol. ex Gaertn.","Sara M. Helm","784",2010,"2010-10-15","Pennsylvania","Kennett Square, Longwood Gardens",NA,NA,NA,NA,NA,NA,"Garden Path",NA,NA,NA,NA,NA,NA,NA,NA,NA,"DOV",NA
"4075462572","Metrosideros villosa (L.fil.) Sm.","Sara M. Helm","810",2010,"2010-10-29","Pennsylvania","Kennett Square, Longwood Gardens",NA,NA,NA,NA,NA,NA,"Mediterranean Garden",NA,NA,NA,NA,NA,NA,NA,NA,NA,"DOV",NA
"2464644829","Metrosideros polymorpha var. incana (H.Lév.) Skottsb.","J. Johansen; E. Stacy","O027",2010,"2010-11-06","Hawaii","Hau`ula",NA,21.595162,-157.918192,NA,NA,"289.00","Koolau","pubescent",NA,NA,NA,NA,"J. Johansen, E. Stacy",NA,NA,"Y","KSP",NA
"2464645074","Metrosideros polymorpha Gaudich.","J. Johansen; E. Stacy","O070",2010,"2010-11-07","Hawaii","Aiea Ridge Trail",NA,21.408836,-157.874274,NA,NA,"527.00","Koolau","""Race C""; pubescent",NA,NA,NA,NA,"J. Johansen, E. Stacy",NA,NA,"Y","KSP",NA
"2464645272","Metrosideros polymorpha var. glaberrima (H.Lév.) H.St.John","J. Johansen; E. Stacy","O028",2010,"2010-11-06","Hawaii","Hau`ula",NA,21.591606,-157.920088,NA,NA,"399.00","Koolau","glabrous",NA,NA,NA,NA,"J. Johansen, E. Stacy",NA,NA,"Y","KSP",NA
"2464645299","Metrosideros polymorpha var. glaberrima (H.Lév.) H.St.John","J. Johansen; E. Stacy","O024",2010,"2010-11-06","Hawaii","Hau`ula",NA,21.602024,-157.916054,10,NA,"214.00","Koolau","glabrous",NA,NA,"fr",NA,"J. Johansen, E. Stacy",NA,NA,NA,"KSP",NA
"2464645461","Metrosideros polymorpha Gaudich.","J. Johansen; E. Stacy","O016",2010,"2010-11-05","Hawaii","Lanihuli Trail",NA,21.355042,-157.830758,10,NA,"536.00","Koolau","pubescent",NA,NA,NA,NA,"J. Johansen, E. Stacy",NA,NA,NA,"KSP",NA
"2464645485","Metrosideros polymorpha var. incana (H.Lév.) Skottsb.","J. Johansen; E. Stacy","O023",2010,"2010-11-06","Hawaii","Hau`ula",NA,21.601899,-157.91619,10,NA,"205.00","Koolau","pubescent",NA,NA,"fr",NA,"J. Johansen, E. Stacy",NA,NA,NA,"KSP",NA
"2464645503","Metrosideros polymorpha var. glaberrima (H.Lév.) H.St.John","J. Johansen; E. Stacy","O030",2010,"2010-11-06","Hawaii","Hau`ula",NA,21.588813,-157.921113,NA,NA,"463.00","Koolau","glabrous",NA,NA,NA,NA,"J. Johansen, E. Stacy",NA,NA,"Y","KSP",NA
"2464645716","Metrosideros polymorpha var. incana (H.Lév.) Skottsb.","J. Johansen; E. Stacy","O029",2010,"2010-11-06","Hawaii","Hau`ula",NA,21.591327,-157.920172,NA,NA,"401.00","Koolau","pubescent",NA,NA,NA,NA,"J. Johansen, E. Stacy",NA,NA,"Y","KSP",NA
"2464645752","Metrosideros polymorpha var. incana (H.Lév.) Skottsb.","J. Johansen; E. Stacy","O025",2010,"2010-11-06","Hawaii","Hau`ula",NA,21.60195,-157.916252,10,NA,"200.00","Koolau","pubescent",NA,NA,"sterile [KSP dup]",NA,"J. Johansen, E. Stacy",NA,NA,NA,"KSP",NA
"2464645804","Metrosideros polymorpha var. incana (H.Lév.) Skottsb.","J. Johansen; E. Stacy","O025",2010,"2010-11-06","Hawaii","Hau`ula",NA,21.60195,-157.916252,NA,NA,"200.00","Koolau","pubescent",NA,NA,NA,NA,"J. Johansen, E. Stacy",NA,NA,"Y","KSP",NA
"2464645907","Metrosideros polymorpha var. incana (H.Lév.) Skottsb.","J. Johansen; E. Stacy","O023",2010,"2010-11-06","Hawaii","Hau`ula",NA,21.601899,-157.91619,NA,NA,"205.00","Koolau","pubescent",NA,NA,NA,NA,"J. Johansen, E. Stacy",NA,NA,"Y","KSP",NA
"2464645965","Metrosideros polymorpha Gaudich.","J. Johansen; E. Stacy","O017",2010,"2010-11-05","Hawaii","Lanihuli Trail",NA,21.369471,-157.809429,NA,NA,"854.00","Koolau","""Race B"";' glabrous",NA,NA,NA,NA,"J. Johansen, E. Stacy",NA,NA,"Y","KSP",NA
"2464646036","Metrosideros polymorpha Gaudich.","J. Johansen; E. Stacy","O017",2010,"2010-11-05","Hawaii","Lanihuli Trail",NA,21.369471,-157.809429,10,NA,"854.00","Koolau","glabrous",NA,NA,NA,NA,"J. Johansen, E. Stacy",NA,NA,NA,"KSP",NA
"2464646048","Metrosideros polymorpha Gaudich.","J. Johansen; E. Stacy","O046",2010,"2010-11-07","Hawaii","Aiea Ridge Trail",NA,21.414945,-157.863435,NA,NA,"601.00","Koolau","""Race L""; glabrous",NA,NA,NA,NA,"J. Johansen, E. Stacy",NA,NA,"Y","KSP",NA
"2464646066","Metrosideros polymorpha var. incana (H.Lév.) Skottsb.","J. Johansen; E. Stacy","O072",2010,"2010-11-07","Hawaii","Aiea Ridge Trail",NA,21.408818,-157.874465,NA,NA,"530.00","Koolau","pubescent",NA,NA,NA,NA,"J. Johansen, E. Stacy",NA,NA,"Y","KSP",NA
"2464646093","Metrosideros polymorpha var. incana (H.Lév.) Skottsb.","J. Johansen; E. Stacy","O029",2010,"2010-11-06","Hawaii","Hau`ula",NA,21.591327,-157.920172,10,NA,"401.00","Koolau","pubescent",NA,NA,"sterile [KSP dup]",NA,"J. Johansen, E. Stacy",NA,NA,NA,"KSP",NA
"2464646126","Metrosideros polymorpha var. incana (H.Lév.) Skottsb.","J. Johansen; E. Stacy","O027",2010,"2010-11-06","Hawaii","Hau`ula",NA,21.595162,-157.918192,10,NA,"289.00","Koolau","pubescent",NA,NA,"sterile [KSP dup]",NA,"J. Johansen, E. Stacy",NA,NA,NA,"KSP",NA
"2464646172","Metrosideros polymorpha var. glaberrima (H.Lév.) H.St.John","J. Johansen; E. Stacy","O028",2010,"2010-11-06","Hawaii","Hau`ula",NA,21.591606,-157.920088,10,NA,"399.00","Koolau","glabrous",NA,NA,"sterile [KSP dup]",NA,"J. Johansen, E. Stacy",NA,NA,NA,"KSP",NA
"2464646409","Metrosideros polymorpha Gaudich.","J. Johansen; E. Stacy","O070",2010,"2010-11-07","Hawaii","Aiea Ridge Trail",NA,21.408836,-157.874274,10,NA,"527.00","Koolau","pubescent",NA,NA,NA,NA,"J. Johansen, E. Stacy",NA,NA,NA,"KSP",NA
"2464646510","Metrosideros polymorpha var. glaberrima (H.Lév.) H.St.John","J. Johansen; E. Stacy","O030",2010,"2010-11-06","Hawaii","Hau`ula",NA,21.588813,-157.921113,10,NA,"463.00","Koolau","glabrous",NA,NA,"fr",NA,"J. Johansen, E. Stacy",NA,NA,NA,"KSP",NA
"2464646573","Metrosideros polymorpha var. incana (H.Lév.) Skottsb.","J. Johansen; E. Stacy","O075",2010,"2010-11-07","Hawaii","Aiea Ridge Trail",NA,21.408384,-157.875813,10,NA,"527.00","Koolau","pubescent",NA,NA,"sterile [KSP dup]",NA,"J. Johansen, E. Stacy",NA,NA,NA,"KSP",NA
"2464646990","Metrosideros polymorpha var. incana (H.Lév.) Skottsb.","J. Johansen; E. Stacy","O072",2010,"2010-11-07","Hawaii","Aiea Ridge Trail",NA,21.408818,-157.874465,10,NA,"530.00","Koolau","pubescent",NA,NA,"sterile [KSP dup]",NA,"J. Johansen, E. Stacy",NA,NA,NA,"KSP",NA
"2464647128","Metrosideros polymorpha var. incana (H.Lév.) Skottsb.","J. Johansen; E. Stacy","O075",2010,"2010-11-07","Hawaii","Aiea Ridge Trail",NA,21.408384,-157.875813,NA,NA,"527.00","Koolau","pubescent",NA,NA,NA,NA,"J. Johansen, E. Stacy",NA,NA,"Y","KSP",NA
"2464647172","Metrosideros polymorpha var. glaberrima (H.Lév.) H.St.John","J. Johansen; E. Stacy","O024",2010,"2010-11-06","Hawaii","Hau`ula",NA,21.602024,-157.916054,NA,NA,"214.00","Koolau","glabrous",NA,NA,NA,NA,"J. Johansen, E. Stacy",NA,NA,"Y","KSP",NA
"2464647602","Metrosideros polymorpha Gaudich.","J. Johansen; E. Stacy","O046",2010,"2010-11-07","Hawaii","Aiea Ridge Trail",NA,21.414945,-157.863435,10,NA,"601.00","Koolau","glabrous",NA,NA,"fr",NA,"J. Johansen, E. Stacy",NA,NA,NA,"KSP",NA
"2464647698","Metrosideros polymorpha Gaudich.","J. Johansen; E. Stacy","O016",2010,"2010-11-05","Hawaii","Lanihuli Trail",NA,21.355042,-157.830758,NA,NA,"536.00","Koolau","""Race C""; pubescent",NA,NA,NA,NA,"J. Johansen, E. Stacy",NA,NA,"Y","KSP",NA
"5956423882","Metrosideros waialealae var. waialealae","Wood, K.R.; Wysong, M.","14370",2010,"2010-11-17","Hawaii","Hono O Na Pali NAR, Pohakea region above Kanakapiai",NA,NA,NA,NA,869,"869 m","Metrosideros-Dicranopteris-montane mesic to wet forest. W/ Broussaisia arguta, Kadua affinis, Melicope spp, Psychotria mariniana, Coprosma waimeae, rich fern understory with Asplenium insiticeum, A. polydon, Athyrium microphyllum, Diplazium sandwichianum","tree, 5 m tall, petioles red, vegetative, uncommon",NA,NA,NA,NA,"Kennedy, B.; Walvoord, N.",NA,"NotAType",NA,"BISH",NA
"2464645356","Metrosideros polymorpha var. glaberrima (H.Lév.) H.St.John","J. Johansen; E. Stacy","O095",2010,"2010-12-04","Hawaii","Aiea Ridge Trail",NA,21.413462,-157.866157,10,NA,"531.00","Koolau","glabrous",NA,NA,"sterile [KSP dup]",NA,"J. Johansen, E. Stacy",NA,NA,NA,"KSP",NA
"2464645425","Metrosideros polymorpha var. glaberrima (H.Lév.) H.St.John","J. Johansen; E. Stacy","O095",2010,"2010-12-04","Hawaii","Aiea Ridge Trail",NA,21.413462,-157.866157,NA,NA,"531.00","Koolau","glabrous",NA,NA,NA,NA,"J. Johansen, E. Stacy",NA,NA,"Y","KSP",NA
"2464645059","Metrosideros rugosa A.Gray","J. Johansen; E. Stacy",NA,2010,"2010","Hawaii",NA,NA,NA,NA,NA,NA,NA,NA,"pubescent",NA,NA,"sterile",NA,"J. Johansen, E. Stacy",NA,NA,NA,"KSP",NA
"2464645184","Metrosideros macropus Hook. & Arn.","J. Johansen; E. Stacy",NA,2010,"2010","Hawaii",NA,NA,NA,NA,NA,NA,NA,NA,"glabrous",NA,NA,"fr",NA,"J. Johansen, E. Stacy",NA,NA,NA,"KSP",NA
"2464645237","Metrosideros macropus Hook. & Arn.","J. Johansen; E. Stacy",NA,2010,"2010","Hawaii",NA,NA,NA,NA,NA,NA,NA,NA,"glabrous",NA,NA,NA,NA,"J. Johansen, E. Stacy",NA,NA,NA,"KSP",NA
"2464645564","Metrosideros rugosa A.Gray","J. Johansen; E. Stacy",NA,2010,"2010","Hawaii",NA,NA,NA,NA,NA,NA,NA,NA,"pubescent",NA,NA,"bud",NA,"J. Johansen, E. Stacy",NA,NA,NA,"KSP",NA
"2464645643","Metrosideros rugosa A.Gray","J. Johansen; E. Stacy",NA,2010,"2010","Hawaii",NA,NA,NA,NA,NA,NA,NA,NA,"pubescent",NA,NA,"bud",NA,"J. Johansen, E. Stacy",NA,NA,NA,"KSP",NA
"2464645682","Metrosideros tremuloides (A.Heller) Knuth","J. Johansen; E. Stacy",NA,2010,"2010","Hawaii",NA,NA,NA,NA,NA,NA,NA,NA,"glabrous",NA,NA,"fl",NA,"J. Johansen, E. Stacy",NA,NA,NA,"KSP",NA
"2464645725","Metrosideros rugosa A.Gray","J. Johansen; E. Stacy",NA,2010,"2010","Hawaii",NA,NA,NA,NA,NA,NA,NA,NA,"pubescent",NA,NA,NA,NA,"J. Johansen, E. Stacy",NA,NA,"Y","KSP",NA
"2464645833","Metrosideros rugosa A.Gray","J. Johansen; E. Stacy",NA,2010,"2010","Hawaii",NA,NA,NA,NA,NA,NA,NA,NA,"pubescent",NA,NA,NA,NA,"J. Johansen, E. Stacy",NA,NA,"Y","KSP",NA
"2464645840","Metrosideros rugosa A.Gray","J. Johansen; E. Stacy",NA,2010,"2010","Hawaii",NA,NA,NA,NA,NA,NA,NA,NA,"pubescent",NA,NA,NA,NA,"J. Johansen, E. Stacy",NA,NA,"Y","KSP",NA
"2464645867","Metrosideros macropus Hook. & Arn.","J. Johansen; E. Stacy",NA,2010,"2010","Hawaii",NA,NA,NA,NA,NA,NA,NA,NA,"glabrous",NA,NA,NA,NA,"J. Johansen, E. Stacy",NA,NA,"Y","KSP",NA
"2464645880","Metrosideros rugosa A.Gray","J. Johansen; E. Stacy",NA,2010,"2010","Hawaii",NA,NA,NA,NA,NA,NA,NA,NA,"pubescent",NA,NA,NA,NA,"J. Johansen, E. Stacy",NA,NA,"Y","KSP",NA
"2464645978","Metrosideros macropus Hook. & Arn.","J. Johansen; E. Stacy",NA,2010,"2010","Hawaii",NA,NA,NA,NA,NA,NA,NA,NA,"glabrous",NA,NA,NA,NA,"J. Johansen, E. Stacy",NA,NA,"Y","KSP",NA
"2464646217","Metrosideros macropus Hook. & Arn.","J. Johansen; E. Stacy",NA,2010,"2010","Hawaii",NA,NA,NA,NA,NA,NA,NA,NA,"glabrous",NA,NA,NA,NA,"J. Johansen, E. Stacy",NA,NA,"Y","KSP",NA
"2464646281","Metrosideros macropus Hook. & Arn.","J. Johansen; E. Stacy",NA,2010,"2010","Hawaii",NA,NA,NA,NA,NA,NA,NA,NA,"glabrous",NA,NA,"bud",NA,"J. Johansen, E. Stacy",NA,NA,NA,"KSP",NA
"2464646451","Metrosideros rugosa A.Gray","J. Johansen; E. Stacy",NA,2010,"2010","Hawaii",NA,NA,NA,NA,NA,NA,NA,NA,"pubescent",NA,NA,NA,NA,"J. Johansen, E. Stacy",NA,NA,NA,"KSP",NA
"2464646770","Metrosideros tremuloides (A.Heller) Knuth","J. Johansen; E. Stacy",NA,2010,"2010","Hawaii",NA,NA,NA,NA,NA,NA,NA,NA,"glabrous",NA,NA,NA,NA,"J. Johansen, E. Stacy",NA,NA,"Y","KSP",NA
"2464646798","Metrosideros tremuloides (A.Heller) Knuth","J. Johansen; E. Stacy",NA,2010,"2010","Hawaii",NA,NA,NA,NA,NA,NA,NA,NA,"glabrous",NA,NA,"fl, fr",NA,"J. Johansen, E. Stacy",NA,NA,NA,"KSP",NA
"2464647009","Metrosideros tremuloides (A.Heller) Knuth","J. Johansen; E. Stacy",NA,2010,"2010","Hawaii",NA,NA,NA,NA,NA,NA,NA,NA,"glabrous",NA,NA,NA,NA,"J. Johansen, E. Stacy",NA,NA,"Y","KSP",NA
"4042909970","Metrosideros excelsa Sol. ex Gaertn.","敖惠修",NA,2010,"2010",NA,"美国加州，三藩市植物园",NA,NA,NA,NA,NA,NA,NA,NA,NA,NA,NA,NA,NA,NA,NA,NA,"IBSC",NA
"3762872328","Metrosideros polymorpha Gaudich.",NA,NA,2009,"2009-01-09","Hawaii","Hilo",NA,19.69888,-155.09528,NA,131,NA,"Tropical Premontane Wet Forest, soil order: Inceptisol","IPIF-Doughty; Tree",NA,NA,NA,NA,NA,NA,NA,NA,"ASU","Plants"
"3762874330","Metrosideros polymorpha Gaudich.",NA,NA,2009,"2009-01-09","Hawaii","Hilo",NA,19.69888,-155.09528,NA,131,NA,"Tropical Premontane Wet Forest, soil order: Inceptisol","IPIF-Doughty; Tree",NA,NA,NA,NA,NA,NA,NA,NA,"ASU","Plants"
"3762888344","Metrosideros kermadecensis W.R.B.Oliv.",NA,NA,2009,"2009-04-06","Hawaii","Manoa Valley, Oahu",NA,21.33707,-157.80353,NA,188,NA,"Subtropical Wet Forest, soil order: Inceptisol","Lyon_Arboretum; Tree",NA,NA,NA,NA,NA,NA,NA,NA,"ASU","Plants"
"3762893345","Metrosideros collina (Forst.) A.Gray",NA,NA,2009,"2009-04-06","Hawaii","Manoa Valley, Oahu",NA,21.33707,-157.80353,NA,188,NA,"Subtropical Wet Forest, soil order: Inceptisol","Lyon_Arboretum; Tree",NA,NA,NA,NA,NA,NA,NA,NA,"ASU","Plants"
"3762890345","Metrosideros macropus Hook. & Arn.",NA,NA,2009,"2009","Hawaii",NA,NA,NA,NA,NA,NA,NA,NA,"Lyon_Arboretum; Tree",NA,NA,NA,NA,NA,NA,NA,NA,"ASU","Plants"
"1322231673","Metrosideros polymorpha Gaudich.","N. Tangalin & C. Trauernicht","1700",2008,"2008-03-11","Hawaii","Powerline Trail.",NA,NA,NA,NA,444,NA,NA,NA,NA,NA,NA,NA,NA,NA,NA,NA,"US","US"
"1090168759","Metrosideros polymorpha Gaudich.","Wood, K.R. Nepokroeff, M.; Sear, D.","Collector Number: 12945",2008,"2008-04-24","Hawaii","Mohihi Stream near trail head of Mohihi-Waialae","Kauai",NA,NA,NA,NA,"1052 m","side gulch after second stream crossing, *250 sq m plot.  12 m canopy height, 60% crown cover 40% Metrosideros-20% Cheirodendron, understory trees 70% cover with Hedyotis terminalis, Elaeocarpus bifidus, Dubautia laevigata, Melicope anisata, 7% shrubs of Che.","tree, 5 m tall, trunk gray with peeling bark, leaves dark green glabrous, chlorotic, inflorescence with pubescent gray cymules, stamens red, common",NA,NA,NA,NA,NA,NA,NA,NA,"BPBM","BISH"
"1090293388","Metrosideros polymorpha Gaudich.","Wood, K.R. Nepokroeff, M.; Sear, D.","Collector Number: 12942",2008,"2008-04-24","Hawaii","Mohihi Stream near trail head of Mohihi-Waialae","Kauai",NA,NA,NA,NA,"1052 m","side gulch after second stream crossing, *250 sq m plot.  12 m canopy height, 60% crown cover 40% Metrosideros-20% Cheirodendron, understory trees 70% cover with Hedyotis terminalis, Elaeocarpus bifidus, Dubautia laevigata, Melicope anisata, 7% shrubs of Che.","ttree, 11 m tall, trunk 30 sm dia, gray-brown with peeling bark, leaves dark green, glaborus, young leaves with fringe of hairs on margins, cymules pubescent gray-white, common",NA,NA,NA,NA,NA,NA,NA,NA,"BPBM","BISH"
"1090325993","Metrosideros polymorpha var. dieteri J.W.Dawson & Stemmerm.","Wood, K.R. Nepokroeff, M.; Sear, D.","Collector Number: 12944",2008,"2008-04-24","Hawaii","Mohihi Stream near trail head of Mohihi-Waialae","Kauai",NA,NA,NA,NA,"1052 m","side gulch after second stream crossing, *250 sq m plot","12 m canopy height, 60% crown cover 40% Metrosideros-20% Cheirodendron, understory trees 70% cover with Hedyotis terminalis, Elaeocarpus bifidus, Dubautia laevigata, Melicope anisata, 7% shrubs of Che.   Tree, 6 m tall, trunk brown with peeling bark, leaves dark green, young leaves pubescent with white hairs, cymules pubescent white, common",NA,NA,NA,NA,NA,NA,NA,NA,"BPBM","BISH"
"1260875542","Metrosideros polymorpha var. incana (H.Lév.) Skottsb.","Mary Merello|Emilie Bess|Kevin Johnson","3231",2008,"2008-04-05","Hawaii","Koke'e State Park. Alakai Swamp. Plants of bog area. Possible host plants of Ptycta spp. (Bark lice), in conjunction with Emilie Bess' Ph.D thesis research, University of Illinois.",NA,22.13083,-159.65833,NA,1139,NA,NA,NA,NA,NA,NA,NA,"M. Merello (MO)","2008-01-01T00:00:00",NA,NA,"MO","Tropicos"
"1260875558","Metrosideros polymorpha var. glaberrima (H.Lév.) H.St.John","Mary Merello|Emilie Bess|Kevin Johnson","3230",2008,"2008-04-05","Hawaii","Koke'e State Park. Alakai Swamp. Plants of bog area. Possible host plants of Ptycta spp. (Bark lice), in conjunction with Emilie Bess' Ph.D thesis research, University of Illinois.",NA,22.13083,-159.65833,NA,1139,NA,NA,NA,NA,NA,NA,NA,"M. Merello (MO)","2008-01-01T00:00:00",NA,NA,"MO","Tropicos"
"1319404491","Metrosideros polymorpha Gaudich.","K. R. Wood, M. Nepokroeff & D. Sear","12945",2008,"2008-04-24","Hawaii","Mohihi Stream near trail head of Mohihi-Waialae, side gulch after second stream crossing, 250 sq m plot.",NA,NA,NA,NA,1052,NA,NA,NA,NA,NA,NA,NA,NA,NA,NA,NA,"US","US"
"1319908060","Metrosideros polymorpha Gaudich.","K. R. Wood et al.","12954",2008,"2008-04-28","Hawaii","Kipu Kai, northern slopes of Naluakeina.",NA,NA,NA,NA,366,NA,"On wind swept north facing slopes",NA,NA,NA,NA,NA,NA,NA,NA,NA,"US","US"
"1320991856","Metrosideros polymorpha Gaudich.","K. R. Wood, M. Nepokroeff & D. Sear","12942",2008,"2008-04-24","Hawaii","Mohihi Stream near trail head of Mohihi-Waialae, side gulch after second stream crossing, 250 sq m plot.",NA,NA,NA,NA,1052,NA,NA,NA,NA,NA,NA,NA,NA,NA,NA,NA,"US","US"
"1321477602","Metrosideros polymorpha Gaudich.","K. R. Wood, M. Nepokroeff & D. Sear","12944",2008,"2008-04-24","Hawaii","Mohihi Stream near trail head of Mohihi-Waialae, side gulch after second stream crossing, 250 sq m plot.",NA,NA,NA,NA,1052,NA,NA,NA,NA,NA,NA,NA,NA,NA,NA,NA,"US","US"
"1322411161","Metrosideros polymorpha Gaudich.","K. R. Wood, M. Nepokroeff & D. Sear","12943",2008,"2008-04-24","Hawaii","Mohihi Stream near trail head of Mohihi-Waialae, side gulch after second stream crossing, 250 sq m plot.",NA,NA,NA,NA,1052,NA,NA,NA,NA,NA,NA,NA,NA,NA,NA,NA,"US","US"
"1929289634","Metrosideros polymorpha var. dieteri J.W.Dawson & Stemmerm.","K. R. Wood","12944",2008,"2008-04-24","Hawaii","Mohihi Stream near trail head of Mohihi-Waialae, side gulch after second stream crossing, *250 sq m plot.",NA,NA,NA,NA,1052,"3451 ft",NA,NA,NA,NA,NA,NA,NA,NA,NA,"sheet","NY","NY"
"5956245257","Metrosideros polymorpha Gaudich.","Wood, K.R.; Nepokroeff, M.; Sear, D.","12942",2008,"2008-04-24","Hawaii","Mohihi Stream near trail head of Mohihi-Waialae",NA,NA,NA,NA,1052,"1052 m","side gulch after second stream crossing, *250 sq m plot. 12 m canopy height, 60% crown cover 40% Metrosideros-20% Cheirodendron, understory trees 70% cover with Hedyotis terminalis, Elaeocarpus bifidus, Dubautia laevigata, Melicope anisata, 7% shrubs of Che.","DNA; ttree, 11 m tall, trunk 30 sm dia, gray-brown with peeling bark, leaves dark green, glaborus, young leaves with fringe of hairs on margins, cymules pubescent gray-white, common",NA,NA,NA,NA,NA,NA,"NotAType",NA,"BISH",NA
"5956251745","Metrosideros polymorpha var. dieteri J.W.Dawson & Stemmerm.","Wood, K.R.; Nepokroeff, M.; Sear, D.","12944",2008,"2008-04-24","Hawaii","Mohihi Stream near trail head of Mohihi-Waialae",NA,NA,NA,NA,1052,"1052 m","side gulch after second stream crossing, *250 sq m plot","DNA; 12 m canopy height, 60% crown cover 40% Metrosideros-20% Cheirodendron, understory trees 70% cover with Hedyotis terminalis, Elaeocarpus bifidus, Dubautia laevigata, Melicope anisata, 7% shrubs of Che. Tree, 6 m tall, trunk brown with peeling bark, leaves dark green, young leaves pubescent with white hairs, cymules pubescent white, common",NA,NA,NA,NA,NA,NA,"NotAType",NA,"BISH",NA
"5956450104","Metrosideros polymorpha Gaudich.","Wood, K.R.; Nepokroeff, M.; Sear, D.","12945",2008,"2008-04-24","Hawaii","Mohihi Stream near trail head of Mohihi-Waialae",NA,NA,NA,NA,1052,"1052 m","side gulch after second stream crossing, *250 sq m plot. 12 m canopy height, 60% crown cover 40% Metrosideros-20% Cheirodendron, understory trees 70% cover with Hedyotis terminalis, Elaeocarpus bifidus, Dubautia laevigata, Melicope anisata, 7% shrubs of Che.","DNA; tree, 5 m tall, trunk gray with peeling bark, leaves dark green glabrous, chlorotic, inflorescence with pubescent gray cymules, stamens red, common",NA,NA,NA,NA,NA,NA,"NotAType",NA,"BISH",NA
"1090169610","Metrosideros polymorpha Gaudich.","Wood, K.R.","Collector Number: 13026",2008,"2008-05-19","Hawaii","Hilo FR, Wailuku River, off Saddle Road","Hilo FR, Wailuku River, off Saddle Road",NA,NA,NA,NA,"2850 ft","along river, wet forest; Acacia koa, Metrosideros, Dicranopteris, Clermontia parviflora, Cibotium, Myrsine lessertiana, M. sandwicensis, Broussaisia, Melicope clusiifolia, Sadleria","5 m tree",NA,NA,NA,NA,NA,NA,NA,NA,"BPBM","BISH"
"1090179762","Metrosideros polymorpha var. polymorpha","Wood, K.R.","Collector Number: 13031",2008,"2008-05-19","Hawaii","Hilo FR, Wailuku River, off Saddle road","Hilo FR, Wailuku River, off Saddle road",NA,NA,NA,NA,"5230 ft","wet forest; Metrosideros, Dicranopteris, Sadleria, Kadua centranthoides, Clermontia montis-loa, Vaccinium, Machaerina angustifolia","5 m; trunk gray, bark not peeling",NA,NA,NA,NA,NA,NA,NA,NA,"BPBM","BISH"
"1090333473","Metrosideros polymorpha Gaudich.","Wood, K.R.","Collector Number: 13022",2008,"2008-05-19","Hawaii","Hilo FR, Wailuku River, off Saddle Road","Hilo FR, Wailuku River, off Saddle Road",NA,NA,NA,NA,"2850 ft","along river, wet forest; Acacia koa, Metrosideros, Dicranopteris, Clermontia parviflora, Cibotium, Myrsine lessertiana, M. sandwicensis, Broussaisia, Melicope clusiifolia, Sadleria","12 m tree; bark gray",NA,NA,NA,NA,NA,NA,NA,NA,"BPBM","BISH"
"1090336238","Metrosideros polymorpha Gaudich.","Wood, K.R.","Collector Number: 13027",2008,"2008-05-19","Hawaii","Hilo FR, Wailuku River, off Saddle road","Hilo FR, Wailuku River, off Saddle road",NA,NA,NA,NA,"2870 ft","Acacia koa, Metrosideros, Dicranopteris, Clermontia parviflora, Cibotium, Myrsine lessertiana, M. sandwicensis, Broussaisia, Melicope clusiifolia, Sadleria","5 m tree",NA,NA,NA,NA,NA,NA,NA,NA,"BPBM","BISH"
"1317528762","Metrosideros polymorpha Gaudich.","K. R. Wood","13022",2008,"2008-05-19","Hawaii","Hilo Forest Reserve, Wailuku River region, off Saddle Road ca. 2850 ft.",NA,NA,NA,NA,875,NA,NA,NA,NA,NA,NA,NA,NA,NA,NA,NA,"US","US"
"1317998664","Metrosideros polymorpha Gaudich.","K. R. Wood","13027",2008,"2008-05-19","Hawaii","Hilo Forest Reserve, Wailuku River region, off Saddle Road ca. 2850 ft.",NA,NA,NA,NA,875,NA,NA,NA,NA,NA,NA,NA,NA,NA,NA,NA,"US","US"
"1322448440","Metrosideros polymorpha var. incana (H.Lév.) Skottsb.","K. R. Wood","13026",2008,"2008-05-19","Hawaii","Hilo Forest Reserve, Wailuku River region, off Saddle Road ca. 2850 ft.",NA,NA,NA,NA,875,NA,NA,NA,NA,NA,NA,NA,NA,NA,NA,NA,"US","US"
"3987489087","Metrosideros polymorpha var. glaberrima (H.Lév.) H.St.John","K. R. Wood","13027",2008,"2008-05-19","Hawai_i","Hawaii; Hilo Forest Reserve, Wailuku River region",NA,NA,NA,NA,NA,NA,NA,NA,NA,NA,NA,NA,NA,NA,NA,NA,"TAES","TAMU"
"3987613081","Metrosideros polymorpha var. glaberrima (H.Lév.) H.St.John","K. R. Wood","13022",2008,"2008-05-19","Hawai_i","Hawaii; Hilo Forest Reserve, Wailuku River region",NA,NA,NA,NA,NA,NA,NA,NA,NA,NA,NA,NA,NA,NA,NA,NA,"TAES","TAMU"
"5956265083","Metrosideros polymorpha Gaudich.","Wood, K.R.","13026",2008,"2008-05-19","Hawaii","Hilo FR, Wailuku River, off Saddle Road",NA,NA,NA,NA,869,"2850 ft","along river, wet forest; Acacia koa, Metrosideros, Dicranopteris, Clermontia parviflora, Cibotium, Myrsine lessertiana, M. sandwicensis, Broussaisia, Melicope clusiifolia, Sadleria","common| UTM: 02656 - 21798; 5 m tree",NA,NA,NA,NA,NA,NA,"NotAType",NA,"BISH",NA
"5956349326","Metrosideros polymorpha var. polymorpha","Wood, K.R.","13031",2008,"2008-05-19","Hawaii","Hilo FR, Wailuku River, off Saddle road",NA,NA,NA,NA,1594,"5230 ft","wet forest; Metrosideros, Dicranopteris, Sadleria, Kadua centranthoides, Clermontia montis-loa, Vaccinium, Machaerina angustifolia","UTM: 0253459 - 2176775| common; 5 m; trunk gray, bark not peeling",NA,NA,NA,NA,NA,NA,"NotAType",NA,"BISH",NA
"5956409828","Metrosideros polymorpha Gaudich.","Wood, K.R.","13027",2008,"2008-05-19","Hawaii","Hilo FR, Wailuku River, off Saddle road",NA,NA,NA,NA,875,"2870 ft","Acacia koa, Metrosideros, Dicranopteris, Clermontia parviflora, Cibotium, Myrsine lessertiana, M. sandwicensis, Broussaisia, Melicope clusiifolia, Sadleria","UTM: 02656 - 21798| common; 5 m tree",NA,NA,NA,NA,NA,NA,"NotAType",NA,"BISH",NA
"5956555060","Metrosideros polymorpha Gaudich.","Wood, K.R.","13022",2008,"2008-05-19","Hawaii","Hilo FR, Wailuku River, off Saddle Road",NA,NA,NA,NA,869,"2850 ft","along river, wet forest; Acacia koa, Metrosideros, Dicranopteris, Clermontia parviflora, Cibotium, Myrsine lessertiana, M. sandwicensis, Broussaisia, Melicope clusiifolia, Sadleria","common| UTM: 0265553 - 2180909; 12 m tree; bark gray",NA,NA,NA,NA,NA,NA,"NotAType",NA,"BISH",NA
"1090170397","Metrosideros polymorpha Gaudich.","Wood, K.R. Lau, J.; Wood, M.","Collector Number: 13069",2008,"2008-06-01","Hawaii","Hawaiiloa Ridge","Hawaiiloa Ridge",NA,NA,NA,NA,"335 m","Mesic shrubland. W/ Leptecophylla tameiameiae, Acacia koa, Osteomeles anthyllidifolia, Metrosideros polymorpha var incana.","Tree 2 - 3 m tall, trunk gray brown, rough textured, lvs ranked, gray-white indument below, occasional.",NA,NA,NA,NA,NA,NA,NA,NA,"BPBM","BISH"
"1090181896","Metrosideros rugosa A.Gray","Wood, K.R. Lau, J.; Wood, M.","Collector Number: 13072",2008,"2008-06-01","Hawaii","Hawaiiloa ridge","Oahu",NA,NA,NA,NA,"722 m","windswept summit.  Metrosideros-Cheirodendron mixed wet forest.  W/ Freycinetia, Kadua spp, Wikstroemia oahuensis, Machaerina angustifolia","tree, 2-3 m tall, along summit, leaves dark green rugose",NA,NA,NA,NA,NA,NA,NA,NA,"BPBM","BISH"
"1090189490","Metrosideros Banks ex Gaertn.","Wood, K.R. Lau, J.; Wood, M.","Collector Number: 13070",2008,"2008-06-01","Hawaii","Hawaiiloa Ridge","Hawaiiloa Ridge",NA,NA,NA,NA,"457 m","Mesic Metrosideros forest. W/Leptecophylla tameiameiae, Acacia koa, Osteomeles anthyllidifolia, Metrosideros polymorpha var incana, Metrosideros polymorpha var. polymorpha.","cf Metrosideros polymorpha incana x M. p. polymorpha, both speicies in general area, tree, 4 m tall, trunk gray-brown, not peeling.",NA,NA,NA,NA,NA,NA,NA,NA,"BPBM","BISH"
"1090199304","Metrosideros rugosa A.Gray","Wood, K.R. Lau, J.; Wood, M.","Collector Number: 13077",2008,"2008-06-01","Hawaii","Hawaiiloa ridge","Oahu",NA,NA,NA,NA,"722 m","windswept summit.  Metrosideros-Cheirodendron mixed wet forest.  W/ Freycinetia, Kadua spp, Wikstroemia oahuensis, Machaerina angustifolia","tree, 4 m tall, young leaves yellow-green, mature leaves dark green above, dark to light brown below",NA,NA,NA,NA,NA,NA,NA,NA,"BPBM","BISH"
"1090202334","Metrosideros polymorpha Gaudich.","Wood, K.R. Lau, J.; Wood, M.","Collector Number: 13078",2008,"2008-06-01","Hawaii","Hawaiiloa Ridge, below summit","Hawaiiloa Ridge, below summit",NA,NA,NA,NA,"610 m","Metrosideros-Cheirodendron mixed wet forest. W/ Freycinetia, Kadua spp, Wikstroemia oahuensis, Machaerina angustifolia.","Tree, 7 m tall, thickly brancked, lvs with white  or brown-white indument below.",NA,NA,NA,NA,NA,NA,NA,NA,"BPBM","BISH"
"1090204943","Metrosideros polymorpha Gaudich.","Wood, K.R. Yamamoto, B.","Collector Number: 13137",2008,"2008-06-28","Hawaii","Alakai, Lehua Makanoi Bog.","Alakai, Lehua Makanoi Bog.",NA,NA,NA,NA,"1128 m","Metrosideros - Rhynchospora montane bog.","Shrub, 35 cm tall, in bog, lvs dark gray-green, common.",NA,NA,NA,NA,NA,NA,NA,NA,"BPBM","BISH"
"1090218399","Metrosideros polymorpha Gaudich.","Wood, K.R. Lau, J.; Wood, M.","Collector Number: 13071",2008,"2008-06-01","Hawaii","Hawaiiloa Ridge","Hawaiiloa Ridge",NA,NA,NA,NA,"518 m","Mesic shrubland. W/ Leptecophylla tameiameiae, Acacia koa, Osteomeles anthyllidifolia, Metrosideros polymorpha var incana.","Tree, 5 m tall, trunk gray-brown, rugged texture, lvs dark green above, white indument below.",NA,NA,NA,NA,NA,NA,NA,NA,"BPBM","BISH"
"1090254711","Metrosideros macropus Hook. & Arn.","Wood, K.R. Lau, J.; Wood, M.","Collector Number: 13079",2008,"2008-06-01","Hawaii","Hawaiiloa Ridge, below summit","Hawaiiloa Ridge, below summit",NA,NA,NA,NA,"625 m","Metrosideros-Cheirodendron mixed wet forest. W/ Freycinetia, Kadua spp, Wikstroemia oahuensis, Machaerina angustifolia.","Tree 5 m tall, trunk smooth tan-brown, lvs pendent green-yellow with yellow-green bracts and petioles, rare in area..",NA,NA,NA,NA,NA,NA,NA,NA,"BPBM","BISH"
"1090262515","Metrosideros macropus Hook. & Arn.","Wood, K.R. Lau, J.; Wood, M.","Collector Number: 13080",2008,"2008-06-01","Hawaii","Hawaiiloa Ridge, below summit","Hawaiiloa Ridge, below summit",NA,NA,NA,NA,"610 m","Metrosideros-Cheirodendron mixed wet forest. W/ Freycinetia, Kadua spp, Wikstroemia oahuensis, Machaerina angustifolia.","Tree 2 m,a tall, trunk smooth tan-brown, lvs pendent green-yellow with yellow-green bracts and petioles, rare in area.",NA,NA,NA,NA,NA,NA,NA,NA,"BPBM","BISH"
"1090296749","Metrosideros polymorpha Gaudich.","Wood, K.R.","Collector Number: 13114",2008,"2008-06-17","Hawaii","Wainiha, camp around confluence of E and W fork.","Wainiha, camp around confluence of E and W fork.",NA,NA,NA,NA,"472 m","Metrosideros 40 - 60% closed w/ 12-15 m tall canopy, understory of Perrottetia, Psychotria spp, Dubautia spp, Labordia spp, Tetraplasandra kavaiensis, T. oahuensis, rich fern and bryophyte understory.","Tree 9 m tall, bark gray-brown, peeling in long strips, stamens red, common.",NA,NA,NA,NA,NA,NA,NA,NA,"BPBM","BISH"
"1090334829","Metrosideros polymorpha Gaudich.","Wood, K.R. Lau, J.; Wood, M.","Collector Number: 13074",2008,"2008-06-01","Hawaii","Hawaiiloa Ridge","Honolulu",NA,NA,NA,NA,"722 m","windswept summit.  Metrosideros-Cheirodendron mixed wet forest.  W/ Freycinetia, Kadua spp, Wikstroemia oahuensis, Machaerina angustifolia","tree, 3 m tall, common with M. rugosa",NA,NA,NA,NA,NA,NA,NA,NA,"BPBM","BISH"
"1090356779","Metrosideros polymorpha Gaudich.","Wood, K.R. Lau, J.; Wood, M.","Collector Number: 13076",2008,"2008-06-01","Hawaii","Hawaiiloa Ridge, windswept summit","Hawaiiloa Ridge, windswept summit",NA,NA,NA,NA,"722 m","Metrosideros-Cheirodendron mixed wet forest. W/ Freycinetia, Kadua spp, Wikstroemia oahuensis, Machaerina angustifolia.","Tree 3 m tall, common in area with M rugosa.",NA,NA,NA,NA,NA,NA,NA,NA,"BPBM","BISH"
"1318457719","Metrosideros polymorpha var. incana (H.Lév.) Skottsb.","K. R. Wood, J. Lau & M. Wood","13070",2008,"2008-06-01","Hawaii","Hawaiiloa Ridge.",NA,NA,NA,NA,457,NA,NA,NA,NA,NA,NA,NA,"Wagner, W. L., (BOT), Smithsonian Institution - National Museum of Natural History (UNITED STATES)",NA,NA,NA,"US","US"
"1318599340","Metrosideros polymorpha var. polymorpha","K. R. Wood, J. Lau & M. Wood","13071",2008,"2008-06-01","Hawaii","Hawaiiloa Ridge.",NA,NA,NA,NA,518,NA,NA,NA,NA,NA,NA,NA,NA,NA,NA,NA,"US","US"
"1318715901","Metrosideros rugosa A.Gray","K. R. Wood, J. Lau & M. Wood","13077",2008,"2008-06-01","Hawaii","Hawaiiloa Ridge, windswept summit.",NA,NA,NA,NA,722,NA,NA,NA,NA,NA,NA,NA,NA,NA,NA,NA,"US","US"
"1318796651","Metrosideros tremuloides (A.Heller) Knuth","K. R. Wood, J. Lau & M. Wood","13084",2008,"2008-06-02","Hawaii","Koolau Mts.,Nuuanu Pali State Park.",NA,NA,NA,NA,330,NA,NA,NA,NA,NA,NA,NA,NA,NA,NA,NA,"US","US"
"1319633433","Metrosideros rugosa A.Gray","K. R. Wood, J. Lau & M. Wood","13077",2008,"2008-06-01","Hawaii","Hawaiiloa Ridge, windswept summit.",NA,NA,NA,NA,722,NA,NA,NA,NA,NA,NA,NA,NA,NA,NA,NA,"US","US"
"1319857846","Metrosideros polymorpha Gaudich.","K. R. Wood, J. Lau & M. Wood","13075",2008,"2008-06-01","Hawaii","Hawaiiloa Ridge, windswept summit.",NA,NA,NA,NA,722,NA,NA,NA,NA,NA,NA,NA,NA,NA,NA,NA,"US","US"
"1321149194","Metrosideros macropus Hook. & Arn.","K. R. Wood, J. Lau & M. Wood","13079",2008,"2008-06-01","Hawaii","Hawaiiloa Ridge, windswept summit.",NA,NA,NA,NA,625,NA,"Mixed wet forest",NA,NA,NA,NA,NA,NA,NA,NA,NA,"US","US"
"1321214519","Metrosideros polymorpha var. incana (H.Lév.) Skottsb.","K. R. Wood, J. Lau & M. Wood","13069",2008,"2008-06-01","Hawaii","Hawaiiloa Ridge.",NA,NA,NA,NA,335,NA,"Shrubland.",NA,NA,NA,NA,NA,NA,NA,NA,NA,"US","US"
"1321371389","Metrosideros polymorpha Gaudich.","K. R. Wood, J. Lau & M. Wood","13076",2008,"2008-06-01","Hawaii","Hawaiiloa Ridge, windswept summit.",NA,NA,NA,NA,722,NA,"Mixed wet forest",NA,NA,NA,NA,NA,NA,NA,NA,NA,"US","US"
"1321664067","Metrosideros polymorpha var. polymorpha","K. R. Wood, J. Lau & M. Wood","13078",2008,"2008-06-01","Hawaii","Hawaiiloa Ridge, windswept summit.",NA,NA,NA,NA,610,NA,"Mixed wet forest",NA,NA,NA,NA,NA,NA,NA,NA,NA,"US","US"
"1321977133","Metrosideros polymorpha var. pumila (A.Heller) J.W.Dawson & Stemmerm.","K. R. Wood & B. Yamamoto","13137",2008,"2008-06-28","Hawaii","Alakai, Lehua Makanoi Bog.",NA,NA,NA,NA,1128,NA,"In montane bog.",NA,NA,NA,NA,NA,NA,NA,NA,NA,"US","US"
"1322152598","Metrosideros polymorpha Gaudich.","K. R. Wood, J. Lau & M. Wood","13074",2008,"2008-06-01","Hawaii","Hawaiiloa Ridge, windswept summit.",NA,NA,NA,NA,722,NA,NA,NA,NA,NA,NA,NA,NA,NA,NA,NA,"US","US"
"1322310699","Metrosideros macropus Hook. & Arn.","K. R. Wood, J. Lau & M. Wood","13080",2008,"2008-06-01","Hawaii","Hawaiiloa Ridge, windswept summit.",NA,NA,NA,NA,610,NA,"Mixed wet forest",NA,NA,NA,NA,NA,NA,NA,NA,NA,"US","US"
"1322372521","Metrosideros polymorpha Gaudich.","K. R. Wood","13114",2008,"2008-06-17","Hawaii","Wainiha, camp around confluence of east and west fork.",NA,22.1104,-159.532,NA,472,NA,NA,NA,NA,NA,NA,NA,NA,NA,NA,NA,"US","US"
"1322745891","Metrosideros tremuloides (A.Heller) Knuth","K. R. Wood, J. Lau & M. Wood","13083",2008,"2008-06-02","Hawaii","Koolau Mts.,Nuuanu Pali State Park.",NA,NA,NA,NA,330,NA,NA,NA,NA,NA,NA,NA,NA,NA,NA,NA,"US","US"
"1322875414","Metrosideros Banks ex Gaertn.","K. R. Wood, J. Lau & M. Wood","13081",2008,"2008-06-01","Hawaii","Hawaiiloa Ridge, below summit.",NA,NA,NA,NA,610,NA,"Mixed wet forest",NA,NA,NA,NA,NA,"Wagner, W. L., (BOT), Smithsonian Institution - National Museum of Natural History (UNITED STATES)",NA,NA,NA,"US","US"
"1929029857","Metrosideros polymorpha Gaudich.","K. R. Wood","s.n.",2008,"2008-06-17","Hawaii","Wainiha, camp around confluence of east and west fork",NA,NA,NA,NA,472,"1550 ft",NA,NA,NA,NA,NA,NA,NA,NA,NA,"sheet","NY","NY"
"1929126855","Metrosideros tremuloides (A.Heller) Knuth","K. R. Wood","13084",2008,"2008-06-02","Hawaii","Oahu. Koolau Mts, Nuuanu Pali State Park",NA,NA,NA,NA,330,"1083 ft",NA,NA,NA,NA,NA,NA,NA,NA,NA,"sheet","NY","NY"
"5956197173","Metrosideros macropus Hook. & Arn.","Wood, K.R.; Lau, J.; Wood, M.","13080",2008,"2008-06-01","Hawaii","Hawaiiloa Ridge, below summit",NA,NA,NA,NA,610,"610 m","Metrosideros-Cheirodendron mixed wet forest. W/ Freycinetia, Kadua spp, Wikstroemia oahuensis, Machaerina angustifolia.","National Tropical Botaanical Garden Herbarium (PTBG| UTM: 0630/// - 2358///| DNA; Tree 2 m,a tall, trunk smooth tan-brown, lvs pendent green-yellow with yellow-green bracts and petioles, rare in area.",NA,NA,NA,NA,NA,NA,"NotAType",NA,"BISH",NA
"5956197642","Metrosideros polymorpha Gaudich.","Wood, K.R.; Lau, J.; Wood, M.","13071",2008,"2008-06-01","Hawaii","Hawaiiloa Ridge",NA,NA,NA,NA,518,"518 m","Mesic shrubland. W/ Leptecophylla tameiameiae, Acacia koa, Osteomeles anthyllidifolia, Metrosideros polymorpha var incana.","National Tropical Botaanical Garden Herbarium (PTBG| UTM: 0630398 - 2357614| DNA; Tree, 5 m tall, trunk gray-brown, rugged texture, lvs dark green above, white indument below.",NA,NA,NA,NA,NA,NA,"NotAType",NA,"BISH",NA
"5956223301","Metrosideros polymorpha Gaudich.","Wood, K.R.","13114",2008,"2008-06-17","Hawaii","Wainiha, camp around confluence of E and W fork.",NA,NA,NA,NA,472,"472 m","Metrosideros 40 - 60% closed w/ 12-15 m tall canopy, understory of Perrottetia, Psychotria spp, Dubautia spp, Labordia spp, Tetraplasandra kavaiensis, T. oahuensis, rich fern and bryophyte understory.","National Tropical Botanica Garden Herbrium (PTBG)| UTM: 0445127 - 2445143; Tree 9 m tall, bark gray-brown, peeling in long strips, stamens red, common.",NA,NA,NA,NA,NA,NA,"NotAType",NA,"BISH",NA
"5956260566","Metrosideros polymorpha Gaudich.","Wood, K.R.; Lau, J.; Wood, M.","13069",2008,"2008-06-01","Hawaii","Hawaiiloa Ridge",NA,NA,NA,NA,335,"335 m","Mesic shrubland. W/ Leptecophylla tameiameiae, Acacia koa, Osteomeles anthyllidifolia, Metrosideros polymorpha var incana.","National Tropical Botaanical Garden Herbarium (PTBG| UTM: 0630177 - 2356241| DNA; Tree 2 - 3 m tall, trunk gray brown, rough textured, lvs ranked, gray-white indument below, occasional.",NA,NA,NA,NA,NA,NA,"NotAType",NA,"BISH",NA
"5956268398","Metrosideros Banks ex Gaertn.","Wood, K.R.; Lau, J.; Wood, M.","13070",2008,"2008-06-01","Hawaii","Hawaiiloa Ridge",NA,NA,NA,NA,457,"457 m","Mesic Metrosideros forest. W/Leptecophylla tameiameiae, Acacia koa, Osteomeles anthyllidifolia, Metrosideros polymorpha var incana, Metrosideros polymorpha var. polymorpha.","National Tropical Botaanical Garden Herbarium (PTBG| UTM: 06301// - 23562//| DNA; cf Metrosideros polymorpha incana x M. p. polymorpha, both speicies in general area, tree, 4 m tall, trunk gray-brown, not peeling.",NA,NA,NA,NA,NA,NA,"NotAType",NA,"BISH",NA
"5956301436","Metrosideros rugosa A.Gray","Wood, K.R.; Lau, J.; Wood, M.","13077",2008,"2008-06-01","Hawaii","Hawaiiloa ridge",NA,NA,NA,NA,722,"722 m","windswept summit. Metrosideros-Cheirodendron mixed wet forest. W/ Freycinetia, Kadua spp, Wikstroemia oahuensis, Machaerina angustifolia","DNA; tree, 4 m tall, young leaves yellow-green, mature leaves dark green above, dark to light brown below",NA,NA,NA,NA,NA,NA,"NotAType",NA,"BISH",NA
"5956371952","Metrosideros polymorpha Gaudich.","Wood, K.R.; Yamamoto, B.","13137",2008,"2008-06-28","Hawaii","Alakai, Lehua Makanoe Bog",NA,NA,NA,NA,1128,"1128 m","Metrosideros - Rhynchospora montane bog.","National Tropical Botanica Garden Herbrium (PTBG)| UTM: 0436105 - 2449071; Shrub, 35 cm tall, in bog, lvs dark gray-green, common.",NA,NA,NA,NA,NA,NA,"NotAType",NA,"BISH",NA
"5956510935","Metrosideros macropus Hook. & Arn.","Wood, K.R.; Lau, J.; Wood, M.","13079",2008,"2008-06-01","Hawaii","Hawaiiloa Ridge, below summit",NA,NA,NA,NA,625,"625 m","Metrosideros-Cheirodendron mixed wet forest. W/ Freycinetia, Kadua spp, Wikstroemia oahuensis, Machaerina angustifolia.","National Tropical Botaanical Garden Herbarium (PTBG)| UTM: 0630/// - 2358///| DNA; Tree 5 m tall, trunk smooth tan-brown, lvs pendent green-yellow with yellow-green bracts and petioles, rare in area..",NA,NA,NA,NA,NA,NA,"NotAType",NA,"BISH",NA
"5956579298","Metrosideros tremuloides (A.Heller) Knuth","Wood, K.R.; Lau, J.; Wood, M.","13084",2008,"2008-06-02","Hawaii","Koolau Mts, Nuuanu Pali State Park, near lookout",NA,NA,NA,NA,330,"1083 ft","Relic Metrosideros forest with successional non-native vegetation","Common| UTM: 0625133, -2363173; Tree, 5 m tall, trunk gray",NA,NA,NA,NA,NA,NA,"NotAType",NA,"BISH",NA
"5956639669","Metrosideros polymorpha Gaudich.","Wood, K.R.; Lau, J.; Wood, M.","13078",2008,"2008-06-01","Hawaii","Hawaiiloa Ridge, below summit",NA,NA,NA,NA,610,"610 m","Metrosideros-Cheirodendron mixed wet forest. W/ Freycinetia, Kadua spp, Wikstroemia oahuensis, Machaerina angustifolia.","National Tropical Botaanical Garden Herbarium (PTBG)| UTM: 0630/// - 2358///| DNA; Tree, 7 m tall, thickly brancked, lvs with white or brown-white indument below.",NA,NA,NA,NA,NA,NA,"NotAType",NA,"BISH",NA
"5956645909","Metrosideros polymorpha Gaudich.","Wood, K.R.; Lau, J.; Wood, M.","13074",2008,"2008-06-01","Hawaii","Hawaiiloa Ridge",NA,NA,NA,NA,722,"722 m","windswept summit. Metrosideros-Cheirodendron mixed wet forest. W/ Freycinetia, Kadua spp, Wikstroemia oahuensis, Machaerina angustifolia","DNA; tree, 3 m tall, common with M. rugosa",NA,NA,NA,NA,NA,NA,"NotAType",NA,"BISH",NA
"5956650565","Metrosideros tremuloides (A.Heller) Knuth","Wood, K.R.; Lau, J.; Wood, M.","13083",2008,"2008-06-02","Hawaii","Koolau Mts, Nuuanu Pali State Park, near lookout",NA,NA,NA,NA,330,"1083 ft","Relic Metrosideros forest with successional non-native vegetation","UTM: 0625133, -2363173; Tree, 5 m tall, trunk gray, young stems and petioles red, in flower and fruit",NA,NA,NA,NA,NA,NA,"NotAType",NA,"BISH",NA
"5956661677","Metrosideros polymorpha Gaudich.","Wood, K.R.; Lau, J.; Wood, M.","13076",2008,"2008-06-01","Hawaii","Hawaiiloa Ridge, windswept summit",NA,NA,NA,NA,722,"722 m","Metrosideros-Cheirodendron mixed wet forest. W/ Freycinetia, Kadua spp, Wikstroemia oahuensis, Machaerina angustifolia.","National Tropical Botaanical Garden Herbarium (PTBG)| UTM: 06306// - 23585//| DNA; Tree 3 m tall, common in area with M rugosa.",NA,NA,NA,NA,NA,NA,"NotAType",NA,"BISH",NA
"5956690127","Metrosideros rugosa A.Gray","Wood, K.R.; Lau, J.; Wood, M.","13072",2008,"2008-06-01","Hawaii","Hawaiiloa ridge",NA,NA,NA,NA,722,"722 m","windswept summit. Metrosideros-Cheirodendron mixed wet forest. W/ Freycinetia, Kadua spp, Wikstroemia oahuensis, Machaerina angustifolia","DNA; tree, 2-3 m tall, along summit, leaves dark green rugose",NA,NA,NA,NA,NA,NA,"NotAType",NA,"BISH",NA
"1090166556","Metrosideros waialealae (Rock) Rock","Pell, S.K. Bess, E.","Collector Number: 755",2008,"2008-07-21","Hawaii","The Nature Conservancy Kamakou Preserve","The Nature Conservancy Kamakou Preserve",21.1246,-156.919,NA,NA,"1098 m","Growing along road.","Tree, 4m tall, Leaves opposite; young (green) and old fruits collected.  Silica sample deposited in the BBG Lab tissue collection.",NA,NA,NA,NA,NA,NA,NA,NA,"BPBM","BISH"
"1090178137","Metrosideros polymorpha var. pseudorugosa Skottsb.","Wood, K.R. Aruch, S.; Wood, M.","Collector Number: 13166",2008,"2008-07-11","Hawaii","W Maui, Puu Kukui summit.","W Maui, Puu Kukui summit.",NA,NA,NA,NA,"1554 m","Bogs dominated by Metrosideros-Oreobolus-Rhynchospora adjacent to Metrosideros-Cheirodendron mixed riparian forest w/ undisturged groundcover of mosses, ferns & herbs. W/Machaerina, Argyroxiphium, Leptecophylla, Coprosma, Vaccinium spp., Melicope, Geranium hillebrandii, Carex, Deschampsia, Dichanthelium spp., ferns of Lycopodiella, Adenophorus, Athyrium, Dicranopteris.","Shrub 30 cm tall, many branched, stems gray-brown, common shrub in bogs with M. p. glaberrima.",NA,NA,NA,NA,NA,NA,NA,NA,"BPBM","BISH"
"1090178955","Metrosideros polymorpha var. polymorpha","Wood, K.R. Aruch, S.; Wood, M.","Collector Number: 13169",2008,"2008-07-11","Hawaii","W Maui, Puu Kukui summit.","W Maui, Puu Kukui summit.",NA,NA,NA,NA,"1494 m","Bogs dominated by Metrosideros-Oreobolus-Rhynchospora adjacent to Metrosideros-Cheirodendron mixed riparian forest w/ undisturged groundcover of mosses, ferns & herbs. W/Machaerina, Argyroxiphium, Leptecophylla, Coprosma, Vaccinium spp., Melicope, Geranium hillebrandii, Carex, Deschampsia, Dichanthelium spp., ferns of Lycopodiella, Adenophorus, Athyrium, Dicranopteris.","Adjacent to bogs in Metrosideros forest, tree, 3 m tall, lvs dark green above, revolute, light to dark indumentum below, branches moss covered, uncommon w/ more abundant M. p. glaberrima.",NA,NA,NA,NA,NA,NA,NA,NA,"BPBM","BISH"
"1090179978","Metrosideros polymorpha var. pseudorugosa Skottsb.","Wood, K.R. Aruch, S.; Wood, M.","Collector Number: 13150",2008,"2008-07-09","Hawaii","W Maui, Puu Kukui summit.","W Maui, Puu Kukui summit.",NA,NA,NA,NA,"1731 m","Bogs dominated by Metrosideros-Oreobolus-Rhynchospora adjacent to Metrosideros-Cheirodendron mixed riparian forest w/ undisturged groundcover of mosses, ferns & herbs. W/Machaerina, Argyroxiphium, Leptecophylla, Coprosma, Vaccinium spp., Melicope, Geranium hillebrandii, Carex, Deschampsia, Dichanthelium spp., ferns of Lycopodiella, Adenophorus, Athyrium, Dicranopteris.","Shrub 40 cm tall, many branched, stems gray-brown, collected in E Bog, common with M. p. glaberrima.",NA,NA,NA,NA,NA,NA,NA,NA,"BPBM","BISH"
"1090364100","Metrosideros polymorpha Gaudich.","Pell, S.K. et al.","Collector Number: 759",2008,"2008-07-23","Hawaii","Eastern part of island, Kapu Ranch","Plants of Hawaii:  Maui County, Molokai Island.  Eastern part of island, Kapu Ranch.",21.141,-156.764,NA,NA,"506 m",NA,"Tree ca 3 m tall (but many nearby are taller).  Red fl color comes primarily from t he filaments, but style is also red.  Petals and st amens are green.  Silica sample deposted in the BBG Lab tissue collection.l",NA,NA,NA,NA,NA,NA,NA,NA,"BPBM","BISH"
"1318575962","Metrosideros polymorpha var. pseudorugosa Skottsb.","K. R. Wood, S. Aruch & M. Wood","13150",2008,"2008-07-09","Hawaii","W. Maui, Puu Kukui summit.",NA,NA,NA,NA,1731,NA,"East bog.",NA,NA,NA,NA,NA,NA,NA,NA,NA,"US","US"
"1320191477","Metrosideros polymorpha var. pseudorugosa Skottsb.","K. R. Wood, S. Aruch & M. Wood","13166",2008,"2008-07-11","Hawaii","W. Maui, Puu Kukui summit.",NA,NA,NA,NA,1554,NA,NA,NA,NA,NA,NA,NA,NA,NA,NA,NA,"US","US"
"1320207101","Metrosideros polymorpha Gaudich.","K. R. Wood, S. Aruch & M. Wood","13163",2008,"2008-07-11","Hawaii","W. Maui, Puu Kukui summit.",NA,NA,NA,NA,1737,NA,NA,NA,NA,NA,NA,NA,NA,NA,NA,NA,"US","US"
"1320550177","Metrosideros polymorpha Gaudich.","K. R. Wood, S. Aruch & M. Wood","13163",2008,"2008-07-11","Hawaii","W. Maui, Puu Kukui summit.",NA,NA,NA,NA,1737,NA,"Bog.",NA,NA,NA,NA,NA,NA,NA,NA,NA,"US","US"
"1320886937","Metrosideros polymorpha var. polymorpha","K. R. Wood, S. Aruch & M. Wood","13169",2008,"2008-07-11","Hawaii","W. Maui, Puu Kukui summit.",NA,NA,NA,NA,1494,NA,"Mixed riparian forest",NA,NA,NA,NA,NA,NA,NA,NA,NA,"US","US"
"1320996678","Metrosideros polymorpha var. polymorpha","K. R. Wood, S. Aruch & M. Wood","13170",2008,"2008-07-11","Hawaii","W. Maui, Puu Kukui summit.",NA,20.9108,-156.592,NA,1417,NA,NA,NA,NA,NA,NA,NA,NA,NA,NA,NA,"US","US"
"1322715761","Metrosideros polymorpha var. pseudorugosa Skottsb.","K. R. Wood, S. Aruch & M. Wood","13150",2008,"2008-07-09","Hawaii","W. Maui, Puu Kukui summit.",NA,NA,NA,NA,1731,NA,"Bog.",NA,NA,NA,NA,NA,NA,NA,NA,NA,"US","US"
"1322950380","Metrosideros polymorpha var. polymorpha","K. R. Wood, S. Aruch & M. Wood","13169",2008,"2008-07-11","Hawaii","W. Maui, Puu Kukui summit.",NA,NA,NA,NA,1417,NA,"Mixed riparian forest",NA,NA,NA,NA,NA,NA,NA,NA,NA,"US","US"
"5103545290","Metrosideros polymorpha Gaudich.","Collector(s): unknown","759",2008,"2008-07-23","Hawaii","Molokai Island, Eastern Part of Island, Kapu Ranch","Molokai Island, Eastern Part of Island, Kapu Ranch (21 Deg 08.457'N, 156 Deg 45.845'W)",21.14095,-156.764083,NA,NA,NA,NA,NA,NA,"[{""attribute_date"": ""2018-11-05"", ""attribute_type"": ""verbatim agent"", ""attribute_units"": null, ""attribute_value"": ""Pell, SK"", ""attribute_method"": ""unspecified collector role"", ""attribute_remark"": ""transcribed from previous notes"", ""attribute_determiner"": {""agentID"": ""https://arctos.database.museum/agent/21248348"", ""agent_name"": ""Mingna Zhuang""}}]",NA,NA,"unknown","2008-07-23T00:00:00",NA,"whole organism","UTEP","Botany"
"5956250348","Metrosideros polymorpha Gaudich.","Pell, S.K.; et al.","759",2008,"2008-07-23","Hawaii","Eastern part of island, Kapu Ranch",NA,NA,NA,NA,506,"506 m",NA,"Brooklyn Botanic Garden; Tree ca 3 m tall (but many nearby are taller). Red fl color comes primarily from t he filaments, but style is also red. Petals and st amens are green. Silica sample deposted in the BBG Lab tissue collection.l",NA,NA,NA,NA,NA,NA,"NotAType",NA,"BISH",NA
"5956464745","Metrosideros polymorpha var. pseudorugosa Skottsb.","Wood, K.R.; Aruch, S.; Wood, M.","13150",2008,"2008-07-09","Hawaii","W. Maui, Puu Kukui summit.",NA,NA,NA,NA,1731,"1731 m","Bogs dominated by Metrosideros-Oreobolus-Rhynchospora adjacent to Metrosideros-Cheirodendron mixed riparian forest w/ undisturged groundcover of mosses, ferns & herbs. W/Machaerina, Argyroxiphium, Leptecophylla, Coprosma, Vaccinium spp., Melicope, Geranium hillebrandii, Carex, Deschampsia, Dichanthelium spp., ferns of Lycopodiella, Adenophorus, Athyrium, Dicranopteris.","National Tropical Botanical Garden Herbarium (PTBG)| UTM: 07522// - 23122//; Shrub 40 cm tall, many branched, stems gray-brown, collected in E Bog, common with M. p. glaberrima.",NA,NA,NA,NA,NA,NA,"NotAType",NA,"BISH",NA
"5956528585","Metrosideros polymorpha var. pseudorugosa Skottsb.","Wood, K.R.; Aruch, S.; Wood, M.","13166",2008,"2008-07-11","Hawaii","W Maui, Puu Kukui summit.",NA,NA,NA,NA,1554,"1554 m","Bogs dominated by Metrosideros-Oreobolus-Rhynchospora adjacent to Metrosideros-Cheirodendron mixed riparian forest w/ undisturged groundcover of mosses, ferns & herbs. W/Machaerina, Argyroxiphium, Leptecophylla, Coprosma, Vaccinium spp., Melicope, Geranium hillebrandii, Carex, Deschampsia, Dichanthelium spp., ferns of Lycopodiella, Adenophorus, Athyrium, Dicranopteris.","National Tropical Botanical Garden Herbarium (PTBG)| UTM: 0750535 - 2313403; Shrub 30 cm tall, many branched, stems gray-brown, common shrub in bogs with M. p. glaberrima.",NA,NA,NA,NA,NA,NA,"NotAType",NA,"BISH",NA
"5956576182","Metrosideros polymorpha var. polymorpha","Wood, K.R.; Aruch, S.; Wood, M.","13169",2008,"2008-07-11","Hawaii","W Maui, Puu Kukui summit.",NA,NA,NA,NA,1494,"1494 m","Bogs dominated by Metrosideros-Oreobolus-Rhynchospora adjacent to Metrosideros-Cheirodendron mixed riparian forest w/ undisturged groundcover of mosses, ferns & herbs. W/Machaerina, Argyroxiphium, Leptecophylla, Coprosma, Vaccinium spp., Melicope, Geranium hillebrandii, Carex, Deschampsia, Dichanthelium spp., ferns of Lycopodiella, Adenophorus, Athyrium, Dicranopteris.","National Tropical Botanical Garden Herbarium (PTBG)| UTM: 0750440 - 2313600; Adjacent to bogs in Metrosideros forest, tree, 3 m tall, lvs dark green above, revolute, light to dark indumentum below, branches moss covered, uncommon w/ more abundant M. p. glaberrima.",NA,NA,NA,NA,NA,NA,"NotAType",NA,"BISH",NA
"5956645884","Metrosideros waialealae (Rock) Rock","Pell, S.K.; Bess, E.","755",2008,"2008-07-21","Hawaii","The Nature Conservancy Kamakou Preserve",NA,NA,NA,NA,1098,"1098 m","Growing along road.","Tree, 4m tall, Leaves opposite; young (green) and old fruits collected. Silica sample deposited in the BBG Lab tissue collection.",NA,NA,NA,NA,NA,NA,"NotAType",NA,"BISH",NA
"3751300384","Metrosideros polymorpha Gaudich.","Isiah Smith","KKI-7",2008,"2008-09-27","Hawaii","Wiliwilinui Trail. Found on edges of the trail during the first 15 minutes of the hike. On a lava rock area, consisting mostly of invasive species.",NA,NA,NA,NA,NA,NA,NA,"Shrub form is 3 feet in height with oval grey-green leaves. Bright red flowers, the showy part made up of long anthers.",NA,NA,NA,NA,"Dr. Sterling Keeley",NA,NA,NA,"HAW",NA
"3751300387","Metrosideros polymorpha Gaudich.","Elbereth M. Walker","EMW008",2008,"2008-09-27","Hawaii","Kona district, O'ahu: Quarter mile up the Wiliwilinui trail from the end of Okoa St. On the side of the trail. Disturbed open forest.",NA,21.3045,-157.762139,NA,425,NA,NA,"Shrub about 4 ft tall and 5 ft wide with tightly packed decussate clasping leathery leaves that start about midway up the branch. Terminal inflorescence of many tightly packed red flowers. Petals inconspicuous, stamens conspicuous extending up to 2in beyond flowers.",NA,NA,NA,NA,"Dr. Sterling Keeley",NA,NA,NA,"HAW",NA
"3751300398","Metrosideros polymorpha Gaudich.","Tiffany L. Thair","TLT12",2008,"2008-09-27","Hawaii","Wiliwilinui Trail in disturbed mesic forest.",NA,21.327111,-157.754083,NA,775,NA,NA,"Locally abundant.; Tree; leaves oval and opposite, with slightly cordate base; petioles short; approximately 6 red bottlebrush flowers grouped at apes; calyx green and pubescent; numberous stamens extended more than 2 times beyond petals.",NA,NA,NA,NA,"Dr. Sterling Keeley",NA,NA,NA,"HAW",NA
"3751300400","Metrosideros polymorpha Gaudich.","Maile Post","CMP03",2008,"2008-09-27","Hawaii","Found on hillside, full sunlight with ironwood trees. On Wiliwili Nui trail.",NA,21.30451,-157.7621,NA,430,NA,NA,"Woody shrub with small round decussate leaves. Flowers showy stamens in clusters. Calyx and corolla reduced, single style and stigma.",NA,NA,NA,NA,"Dr. Sterling Keeley",NA,NA,NA,"HAW",NA
"3751300401","Metrosideros polymorpha Gaudich.","Barton Hatch","BH1",2008,"2008-09-27","Hawaii","At mouth of trail, on the side growing with ironwood trees.",NA,NA,NA,NA,NA,NA,NA,"Red flower.",NA,NA,NA,NA,"Dr. Sterling Keeley",NA,NA,NA,"HAW",NA
"3751300385","Metrosideros polymorpha Gaudich.","Justin J. Langlais","JJL5",2008,"2008-10-18","Hawaii","Palolo Valley ridge trail, highest point before descending to Ka'au crater. Right side of trail along side other specimens.",NA,NA,NA,NA,NA,NA,NA,"8-10 ft. tall and 12-15 ft. wide. Flowers showy with fine red filaments.",NA,NA,NA,"1 Naupaka kuahiwi specimen and various grasses","Dr. Sterling Keeley",NA,NA,NA,"HAW",NA
"5956197712","Metrosideros polymorpha var. pumila (A.Heller) J.W.Dawson & Stemmerm.","Oppenheimer, H.L.; Perlman, S.","H110809",2008,"2008-11-06","Hawaii","West Maui, Wailuku District, Waihee Valley, back head of valley, south side of main stream below ""wall of tears"".",NA,NA,NA,NA,805,"2640 ft","Vegetation: Metrosideros polymorpha var. glaberrima, Scaevola, Broussaisia, Clermontia, Bidens, Cibotium, Stenogyne, Freycinetia, Peperomia, Antidesma, Isachne, Perrottetia, Cheirodendron, Psychotria, Xylosma, Kadua, Vaccinium.","Northing: 2313274; Easting 752034.; A few shrubs to 1.5 tall observed on open ridgetop on steep stream walls; no flowers or fruits observed.",NA,NA,NA,NA,NA,NA,"NotAType",NA,"BISH",NA
"3987514768","Metrosideros tremuloides (A.Heller) Knuth","K. R. Wood; Joel Lau|Megan Wood",NA,2008,"2008","Hawai_i",NA,NA,NA,NA,NA,NA,NA,NA,"Tree, 5 m tall, trunk gray.",NA,NA,NA,NA,NA,NA,NA,NA,"TAES",NA
"2422444372","Metrosideros kermadecensis W.R.B.Oliv.","A.C. Sanders","33316A",2007,"2007-02-22","California","Mission Beach area of San Diego, south side of Mission Bay at Mission Point",NA,32.76083,-117.24556,NA,1,NA,"Landscaped park with lawns and planted trees, plus rip-rap at edge of bay.","Trees to 7 m tall; fls. with red stamens. Cultivated in lawn and at least 2 young plants (shrubs) c. 1 m tall naturalized on rip-rap. Sterile stem from spontaneous plant on rip-rap, fertile branch from cultivated tree in adjacent lawn. Cultivated plants mostly in bud, but with some new fls. Many old fruits persisting on trees.",NA,NA,"Flowering",NA,NA,NA,NA,NA,"UCR",NA
"1090365548","Metrosideros excelsa Sol. ex Gaertn.","Flynn, T.","Collector Number: 7332",2007,"2007-03-30","Hawaii","Koloa, Kalaheo, 5473C Puulima Road","Koloa, Kalaheo, 5473C Puulima Road",NA,NA,NA,NA,"1140 ft",NA,"4' tree; older leaves glossy dark green, newer leaves dark green, grayish tomentum, below whitish to gray green; new growth pinkish; buds whitish green; petals pale scarlet; stamens scarlet",NA,NA,NA,NA,NA,NA,NA,NA,"BPBM","BISH"
"5956613575","Metrosideros excelsa Sol. ex Gaertn.","Flynn, T.W.","7332",2007,"2007-03-30","Hawaii","Koloa, Kalaheo, 5473C Puulima Road",NA,NA,NA,NA,347,"1140 ft",NA,"cultivated; 4' tree; older leaves glossy dark green, newer leaves dark green, grayish tomentum, below whitish to gray green; new growth pinkish; buds whitish green; petals pale scarlet; stamens scarlet",NA,NA,NA,NA,NA,NA,"NotAType",NA,"BISH",NA
"1090244194","Metrosideros macropus Hook. & Arn.","Kawelo, K.","Collector Number: USARMY 47",2007,"2007-04-17","Hawaii","Waianae Mountains, Makaleha","Waianae Mountains, Makaleha",NA,NA,NA,NA,"3500 ft","Wet forest on ridge crest.","Stamens and bracts red.",NA,NA,NA,NA,NA,NA,NA,NA,"BPBM","BISH"
"1090351417","Metrosideros collina (Forst.) A.Gray","OED Frohlich, D.; Lau, A.","Collector Number: 2007042407",2007,"2007-04-24","Hawaii","Lyon Arboretum","Lyon Arboretum",NA,NA,NA,NA,"500 ft","Near Economic Botany section.","Tree, ~ 6 meters tall.  Finely pubescent on new growth.  Sparse, red stamens, no fruit seen.",NA,NA,NA,NA,NA,NA,NA,NA,"BPBM","BISH"
"1318823566","Metrosideros macropus Hook. & Arn.","K. Kawelo","USARMY 47",2007,"2007-04-17","Hawaii","Waianae Mts., Makaleha.",NA,NA,NA,NA,1067,NA,"Wet forest on ridge crest.",NA,NA,NA,NA,NA,NA,NA,NA,NA,"US","US"
"1320622715","Metrosideros polymorpha var. pumila (A.Heller) J.W.Dawson & Stemmerm.","D. H. Lorence, A. Vernon, A. Smith, J. Smith & R. Agurai","9549",2007,"2007-04-13","Hawaii","Waimea District, Alakai Wilderness Area, Pihea trail to Alakai Swamp trail, vicinity of boardwalkjust SE of Pihea Peak.",NA,22.1508,-159.615,NA,1275,NA,"Low metrosideros shrubland over boggy soil.",NA,NA,NA,NA,NA,NA,NA,NA,NA,"US","US"
"3987501406","Metrosideros polymorpha var. pumila (A.Heller) Skottsb.","David H. Lorence; et al.","9549",2007,"2007-04-13","Hawai_i","Kauai, Waimea District, Alakai Wilderness Area",NA,NA,NA,NA,NA,NA,NA,NA,NA,NA,NA,NA,NA,NA,NA,NA,"TAES","TAMU"
"5956268997","Metrosideros macropus Hook. & Arn.","Kawelo, K.","USARMY 047",2007,"2007-04-17","Hawaii","Waianae Mountains, Makaleha",NA,NA,NA,NA,1067,"3500 ft","Wet forest on ridge crest.","Stamens and bracts red.",NA,NA,NA,NA,NA,NA,"NotAType",NA,"BISH",NA
"5956458731","Metrosideros collina (Forst.) A.Gray","OED; Frohlich, D.; Lau, A.","2007042407",2007,"2007-04-24","Hawaii","Lyon Arboretum",NA,NA,NA,NA,152,"500 ft","Near Economic Botany section.","From the Marquesas- 2 small trees. New state cultivated record.; Tree, ~ 6 meters tall. Finely pubescent on new growth. Sparse, red stamens, no fruit seen.",NA,NA,NA,NA,NA,NA,"NotAType",NA,"BISH",NA
"1090261517","Metrosideros waialealae (Rock) Rock","Perlman, S.P. Oppenheimer, H.","Collector Number: 20433",2007,"2007-06-08","Hawaii","West Kawela gulch, below Puu o Kaeha","West Kawela gulch, below Puu o Kaeha",21.3456,-157.162,NA,NA,"3720 ft","Metrosideros fauriei, Leptecophylla, Dubautia linearis, Scaevola chamissoniana, Sadleria cyatheoides, Nestegis sandwicensis, Coprosma foliosa, Melinis minutiflora",NA,NA,NA,NA,NA,NA,NA,NA,NA,"BPBM","BISH"
"1319905624","Metrosideros waialealae (Rock) Rock","S. P. Perlman & H. L. Oppenheimer","20433",2007,"2007-06-08","Hawaii","West Kawela gulch, below Puu o Kaeha.",NA,21.6884,-156.549,NA,1134,NA,NA,NA,NA,NA,NA,NA,NA,NA,NA,NA,"US","US"
"3751288022","Metrosideros polymorpha Gaudich.","Cliff Morden; J. Birch","2183",2007,"2007-06-22","Hawaii","Hanalilolilo trail up from lookout over Waikolu Gulch.",NA,NA,NA,NA,1173.5,"3700-4000 ft.",NA,"Red flowers, long stamens, petiole, big leaf",NA,NA,NA,NA,NA,NA,NA,NA,"HAW",NA
"3751288023","Metrosideros polymorpha Gaudich.","Clifford W. Morden; J. Birch","2184",2007,"2007-06-22","Hawaii","Molokai, Hanalilolilo trail up from lookout over Waikolu Gulch.",NA,NA,NA,NA,1173.5,"3700-4000 ft",NA,"Salmon orange flowers, short stemens, no petiole, small leaf",NA,NA,NA,NA,"Cliff Morden",NA,NA,NA,"HAW",NA
"5956159150","Metrosideros waialealae (Rock) Rock","Perlman, S.; Oppenheimer, H.L.","20433",2007,"2007-06-08","Hawaii","West Kawela gulch, below Puu o Kaeha",NA,NA,NA,NA,1134,"3720 ft","Metrosideros fauriei, Leptecophylla, Dubautia linearis, Scaevola chamissoniana, Sadleria cyatheoides, Nestegis sandwicensis, Coprosma foliosa, Melinis minutiflora",NA,NA,NA,NA,NA,NA,NA,"NotAType",NA,"BISH",NA
"1090379265","Metrosideros polymorpha Gaudich.","Wood, K.R. Query, M.","Collector Number: 12478",2007,"2007-07-31","Hawaii","Kalalau Valley, N side, E of Keanapuka Falls","Kalalau Valley, N side, E of Keanapuka Falls",NA,NA,NA,NA,"2450 ft","matting fern ridge, along drainage; Dicranopteris, Diplopterygium, Santalum freycinetianum, Kadua affinis, Coprosma waimeae, Metrosideros polymorpha, Dodonaea viscosa, Dianella sandwicensis, Pteridium decompositum, Scaevola procera, Xylosma hawaiiense, Psychotria mariniana, Ilex anomala, Bobea elatior, Pouteria sandwicensis, Syzygium sandwicensis","8 m tree; bark gray brown, scaly",NA,NA,NA,NA,NA,NA,NA,NA,"BPBM","BISH"
"1318716026","Metrosideros rugosa A.Gray","D. Harbaugh & K. Mailheu","200",2007,"2007-07-17","Hawaii","Schofield-Barracks, Schofield-Waikane Trail, on ridge near Koolau summit",NA,20.5075,-157.938,NA,569,NA,NA,NA,NA,NA,NA,NA,NA,NA,NA,NA,"US","US"
"5956464689","Metrosideros polymorpha Gaudich.","Wood, K.R.; Query, M.","12478",2007,"2007-07-31","Hawaii","Kalalau Valley, N side, E of Keanapuka Falls",NA,NA,NA,NA,747,"2450 ft","matting fern ridge, along drainage; Dicranopteris, Diplopterygium, Santalum freycinetianum, Kadua affinis, Coprosma waimeae, Metrosideros polymorpha, Dodonaea viscosa, Dianella sandwicensis, Pteridium decompositum, Scaevola procera, Xylosma hawaiiense, Psychotria mariniana, Ilex anomala, Bobea elatior, Pouteria sandwicensis, Syzygium sandwicensis","M: 0435137 - 2450749; 8 m tree; bark gray brown, scaly",NA,NA,NA,NA,NA,NA,"NotAType",NA,"BISH",NA
"1090291707","Metrosideros polymorpha Gaudich.","Wood, K.R. Holmes, N.","Collector Number: 12494",2007,"2007-08-09","Hawaii","N side of Kalalau Valley, E of Keanapuka Falls,","N side of Kalalau Valley, E of Keanapuka Falls,",NA,NA,NA,NA,"680 m","20 - 90 % open fernland of Dicranopteris and Diplopterygium on moderate to steep mesic ridges and slopes with Pteridium aquilinum var decompositum, Cibotium nealiae, Nephrolepis exaltata subsp. hawaiiensis, Sphenomeris chinensis, Doodia kunthiana, and Lycopodiella cernua and 5 - 30 % cover of native shrubs and trees, Metrosideros polymorpha, Santalum, Scaevola","Tree, 12 m tall, below ridge and entering gluch forest, bark peeling gray-brown, stamens red, l;vs large.",NA,NA,NA,NA,NA,NA,NA,NA,"BPBM","BISH"
"1322625644","Metrosideros polymorpha Gaudich.","K. R. Wood & N. Holmes","12494",2007,"2007-08-09","Hawaii","North side of Kalalau Valley, east of Keanapuka Falls.",NA,NA,NA,NA,680,NA,NA,NA,NA,NA,NA,NA,NA,NA,NA,NA,"US","US"
"5956389418","Metrosideros polymorpha Gaudich.","Wood, K.R.; Holmes, N.","12494",2007,"2007-08-09","Hawaii","N side of Kalalau Valley, E of Keanapuka Falls,",NA,NA,NA,NA,680,"680 m","20 - 90 % open fernland of Dicranopteris and Diplopterygium on moderate to steep mesic ridges and slopes with Pteridium aquilinum var decompositum, Cibotium nealiae, Nephrolepis exaltata subsp. hawaiiensis, Sphenomeris chinensis, Doodia kunthiana, and Lycopodiella cernua and 5 - 30 % cover of native shrubs and trees, Metrosideros polymorpha, Santalum, Scaevola","National Tropical Botanical Garden Herbarium (PTBG)| M: 0435522 - 2451367; Tree, 12 m tall, below ridge and entering gluch forest, bark peeling gray-brown, stamens red, l;vs large.",NA,NA,NA,NA,NA,NA,"NotAType",NA,"BISH",NA
"1090205718","Metrosideros waialealae (Rock) Rock","Oppenheimer, H.L.","Collector Number: H30608",2006,"2006-03-11","Hawaii","W Maui, Lahaina District, slopes of Hale Pohaku on SE rim of Olowalu Valley","W Maui, Lahaina District, slopes of Hale Pohaku on SE rim of Olowalu Valley",NA,NA,NA,NA,"3100 ft","On steep slopes in Dry Shrubland. Vegetation: Metrosideros polymorpha vars. glaberrima & incana, Leptecophylla, Dodonaea, Osteomeles, Schiedea, Bidens, Lipochaeta, Luzula, Polypodium, Eragrostis, Psilotum, Carex, Sphenomeris.",NA,NA,NA,NA,NA,"B.Kennedy","2006-01-01T00:00:00",NA,NA,"BPBM","BISH"
"5956160729","Metrosideros waialealae (Rock) Rock","Oppenheimer, H.L.","H30608",2006,"2006-03-11","Hawaii","W Maui, Lahaina District, slopes of Hale Pohaku on SE rim of Olowalu Valley",NA,NA,NA,NA,945,"3100 ft","On steep slopes in Dry Shrubland. Vegetation: Metrosideros polymorpha vars. glaberrima & incana, Leptecophylla, Dodonaea, Osteomeles, Schiedea, Bidens, Lipochaeta, Luzula, Polypodium, Eragrostis, Psilotum, Carex, Sphenomeris.","Uncommon. NAD 83 Northing: 2306091 Easting: 751089.66.",NA,NA,NA,NA,"Kennedy, B.",NA,"NotAType",NA,"BISH",NA
"1090339384","Metrosideros polymorpha Gaudich.","Reynolds, L.S. Zoll, M.; Devrell, J.","Collector Number: 64a",2006,"2006-05-31","Hawaii","Kipapa Trail, 130 m from boundary, upslope on S side of trail","Kipapa Trail, 130 m from boundary, upslope on S side of trail",NA,NA,NA,NA,"450 m","disturbed wet lowland forest; Metrosideros, Acacia, Dicranopteris","~10 m tree; bark light brownish gray, rough, cracked and peeling",NA,NA,NA,NA,"BISH staff","2008-01-01T00:07:58",NA,NA,"BPBM","BISH"
"5956423127","Metrosideros polymorpha Gaudich.","Reynolds, L.S.; Zoll, M.; Devrell, J.","64a",2006,"2006-05-31","Hawaii","Kipapa Trail, 130 m from boundary, upslope on S side of trail",NA,NA,NA,NA,450,"450 m","disturbed wet lowland forest; Metrosideros, Acacia, Dicranopteris","very common | UTM 609709.2E, 2374138.6N; ~10 m tree; bark light brownish gray, rough, cracked and peeling",NA,NA,NA,NA,"BISH staff","2008-06-20T17:41:26","NotAType",NA,"BISH",NA
"1090278796","Metrosideros tremuloides (A.Heller) Knuth","Reynolds, L.S.","Collector Number: 175b",2006,"2006-06-23","Hawaii","Kipapa Trail, ~1 mi. from refuge boundary, N side of trail","Kipapa Trail, ~1 mi. from refuge boundary, N side of trail",NA,NA,NA,NA,"486 m","wet lowland forest; Metrosideros, Acacia, Dicranopteris","~2.25 m tree, spindly; petioles red; galls on more than half the leaves",NA,NA,NA,NA,"B.Kennedy","2007-01-01T00:00:00",NA,NA,"BPBM","BISH"
"1090300828","Metrosideros polymorpha Gaudich.","Oppenheimer, H.L.","Collector Number: H60618",2006,"2006-06-08","Hawaii","East Maui, Hana District, S slope of Kuiki, E of Kaupo Gap, headwaters of Healani Stream","E Maui, Hana District, S slope of Kuiki, E of Kaupo Gap, headwaters of Healani Stream",20.6956,-156.136,NA,NA,"6000 ft","In upper Montane Wet Forest dominated by Metrosideros polymorpha var. polymorpha and occasional M. polymorpha var. glaberrima. Metrosideros polymorpha var. incana uncommon.","Single 3m tall tree with unusually large leaves observed.",NA,NA,NA,NA,"D. Frohlich","2007-09-01T00:00:00",NA,NA,"BPBM","BISH"
"1090306232","Metrosideros polymorpha Gaudich.","Reynolds, L.S. Lynch, S.; Ryder, M.","Collector Number: 148b",2006,"2006-06-20","Hawaii","Kipapa Trail, N side, W slope of finger","Kipapa Trail, N side, W slope of finger",NA,NA,NA,NA,"457 m","disturbed wet lowland forest; Metrosideros, Acacia, Dicranopteris","~7.5 m tree; leaves coriaceous, margins revolute, abaxial surface pubescent, white hairs; flower red, abundant; dried seed capsules",NA,NA,NA,NA,"B.Kennedy","2007-01-01T00:00:00",NA,NA,"BPBM","BISH"
"5956160747","Metrosideros tremuloides (A.Heller) Knuth","Reynolds, L.S.","175b",2006,"2006-06-23","Hawaii","Kipapa Trail, ~1 mi from refuge boundary, N side of trail",NA,NA,NA,NA,486,"486 m","wet lowland forest; Metrosideros, Acacia, Dicranopteris","moderately common| UTM 611113.54E, 2374388.85N; ~2.25 m tree, spindly; petioles red; galls on more than half the leaves",NA,NA,NA,NA,"Kennedy, B.","2007-01-01T00:00:00","NotAType",NA,"BISH",NA
"5956652788","Metrosideros polymorpha Gaudich.","Reynolds, L.S.; Lynch, S.; Ryder, M.","148b",2006,"2006-06-20","Hawaii","Kipapa Trail, N side, W slope of finger",NA,NA,NA,NA,457,"457 m","disturbed wet lowland forest; Metrosideros, Acacia, Dicranopteris","common| UTM 610201.83E, 2374371.1N; ~7.5 m tree; leaves coriaceous, margins revolute, abaxial surface pubescent, white hairs; flower red, abundant; dried seed capsules",NA,NA,NA,NA,"Kennedy, B.",NA,"NotAType",NA,"BISH",NA
"5956672326","Metrosideros polymorpha Gaudich.","Oppenheimer, H.L.","H60618",2006,"2006-06-08","Hawaii","East Maui, Hana District, S slope of Kuiki, E of Kaupo Gap, headwaters of Healani Stream",NA,NA,NA,NA,1829,"6000 ft","In upper Montane Wet Forest dominated by Metrosideros polymorpha var. polymorpha and occasional M. polymorpha var. glaberrima. Metrosideros polymorpha var. incana uncommon.","Single 3m tall tree with unusually large leaves observed.",NA,NA,NA,NA,"Frohlich, D.",NA,"NotAType",NA,"BISH",NA
"1090237465","Metrosideros macropus Hook. & Arn.","Reynolds, L.S.","Collector Number: 220a",2006,"2006-07-20","Hawaii","Kipapa Trail, ~2 mi. from boundary, N side of trail","Kipapa Trail, ~2 mi. from boundary, N side of trail",NA,NA,NA,NA,"534 m","disturbed wet lowland forest; Metrosideros, Acacia, Dicranopteris","~2.25 m tree, moderately branched; flower red; bracts pale yellow green; capsules immature and dehisced",NA,NA,NA,NA,"BISH staff","2008-01-01T00:00:00",NA,NA,"BPBM","BISH"
"3762875356","Metrosideros waialealae (Rock) Rock",NA,NA,2006,"2006-07-05","Hawaii","Limahuli, Kauai",NA,22.22011,-159.57596,NA,24,NA,"Subtropical Wet Forest, soil order: Inceptisol","03037; Tree",NA,NA,NA,NA,NA,NA,NA,NA,"ASU","Plants"
"5956440617","Metrosideros macropus Hook. & Arn.","Reynolds, L.S.","220a",2006,"2006-07-20","Hawaii","Kipapa Trail, ~2 mi from boundary, N side of trail",NA,NA,NA,NA,534,"534 m","disturbed wet lowland forest; Metrosideros, Acacia, Dicranopteris","uncommon to moderately common, several seen| UTM 612258.94E, 2374695.27N; ~2.25 m tree, moderately branched; flower red; bracts pale yellow green; capsules immature and dehisced",NA,NA,NA,NA,"BISH staff",NA,"NotAType",NA,"BISH",NA
"3059681971","Metrosideros kermadecensis W.R.B.Oliv.","K. Peek","PDR 1343884",2006,"2006-10-10","California","Ballena Blvd. near Central Ave. Alameda.",NA,37.82,-122.34,NA,5,NA,"Street tree","tree",NA,NA,NA,NA,"G.F. Hrusa",NA,NA,"Standard sheet","CDA",NA
"3465134629","Metrosideros excelsa Sol. ex Gaertn.","Dean Kelch","s.n.",2006,"2006-10-16","California","Ex hort., Street tree, Ballena Blvd, near Central Avenue, Alameda",NA,37.81833,-122.34389,NA,NA,NA,NA,"Peek PDR 1343884",NA,NA,"FFL",NA,NA,NA,NA,NA,"SD",NA
"3751288039","Metrosideros polymorpha Gaudich.","Clifford W. Morden","1868",2005,"2005-01-07","Hawaii","Lihue, Kauai: Kilohana. Alakai Swamp Trail near overlook",NA,NA,NA,NA,NA,NA,"plants in bog","only 2 ft. tall",NA,NA,NA,NA,NA,NA,NA,NA,"HAW",NA
"3751298579","Metrosideros polymorpha Gaudich.","Susan Ching-Harbin; Joanne Birch","SCH113",2005,"2005-02-22","Hawaii","Waiheʻe Ridge",NA,NA,NA,NA,NA,NA,NA,"Collected for the Hawaiian Plant DNA library",NA,NA,NA,NA,"Dr. Cliff Morden","2005-02-22T00:00:00",NA,NA,"HAW",NA
"1090180211","Metrosideros waialealae (Rock) Rock","Wysong, M.L.","Collector Number: 721",2005,"2005-03-28","Hawaii","Kalaupapa National Historical Park Waikolu ridge abovce forest bird staion 2","kalaupapa national historical park molokai hawaii waikolu ridge abovce forest bird staion 2",NA,NA,NA,NA,NA,"M:nt,xt(xg,xs)","small tree,ocassional in mixed alien and native mesic zone",NA,NA,NA,NA,"N. Snow","2011-04-18T00:00:00",NA,NA,"BPBM","BISH"
"1090250920","Metrosideros polymorpha Gaudich.","Wysong, M.L.","Collector Number: 709",2005,"2005-03-24","Hawaii","Kalaupapa National Historical Park; Puu Alii 2, near cabin","Molokai; Kalaupapa National Historical Park; Pu`u Ali`i 2, near cabin",NA,NA,NA,NA,NA,NA,"medium-sized tree; abundant",NA,NA,NA,NA,"S.A.James","2011-01-01T00:00:00",NA,NA,"BPBM","BISH"
"1090349265","Metrosideros polymorpha Gaudich.","Wysong, M.L.","Collector Number: 710",2005,"2005-03-24","Hawaii","Kalaupapa National Historical Park; Puu Alii 2; near cabin","Molokai; Kalaupapa National Historical Park; Puu Alii 2; near cabin",NA,NA,NA,NA,NA,NA,"medium-sized tree; abundant",NA,NA,NA,NA,"S.A.James","2011-01-01T00:00:00",NA,NA,"BPBM","BISH"
"1318388861","Metrosideros waialealae (Rock) Rock","K. R. Wood, G. Hughes, M. Wysong & J. Espaniola","11174",2005,"2005-03-31","Hawaii","Waikolu Valley, middle western side of valley along mesic ridge",NA,NA,NA,NA,305,NA,"relic mesic forest stand",NA,NA,NA,NA,NA,NA,NA,NA,NA,"US","US"
"1318511001","Metrosideros polymorpha var. polymorpha","W. L. Wagner, D. H. Lorence, K. R. Wood & D. Burney","7031",2005,"2005-03-19","Hawaii","N Saddle Road. Open lava.",NA,19.6949,-155.391,NA,1836,NA,NA,NA,NA,NA,NA,NA,NA,NA,NA,NA,"US","US"
"1319340084","Metrosideros polymorpha Gaudich.","K. R. Wood, D. H. Lorence, D. Burney & W. L. Wagner","11155",2005,"2005-03-20","Hawaii","Slopes of Manua Kea, along saddle-road.",NA,NA,NA,NA,1189,NA,NA,NA,NA,NA,NA,NA,NA,NA,NA,NA,"US","US"
"1321424555","Metrosideros polymorpha var. incana (H.Lév.) Skottsb.","K. R. Wood, D. H. Lorence, D. Burney & W. L. Wagner","11154",2005,"2005-03-20","Hawaii","Slopes of Mauna Kea, along saddle-road.",NA,NA,NA,NA,1189,NA,NA,NA,NA,NA,NA,NA,NA,NA,NA,NA,"US","US"
"1322327503","Metrosideros polymorpha Gaudich.","K. R. Wood, G. Hughes, M. Wysong & J. Espaniola","11171",2005,"2005-03-31","Hawaii","Waikolu Valley, middle western side of valley along mesic ridge",NA,NA,NA,NA,305,NA,NA,NA,NA,NA,NA,NA,NA,NA,NA,NA,"US","US"
"1322688256","Metrosideros waialealae (Rock) Rock","K. R. Wood, G. Hughes, M. Wysong & J. Espaniola","307",2005,"2005-03-29","Hawaii",NA,NA,NA,NA,NA,570,NA,"Mixed mesic forest",NA,NA,NA,NA,NA,NA,NA,NA,NA,"US","US"
"2242353101","Metrosideros polymorpha Gaudich.","Jennifer Ramp","18",2005,"2005-03-13","Hawaii","Thurston, Hawaii Volcanoes National Park",NA,19.417083,-155.229861,NA,1175,"3855'",NA,"Collections for post-doc project, examining community-level genetic diversity along a chronosequence at Long Substrate Age Gradient.; Pubescent.",NA,NA,NA,NA,NA,NA,NA,NA,"DBG","KHD"
"2242353139","Metrosideros polymorpha Gaudich.","Jennifer Ramp","17",2005,"2005-03-13","Hawaii","Thurston, Hawaii Volcanoes National Park",NA,19.417083,-155.229861,NA,1175,"3855'",NA,"Collections for post-doc project, examining community-level genetic diversity along a chronosequence at Long Substrate Age Gradient.; Pubescent.",NA,NA,NA,NA,NA,NA,NA,NA,"DBG","KHD"
"2242353148","Metrosideros polymorpha Gaudich.","Jennifer Ramp","20",2005,"2005-03-14","Hawaii","Laupahoehoe Forest Reserve",NA,19.9315,-155.302806,NA,1242,"4074'",NA,"Collections for post-doc project, examining community-level genetic diversity along a chronosequence at Long Substrate Age Gradient. Collection exposed to flooding prior to deposition, and treated for mold with 70% ethanol on May 22nd, 2019. Remediation at Kathryn Kalmbach Herbarium (KHD).",NA,NA,"Vegetative",NA,NA,NA,NA,NA,"DBG","KHD"
"2242353161","Metrosideros polymorpha Gaudich.","Jennifer Ramp","1",2005,"2005-03-13","Hawaii","Thurston, Hawaii Volcanoes National Park",NA,19.417083,-155.229861,NA,1175,"3855'",NA,"Collections for post-doc project, examining community-level genetic diversity along a chronosequence at Long Substrate Age Gradient. Collection exposed to flooding prior to deposition, and treated for mold with 70% ethanol on May 22nd, 2019. Remediation at Kathryn Kalmbach Herbarium (KHD).",NA,NA,NA,NA,NA,NA,NA,NA,"DBG","KHD"
"2242353175","Metrosideros polymorpha Gaudich.","Jennifer Ramp","2",2005,"2005-03-13","Hawaii","Thurston, Hawaii Volcanoes National Park",NA,19.417083,-155.229861,NA,1175,"3855'",NA,"Collections for post-doc project, examining community-level genetic diversity along a chronosequence at Long Substrate Age Gradient.",NA,NA,NA,NA,NA,NA,NA,NA,"DBG","KHD"
"2242353218","Metrosideros polymorpha Gaudich.","Jennifer Ramp","16",2005,"2005-03-13","Hawaii","Thurston, Hawaii Volcanoes National Park",NA,19.417083,-155.229861,NA,1175,"3855'",NA,"Collections for post-doc project, examining community-level genetic diversity along a chronosequence at Long Substrate Age Gradient.; Pubescent.",NA,NA,NA,NA,NA,NA,NA,NA,"DBG","KHD"
"2242353239","Metrosideros polymorpha Gaudich.","Jennifer Ramp","45",2005,"2005-03-16","Hawaii","Nature Conservancy Kamakou Preserve, Kolekole site.",NA,21.105056,-156.896861,NA,1258,"4127'",NA,"Collections for post-doc project, examining community-level genetic diversity along a chronosequence in Hawaii.",NA,NA,NA,NA,NA,NA,NA,NA,"DBG","KHD"
"2242353323","Metrosideros polymorpha Gaudich.","Jennifer Ramp","31",2005,"2005-03-15","Hawaii","Kohala Forest Reserve",NA,20.051008,-155.684566,NA,1122,NA,NA,"Collections for post-doc project, examining community-level genetic diversity along a chronosequence at Long Substrate Age Gradient.",NA,NA,NA,NA,NA,NA,NA,NA,"DBG","KHD"
"2242353364","Metrosideros polymorpha Gaudich.","Jennifer Ramp","19",2005,"2005-03-14","Hawaii","Laupahoehoe Forest Reserve",NA,19.9315,-155.302806,NA,1242,"4074'",NA,"Collections for post-doc project, examining community-level genetic diversity along a chronosequence at Long Substrate Age Gradient. Collection exposed to flooding prior to deposition, and treated for mold with 70% ethanol on May 22nd, 2019. Remediation at Kathryn Kalmbach Herbarium (KHD).",NA,NA,"Vegetative",NA,NA,NA,NA,NA,"DBG","KHD"
"2242353375","Metrosideros polymorpha Gaudich.","Jennifer Ramp","32",2005,"2005-03-15","Hawaii","Kohala Forest Reserve",NA,20.051008,-155.684566,NA,1122,NA,NA,"Collections for post-doc project, examining community-level genetic diversity along a chronosequence at Long Substrate Age Gradient.",NA,NA,NA,NA,NA,NA,NA,NA,"DBG","KHD"
"2242353377","Metrosideros waialealae (Rock) Rock","Jennifer Ramp","46",2005,"2005-03-16","Hawaii","Nature Conservancy Kamakou Preserve, Kolekole site.",NA,21.105056,-156.896861,NA,1258,"4127'",NA,"Collections for post-doc project, examining community-level genetic diversity along a chronosequence at Long Substrate Age Gradient.",NA,NA,NA,NA,NA,NA,NA,NA,"DBG","KHD"
"2242353400","Metrosideros polymorpha Gaudich.","Jennifer Ramp","3",2005,"2005-03-13","Hawaii","Thurston, Hawaii Volcanoes National Park",NA,19.417083,-155.229861,NA,1175,"3855'",NA,"Collections for post-doc project, examining community-level genetic diversity along a chronosequence at Long Substrate Age Gradient.",NA,NA,NA,NA,NA,NA,NA,NA,"DBG","KHD"
"3775729417","Metrosideros polymorpha Gaudich.","Jennifer Ramp","1",2005,"2005-03-13","Hawaii","Thurston, Hawaii Volcanoes National Park",NA,19.417083,-155.229861,NA,1175,"3855'",NA,"Collections for post-doc project, examining community-level genetic diversity along a chronosequence at Long Substrate Age Gradient. Collection exposed to flooding prior to deposition, and treated for mold with 70% ethanol on May 22nd, 2019. Remediation at Kathryn Kalmbach Herbarium (KHD).",NA,NA,"Vegetative",NA,NA,NA,NA,NA,"DBG","KHD"
"5956520697","Metrosideros waialealae (Rock) Rock","Wysong, M.L.","721",2005,"2005-03-28","Hawaii","Kalaupapa National Historical Park Waikolu ridge abovce forest bird staion 2",NA,NA,NA,NA,NA,NA,"M:nt,xt(xg,xs)","kala 13635; small tree,ocassional in mixed alien and native mesic zone",NA,NA,NA,NA,"Snow, N.",NA,"NotAType",NA,"BISH",NA
"5956539292","Metrosideros polymorpha Gaudich.","Wysong, M.L.","709",2005,"2005-03-24","Hawaii","Kalaupapa National Historical Park; Puu Alii 2, near cabin",NA,NA,NA,NA,NA,NA,NA,"W:Me, nt(ns/mf); KALA 13618; medium-sized tree; abundant",NA,NA,NA,NA,"James, S.A.","2011-01-01T00:00:00","NotAType",NA,"BISH",NA
"5956610349","Metrosideros polymorpha Gaudich.","Wysong, M.L.","710",2005,"2005-03-24","Hawaii","Kalaupapa National Historical Park; Puu Alii 2; near cabin",NA,NA,NA,NA,NA,NA,NA,"W:Me, nt(ns/mf); KALA 13619; medium-sized tree; abundant",NA,NA,NA,NA,"James, S.A.","2011-01-01T00:00:00","NotAType",NA,"BISH",NA
"1090332235","Metrosideros polymorpha var. polymorpha","Wood, K.R.","Collector Number: 11250",2005,"2005-04-26","Hawaii","Kalaupapa National Historical Park puu ali'I 2 southwestern section of NAR","kalaupapa national historical park molokai hawaii pu'u ali'I 2 southwestern section of NAR",NA,NA,NA,NA,"1228 m","small bog,open1-2 m space tall stunted metrosider","shrub,1 m tall thickly branched, leaves dark green above, revolutewith white -gray oppressed pubescence below,common with M",NA,NA,NA,NA,"N. Snow","2011-04-18T00:00:00",NA,NA,"BPBM","BISH"
"1321031837","Metrosideros polymorpha var. polymorpha","K. R. Wood & J. Espaniola","11259",2005,"2005-04-26","Hawaii","Puu Alii NAR, small bog in southwestern section of reserve",NA,NA,NA,NA,1228,NA,NA,NA,NA,NA,NA,NA,NA,NA,NA,NA,"US","US"
"1321815370","Metrosideros polymorpha var. polymorpha","K. R. Wood & J. Espaniola","11250",2005,"2005-04-26","Hawaii","Puu Alii NAR, small bog in southwestern section of reserve.",NA,NA,NA,NA,1228,NA,NA,NA,NA,NA,NA,NA,NA,NA,NA,NA,"US","US"
"2422408930","Metrosideros kermadecensis W.R.B.Oliv.","A.C. Sanders; Lee Jones","29364",2005,"2005-04-08","California","Palos Verdes Peninsula, old Marineland site on Long Point and bluffs toward Pt. Vicente",NA,33.73889,-118.39944,NA,2,NA,"Mostly disturbed areas, but also native bluff scrub and rocky strand; many ornamentals persisting without care since 1987.","Persisting trees c. 7-8 m high.",NA,NA,"Fruiting",NA,NA,NA,NA,NA,"UCR",NA
"2430543208","Metrosideros kermadecensis W.R.B.Oliv.","A. C. Sanders; Lee Jones","29364",2005,"2005-04-08","California","South Coast: Palos Verdes Peninsula, old Marineland site on Long Point and bluffs toward Pt. Vicente.; Redondo Beach 7.5'",NA,33.738889,-118.399444,NA,22.5,"5-140ft.","Mostly disturbed areas, but also native bluff scrub and rocky strand; many ornamentals persisting without care since 1987.","Persisting trees ca. 7-8 m high.",NA,NA,"flowers",NA,NA,NA,NA,"herbarium sheet","RSA","RSA"
"5956444156","Metrosideros polymorpha var. polymorpha","Wood, K.R.","11250",2005,"2005-04-26","Hawaii","Kalaupapa National Historical Park Puu Alii 2 southwestern section of NAR",NA,NA,NA,NA,1228,"1228 m","small bog,open1-2 m space tall stunted metrosider","kala 13729; shrub,1 m tall thickly branched, leaves dark green above, revolutewith white -gray oppressed pubescence below,common with M",NA,NA,NA,NA,"Snow, N.",NA,"NotAType",NA,"BISH",NA
"1090176502","Metrosideros polymorpha var. pumila (A.Heller) J.W.Dawson & Stemmerm.","Wright, M.E. Ranker, T.","Collector Number: 8",2005,"2005-06-29","Hawaii","Land and Pineapple Reserve, Puu Kukui","Maui; Land and Pineapple Reserve, Puu Kukui",20.9106,-156.592,NA,NA,"900-1000 m","bog","terrestrial",NA,NA,NA,NA,NA,NA,NA,NA,"BPBM","BISH"
"1090201701","Metrosideros polymorpha var. pseudorugosa Skottsb.","Wright, M.E. Ranker, T.","Collector Number: 6",2005,"2005-06-29","Hawaii","Land and Pineapple Reserve, Puu Kukui","Maui; Land and Pineapple Reserve, Puu Kukui",20.8958,-156.588,NA,NA,"1636 m","bog","terrestrial",NA,NA,NA,NA,NA,NA,NA,NA,"BPBM","BISH"
"1090228856","Metrosideros polymorpha var. pumila (A.Heller) J.W.Dawson & Stemmerm.","Wright, M.E. Ranker, T.","Collector Number: 4",2005,"2005-06-28","Hawaii","Kohala Mts., Puu o Umi NAR","Hawaii; Kohala Mts., Puu o Umi NAR",20.0907,-155.693,NA,NA,"1335 m","bog","terrestrial",NA,NA,NA,NA,NA,NA,NA,NA,"BPBM","BISH"
"1090241167","Metrosideros polymorpha Gaudich.","Wright, M.E. Ranker, T.","Collector Number: 9",2005,"2005-06-29","Hawaii","Land and Pineapple Reserve, Puu Kukui","Maui; Land and Pineapple Reserve, Puu Kukui",20.9114,-156.592,NA,NA,"900-1000 m","native forest","terrestrial",NA,NA,NA,NA,NA,NA,NA,NA,"BPBM","BISH"
"1090247179","Metrosideros polymorpha var. macrophylla (Rock) H.St.John","Wright, M.E. Ranker, T.","Collector Number: 7",2005,"2005-06-29","Hawaii","Land and Pineapple Reserve, Puu Kukui","Maui; Land and Pineapple Reserve, Puu Kukui",20.9031,-156.592,NA,NA,"850-950 m","native forest","terrestrial",NA,NA,NA,NA,NA,NA,NA,NA,"BPBM","BISH"
"1090288795","Metrosideros polymorpha var. pumila (A.Heller) J.W.Dawson & Stemmerm.","Wright, M.E. Ranker, T.","Collector Number: 1",2005,"2005-06-26","Hawaii","Mt Kaala NAR","Oahu; Mt Kaala NAR",21.5108,-158.145,NA,NA,"1227 m","bog","terrestrial, shrub",NA,NA,NA,NA,NA,NA,NA,NA,"BPBM","BISH"
"1090336639","Metrosideros polymorpha Gaudich.","Wright, M.E. Ranker, T.","Collector Number: 3",2005,"2005-06-26","Hawaii","Mt Kaala NAR, off the road to the summit","Oahu; Mt Kaala NAR, off the road to the summit",21.5108,-158.145,NA,NA,"1000-1227 m","mixed native/exotic forest","terrestrial",NA,NA,NA,NA,NA,NA,NA,NA,"BPBM","BISH"
"1090350641","Metrosideros rugosa A.Gray","Wright, M.E. Ranker, T.","Collector Number: 2",2005,"2005-06-26","Hawaii","Mt Kaala NAR","Oahu; Mt Kaala NAR",21.5108,-158.145,NA,NA,"1227 m","bog","terrestrial",NA,NA,NA,NA,NA,NA,NA,NA,"BPBM","BISH"
"1090354806","Metrosideros polymorpha Gaudich.","Wright, M.E. Ranker, T.","Collector Number: 5",2005,"2005-06-28","Hawaii","Kohala Mts., Puu o Umi NAR","Hawaii; Kohala Mts., Puu o Umi NAR",20.0907,-155.693,NA,NA,"1335 m","native forest","terrestrial",NA,NA,NA,NA,NA,NA,NA,NA,"BPBM","BISH"
"1090378556","Metrosideros polymorpha Gaudich.","Wagner, W.L. et al.","Collector Number: 7044",2005,"2005-06-23","Hawaii","Lihue-Koloa FR, N of water tank for Kahili Mt. Park","Kauai, Lihue-Koloa FR, N of water tank for Kahili Mt. Park",21.9643,-159.484,NA,NA,NA,"secondary vegetation",NA,NA,NA,NA,NA,NA,NA,NA,NA,"BPBM","BISH"
"1321258815","Metrosideros polymorpha Gaudich.","W. L. Wagner, T. W. Flynn, D. H. Lorence, B. Nishek & J. Lau","7042",2005,"2005-06-23","Hawaii","Lihue-Koloa Forest Reserve. Secondary vegetation, N of watertank for Kahili Mtn. Park.",NA,21.9643,-159.484,NA,274,NA,NA,NA,NA,NA,NA,NA,NA,NA,NA,NA,"US","US"
"1322035687","Metrosideros polymorpha Gaudich.","W. L. Wagner, T. W. Flynn, D. H. Lorence, B. Nishek & J. Lau","7044",2005,"2005-06-23","Hawaii","Lihue-Koloa Forest Reserve. Secondary vegetation, N of watertank for Kahili Mtn. Park.",NA,21.9643,-159.484,NA,274,NA,NA,NA,NA,NA,NA,NA,NA,NA,NA,NA,"US","US"
"5956146378","Metrosideros polymorpha Gaudich.","Wright, M.E.; Ranker, T.","5",2005,"2005-06-28","Hawaii","Kohala Mts., Puu o Umi NAR",NA,NA,NA,NA,1335,"1335 m","native forest","terrestrial",NA,NA,NA,NA,NA,NA,"NotAType",NA,"BISH",NA
"5956160299","Metrosideros polymorpha var. pseudorugosa Skottsb.","Wright, M.E.; Ranker, T.","6",2005,"2005-06-29","Hawaii","Land and Pineapple Reserve, Puu Kukui",NA,NA,NA,NA,1636,"1636 m","bog","terrestrial",NA,NA,NA,NA,NA,NA,"NotAType",NA,"BISH",NA
"5956212219","Metrosideros polymorpha var. pumila (A.Heller) J.W.Dawson & Stemmerm.","Wright, M.E.; Ranker, T.","4",2005,"2005-06-28","Hawaii","Kohala Mts., Puu o Umi NAR",NA,NA,NA,NA,1335,"1335 m","bog","terrestrial",NA,NA,NA,NA,NA,NA,"NotAType",NA,"BISH",NA
"5956215461","Metrosideros polymorpha Gaudich.","Wright, M.E.; Ranker, T.","1",2005,"2005-06-26","Hawaii","Mt Kaala NAR",NA,NA,NA,NA,1227,"1227 m","bog","terrestrial, shrub",NA,NA,NA,NA,"Faccenda, K.","2024-01-01T00:00:00","NotAType",NA,"BISH",NA
"5956221042","Metrosideros polymorpha var. pumila (A.Heller) J.W.Dawson & Stemmerm.","Wright, M.E.; Ranker, T.","8",2005,"2005-06-29","Hawaii","Land and Pineapple Reserve, Puu Kukui",NA,NA,NA,NA,950,"900-1000 m","bog","terrestrial",NA,NA,NA,NA,NA,NA,"NotAType",NA,"BISH",NA
"5956241496","Metrosideros polymorpha var. macrophylla (Rock) H.St.John","Wright, M.E.; Ranker, T.","7",2005,"2005-06-29","Hawaii","Land and Pineapple Reserve, Puu Kukui",NA,NA,NA,NA,900,"850-950 m","native forest","terrestrial",NA,NA,NA,NA,NA,NA,"NotAType",NA,"BISH",NA
"5956283115","Metrosideros polymorpha Gaudich.","Wright, M.E.; Ranker, T.","3",2005,"2005-06-26","Hawaii","Mt Kaala NAR, off the road to the summit",NA,NA,NA,NA,1113.5,"1000-1227 m","mixed native/exotic forest","terrestrial",NA,NA,NA,NA,NA,NA,"NotAType",NA,"BISH",NA
"5956313372","Metrosideros rugosa A.Gray","Wright, M.E.; Ranker, T.","2",2005,"2005-06-26","Hawaii","Mt Kaala NAR",NA,NA,NA,NA,1227,"1227 m","bog","terrestrial",NA,NA,NA,NA,NA,NA,"NotAType",NA,"BISH",NA
"5956348197","Metrosideros polymorpha Gaudich.","Wright, M.E.; Ranker, T.","9",2005,"2005-06-29","Hawaii","Land and Pineapple Reserve, Puu Kukui",NA,NA,NA,NA,950,"900-1000 m","native forest","terrestrial",NA,NA,NA,NA,NA,NA,"NotAType",NA,"BISH",NA
"5956370337","Metrosideros polymorpha Gaudich.","Wagner, W.L.; et al.","7044",2005,"2005-06-23","Hawaii","Lihue-Koloa FR, N of water tank for Kahili Mt. Park",NA,NA,NA,NA,NA,NA,"secondary vegetation","DNA sample",NA,NA,NA,NA,NA,NA,"NotAType",NA,"BISH",NA
"1090295561","Metrosideros waialealae (Rock) Rock","Wood, K.R. Rice, R.; Boynton, D.; Query, M.","Collector Number: 11414",2005,"2005-08-04","Hawaii","Haupu","Haupu",NA,NA,NA,NA,"2200 ft","open shrub/herbland, sparse tree cover; Metrosideros polymorpha, Dicranopteris linearis, Cibotium glaucum, Sadleria pallida, Hedyotis terminalis, Psychotria mariniana, Antidesma platyphyllum, Bobea brevipes, Xylosma hawaiiense, Cheirodendron fauriei, Melicope feddei, Tetraplasandra oahuensis; wind swept ridge","1.5 m shrub; stems light brown, petioles red",NA,NA,NA,NA,NA,NA,NA,NA,"BPBM","BISH"
"1090361422","Metrosideros polymorpha var. pseudorugosa Skottsb.","Wood, K.R.","Collector Number: 11494",2005,"2005-08-24","Hawaii","Puu Kukui summit bogs","Puu Kukui summit bogs",NA,NA,NA,NA,"5700 ft","55% cover of Metrosideros polymorpha, ~25-50 cm height; shrubs of Argyroxiphium grayanum at 15% cover; Oreobolus furcatus at 5%; Coprosma ochracea, Leptecophylla tameiameiae, Vaccinium dentatum, Geranium hillebrandii, Lycopodiella cernua, Carex montis-eeka, Deschampsia nubigena, Dichanthelium cynodon, Dichanthelium hillebrandianum, Dichan","25 cm shrub, clumping; leaves strongly revolute dark green or gray or gray white",NA,NA,NA,NA,NA,NA,NA,NA,"BPBM","BISH"
"1322461566","Metrosideros polymorpha var. pseudorugosa Skottsb.","K. R. Wood","11497",2005,"2005-08-24","Hawaii","West Maui, Puu Kukui summit bogs.",NA,0,0,NA,1737,NA,"Bog",NA,NA,NA,NA,NA,NA,NA,NA,NA,"US","US"
"2242357117","Metrosideros polymorpha Gaudich.","Heraldo M. Farrington","s.n.",2005,"2005-08-03","Hawaii","Kauai Island, Napali-Kona Forest Reserve, collected at Stanford University's Long Substrate Age Gradient (LSAG) field site, Kokee Site.",NA,22.138716,-159.622986,NA,1134,NA,NA,"Collections for post-doc project by Jennifer Ramp, examining community-level genetic diversity along a chronosequence at Long Substrate Age Gradient (LSAG).",NA,NA,NA,NA,NA,NA,NA,NA,"DBG","KHD"
"5956270109","Metrosideros polymorpha var. pseudorugosa Skottsb.","Wood, K.R.","11494",2005,"2005-08-24","Hawaii","Puu Kukui summit bogs",NA,NA,NA,NA,1737,"5700 ft","55% cover of Metrosideros polymorpha, ~25-50 cm height; shrubs of Argyroxiphium grayanum at 15% cover; Oreobolus furcatus at 5%; Coprosma ochracea, Leptecophylla tameiameiae, Vaccinium dentatum, Geranium hillebrandii, Lycopodiella cernua, Carex montis-eeka, Deschampsia nubigena, Dichanthelium cynodon, Dichanthelium hillebrandianum, Dichan","common| TM: 07510 - 23119; 25 cm shrub, clumping; leaves strongly revolute dark green or gray or gray white",NA,NA,NA,NA,NA,NA,"NotAType",NA,"BISH",NA
"5956383268","Metrosideros waialealae (Rock) Rock","Wood, K.R.; Rice, R.; Boynton, D.; Query, M.","11414",2005,"2005-08-04","Hawaii","Haupu",NA,NA,NA,NA,671,"2200 ft","open shrub/herbland, sparse tree cover; Metrosideros polymorpha, Dicranopteris linearis, Cibotium glaucum, Sadleria pallida, Hedyotis terminalis, Psychotria mariniana, Antidesma platyphyllum, Bobea brevipes, Xylosma hawaiiense, Cheirodendron fauriei, Melicope feddei, Tetraplasandra oahuensis; wind swept ridge","TM: 04587 - 24245; 1.5 m shrub; stems light brown, petioles red",NA,NA,NA,NA,NA,NA,"NotAType",NA,"BISH",NA
"3751288024","Metrosideros polymorpha Gaudich.","Clifford W. Morden; T. Motley","2078",2005,"2005-11-14","Hawaii","Mauna Kea, Hawaii: above Koa'ia Preserve further up the gulch",NA,20.065055,-155.727401,NA,1372,"4500 ft.",NA,NA,NA,NA,NA,"Ohia, Sadleria, Cibotium","Cliff Morden",NA,NA,NA,"HAW",NA
"1090295038","Metrosideros polymorpha Gaudich.","Ranker, T.A. Ramp, J.M.; Klimas, S.T.","Collector Number: s.n.",2004,"2004-03-21","Hawaii","Na Pali-Kona Forest Reserve. Alakai Swamp Trail. Picnic Area at trailhead","Kauai. Na Pali-Kona Forest Reserve. Alakai Swamp Trail. Picnic Area at trailhead: ca. 22 08'01.1""N, 159 37'33.7""W, elev. ca 1120 m.",22.1336,-159.626,NA,NA,"1120 m","In forested area. Terrestrial.",NA,NA,NA,NA,NA,"Snow, N.","2010-07-30T00:00:00",NA,NA,"BPBM","BISH"
"1090316142","Metrosideros polymorpha var. pumila (A.Heller) J.W.Dawson & Stemmerm.","Ranker, T.A. Ramp, J.M.; Klimas, S.T.",NA,2004,"2004-03-21","Hawaii","Na Pali-Kona Forest Reserve, Alakai Swamp Trail. Picnic Area at trailhead","[U.S.A.; Kaua`i; Hawaii; Na Pali-Kona Forest Reserve, Alakai Swamp Trail.  Picnic Area at trailhead.]",22,-159,NA,NA,"1120 m","In boggy area",NA,NA,NA,NA,NA,"Snow, N.","2010-07-30T00:00:00",NA,NA,"BPBM","BISH"
"5956160653","Metrosideros polymorpha var. pumila (A.Heller) J.W.Dawson & Stemmerm.","Ranker, T.A.; Ramp, J.M.; Klimas, S.T.","s.n.",2004,"2004-03-21","Hawaii","Na Pali-Kona Forest Reserve, Alakai Swamp Trail. Picnic Area at trailhead",NA,22,-159,NA,1120,"1120 m","In boggy area","Terrestrial",NA,NA,NA,NA,"Snow, N.",NA,"NotAType",NA,"BISH",NA
"5956496474","Metrosideros polymorpha Gaudich.","Ranker, T.A.; Ramp, J.M.; Klimas, S.T.","s.n.",2004,"2004-03-21","Hawaii","Na Pali-Kona Forest Reserve. Alakai Swamp Trail. Picnic Area at trailhead",NA,NA,NA,NA,1120,"1120 m","In forested area. Terrestrial.",NA,NA,NA,NA,NA,"Snow, N.",NA,"NotAType",NA,"BISH",NA
"3059676014","Metrosideros kermadecensis W.R.B.Oliv.","M. O'Brien","MOB3-04",2004,"2004-05-30","California","La Piedra State Beach, just above the highest tide line. South Coast.",NA,34.04,-118.89,2000,NA,NA,NA,"tree",NA,NA,NA,NA,"D. Kelch 9/2006",NA,NA,"Standard sheet","CDA",NA
"4072884248","Metrosideros excelsa Sol. ex Gaertn.","De Langhe J.E.","15096",2004,"2004-07-05",NA,"Pa",NA,NA,NA,NA,NA,NA,NA,NA,NA,NA,NA,NA,NA,NA,NA,"HerbariumSheet","MeiseBG","BR"
"1318295443","Metrosideros waialealae var. waialealae","D. H. Lorence & W. L. Wagner","9368",2004,"2004-10-20","Hawaii","Waimea District, S rim of Kalalau Valley along Pihea trail between Pu'uo kila lookout and Pihea Peak, near 0.4 mile marker.",NA,22.15,-159.623,NA,1280,NA,NA,NA,NA,NA,NA,NA,NA,NA,NA,NA,"US","US"
"1318590936","Metrosideros polymorpha Gaudich.","D. H. Lorence, W. L. Wagner & T. W. Flynn","9371",2004,"2004-10-20","Hawaii","Waimea District, S rim of Kalalau Valley along Pihea trail between Pu'uo kila lookout and Pihea peak, near 0.75 marker.",NA,22.1525,-159.621,NA,1280,NA,NA,NA,NA,NA,NA,NA,NA,NA,NA,NA,"US","US"
"1318657191","Metrosideros polymorpha Gaudich.","W. L. Wagner, T. W. Flynn, D. H. Lorence & P. Julian","7005",2004,"2004-10-20","Hawaii","Waimea District, Kokee, Na Pali-Kona Forest Reserve, Pihea Trail.",NA,22.1485,-159.626,NA,1240,NA,NA,NA,NA,NA,NA,NA,NA,NA,NA,NA,"US","US"
"1318689840","Metrosideros polymorpha Gaudich.","W. L. Wagner, T. W. Flynn, D. H. Lorence & P. Julian","7016",2004,"2004-10-20","Hawaii","Waimea District, Kokee, Makaha Ridge road.",NA,22.1178,-159.679,NA,1040,NA,NA,NA,NA,NA,NA,NA,NA,NA,NA,NA,"US","US"
"1319082918","Metrosideros waialealae var. waialealae","D. H. Lorence, W. L. Wagner & T. W. Flynn","9375",2004,"2004-10-20","Hawaii","Waimea District, S rim of Kalalau Valley along Pihea trail between Pu'u o kila lookout and Pihea Peak, about 0.3 miles from trailhead.",NA,22.1489,-159.625,NA,1280,NA,NA,"Date corrected to 2004 using W. L. Wagner fieldnotes.",NA,NA,NA,NA,NA,NA,NA,NA,"US","US"
"1319485434","Metrosideros waialealae var. waialealae","D. H. Lorence & W. L. Wagner","9377",2004,"2004-10-20","Hawaii","Waimea District, S rim of Kalalau Valley along Pihea trail between Pu'uo kila lookout and Pihea Peak, about 3.0 miles from trailhead.",NA,22.1483,-159.627,NA,1280,NA,NA,NA,NA,NA,NA,NA,NA,NA,NA,NA,"US","US"
"1319876353","Metrosideros polymorpha Gaudich.","D. H. Lorence, W. L. Wagner & T. W. Flynn","9373",2004,"2004-10-20","Hawaii","Waimea District, S rim of Kalalau Valley along Pihea trail between Pu'uo kila lookout and Pihea peak, near 0.75 marker.",NA,22.1525,-159.621,NA,1280,NA,NA,NA,NA,NA,NA,NA,NA,NA,NA,NA,"US","US"
"1320089740","Metrosideros waialealae var. waialealae","D. H. Lorence, W. L. Wagner & T. W. Flynn","9369",2004,"2004-10-20","Hawaii","Waimea District, S rim of Kalalau Valley along Pihea trail between Pu'uo kila lookout and Pihea peak, near 0.75 marker.",NA,22.1525,-159.621,NA,1280,NA,NA,NA,NA,NA,NA,NA,NA,NA,NA,NA,"US","US"
"1320090880","Metrosideros waialealae var. waialealae","D. H. Lorence, W. L. Wagner & T. W. Flynn","9376",2004,"2004-10-20","Hawaii","Waimea District, S rim of Kalalau Valley along Pihea trail between Pu'u o kila lookout and Pihea Peak, about 0.3 miles from trailhead.",NA,22.1489,-159.625,NA,1280,NA,NA,"Date on label corrected to 2004 using W. L. Wagner fieldnotes.",NA,NA,NA,NA,NA,NA,NA,NA,"US","US"
"1320314063","Metrosideros polymorpha Gaudich.","D. H. Lorence, W. L. Wagner & T. W. Flynn","9370",2004,"2004-10-20","Hawaii","Waimea District, S rim of Kalalau Valley along Pihea trail between Pu'uo kila lookout and Pihea Peak, near 0.75 mile marker",NA,22.0025,-159.621,NA,1280,NA,NA,NA,NA,NA,NA,NA,NA,NA,NA,NA,"US","US"
"1320600429","Metrosideros polymorpha Gaudich.","D. H. Lorence, W. L. Wagner & T. W. Flynn","9374",2004,"2004-10-20","Hawaii","Waimea District, S rim of Kalalau Valley along Pihea trail between Pu'uo kila lookout and Pihea peak, near 0.75 marker.",NA,22.1525,-159.621,NA,1280,NA,NA,NA,NA,NA,NA,NA,NA,NA,NA,NA,"US","US"
"1320925909","Metrosideros polymorpha var. dieteri J.W.Dawson & Stemmerm.","W. L. Wagner, T. W. Flynn, D. H. Lorence & P. Julian","7014",2004,"2004-10-20","Hawaii","Waimea District, Kokee, Na Pali-Kona Forest Reserve, Pihea Trail.",NA,22.1485,-159.626,NA,1240,NA,NA,NA,NA,NA,NA,NA,NA,NA,NA,NA,"US","US"
"1321938786","Metrosideros polymorpha var. dieteri J.W.Dawson & Stemmerm.","W. L. Wagner, T. W. Flynn, D. H. Lorence & P. Julian","7012",2004,"2004-10-20","Hawaii","Waimea District, Kokee, Na Pali-Kona Forest Reserve, Pihea Trail.",NA,22.1485,-159.626,NA,1240,NA,NA,NA,NA,NA,NA,NA,NA,NA,NA,NA,"US","US"
"1322923079","Metrosideros polymorpha Gaudich.","D. H. Lorence, W. L. Wagner & T. W. Flynn","9372",2004,"2004-10-20","Hawaii","Waimea District, S rim of Kalalau Valley along Pihea trail between Pu'uo kila lookout and Pihea Peak, near 0.4 mile marker",NA,22.1525,-159.621,NA,1280,NA,NA,NA,NA,NA,NA,NA,NA,NA,NA,NA,"US","US"
"5912076795","Metrosideros polymorpha Gaudich.","Mike Ross","MCR 010",2004,"2004-10-24","Hawaii","Wa'ahila ridge at Kolowalo junction",NA,NA,NA,NA,NA,NA,NA,NA,NA,NA,NA,NA,"Jesse W. Adams","2017-09-18T00:00:00",NA,NA,"HAW",NA
"1090235495","Metrosideros polymorpha var. pumila (A.Heller) J.W.Dawson & Stemmerm.","Oppenheimer, H.L.","Collector Number: H60324",2003,"2003-06-27","Hawaii","W Maui, Lahaina District, Puu Kukui Trail, second bog below summit","[U.S.A.; Maui; Hawai`i; W Maui, Lahaina District, Pu`u Kukui Trail, second bog below summit.]",20.8889,-156.587,NA,NA,"5700 ft","Associated vegetation: Metrosideros polymorpha var. glaberrima, Oreobolus furcatus, Leptecophylla tameiameiae, Carex montis-eeka, Vaccinium spp., Argyroxiphium grayanum, Lobelia gloria-montis, Plantago pachyphylla, Deschampsia nubigena, Keysseria maviensis, Adenophorus montanus.",NA,NA,NA,NA,NA,"Herbst, D.R.","2003-12-01T00:00:00",NA,NA,"BPBM","BISH"
"5956446665","Metrosideros polymorpha var. pumila (A.Heller) J.W.Dawson & Stemmerm.","Oppenheimer, H.L.","H60324",2003,"2003-06-27","Hawaii","W Maui, Lahaina District, Puu Kukui Trail, second bog below summit",NA,20.888889,-156.586944,NA,1737,"5700 ft","Associated vegetation: Metrosideros polymorpha var. glaberrima, Oreobolus furcatus, Leptecophylla tameiameiae, Carex montis-eeka, Vaccinium spp., Argyroxiphium grayanum, Lobelia gloria-montis, Plantago pachyphylla, Deschampsia nubigena, Keysseria maviensis, Adenophorus montanus.","Locally common in higher bogs.",NA,NA,NA,NA,"Herbst, D.R.",NA,"NotAType",NA,"BISH",NA
"4142761331","Metrosideros polymorpha Gaudich.","D. Percy","Hi30",2003,"2003-08-18","Hawaii","TNC Kamakou Preserve",NA,21.1225,-156.917,NA,1130,NA,"Forest",NA,NA,NA,NA,NA,NA,NA,NA,NA,"US","US"
"4142765327","Metrosideros polymorpha var. incana (H.Lév.) Skottsb.","D. Percy","Hi29",2003,"2003-08-18","Hawaii","Near Heli-pad, TNC Kamakou Preserve",NA,21.1164,-156.915,NA,1135,NA,"Forest",NA,NA,NA,NA,NA,NA,NA,NA,NA,"US","US"
"4142771305","Metrosideros polymorpha Gaudich.","D. Percy","Hi25",2003,"2003-08-17","Hawaii","Near Heli-pad, TNC Kamakou Preserve",NA,21.1164,-156.915,NA,1135,NA,"Forest",NA,NA,NA,NA,NA,NA,NA,NA,NA,"US","US"
"4142774321","Metrosideros polymorpha var. polymorpha","D. Percy","Hi24",2003,"2003-08-17","Hawaii","Near Heli-pad, TNC Kamakou Preserve",NA,21.1164,-156.915,NA,1135,NA,"Forest",NA,NA,NA,NA,NA,NA,NA,NA,NA,"US","US"
"4142787326","Metrosideros polymorpha Gaudich.","D. Percy","Hi27",2003,"2003-08-17","Hawaii","Near Heli-pad, TNC Kamakou Preserve",NA,21.1164,-156.915,NA,1135,NA,NA,NA,NA,NA,NA,NA,NA,NA,NA,NA,"US","US"
"4142800349","Metrosideros polymorpha var. incana (H.Lév.) Skottsb.","D. Percy","Hi28",2003,"2003-08-18","Hawaii","Near Heli-pad, TNC Kamakou Preserve",NA,21.1164,-156.915,NA,1135,NA,"Forest",NA,NA,NA,NA,NA,NA,NA,NA,NA,"US","US"
"4142805331","Metrosideros polymorpha Gaudich.","D. Percy","Hi26",2003,"2003-08-17","Hawaii","Near Heli-pad, TNC Kamakou Preserve",NA,21.1164,-156.915,NA,1135,NA,"Forest",NA,NA,NA,NA,NA,NA,NA,NA,NA,"US","US"
"4167870310","Metrosideros polymorpha var. polymorpha","D. Percy","Hi12",2003,"2003-08-16","Hawaii","Wiliwilinui Ridge, Ko'olau Mtns.",NA,21.3164,-157.76,NA,515,NA,"Ridge top",NA,NA,NA,NA,NA,"Percy, D. M.",NA,NA,NA,"US","US"
"4167870324","Metrosideros polymorpha Gaudich.","D. Percy","Hi11",2003,"2003-08-16","Hawaii","Wiliwilinui Ridge Trail, Ko'olau Mtns.",NA,21.3183,-157.759,NA,530,NA,"Ridge top",NA,NA,NA,NA,NA,"Percy, D. M.",NA,NA,NA,"US","US"
"4167873329","Metrosideros polymorpha Gaudich.","D. Percy","Hi8",2003,"2003-08-14","Hawaii","Pahole NAR, Wainaea Mtns.",NA,NA,NA,NA,NA,NA,NA,NA,NA,NA,NA,NA,"Percy, D. M.",NA,NA,NA,"US","US"
"4167874343","Metrosideros polymorpha var. polymorpha","D. Percy","Hi49",2003,"2003-08-26","Hawaii","Mt. Kaala, culvert 55, Waianae Mtns.",NA,NA,NA,NA,NA,NA,"Forest",NA,NA,NA,NA,NA,"Percy, D. M.",NA,NA,NA,"US","US"
"4167876322","Metrosideros polymorpha var. incana (H.Lév.) Skottsb.","D. Percy","Hi15",2003,"2003-08-16","Hawaii","Wiliwilinui Ridge, Ko'olau Mtns.",NA,21.3164,-157.76,NA,515,NA,"Ridge top",NA,NA,NA,NA,NA,"Percy, D. M.",NA,NA,NA,"US","US"
"4167876353","Metrosideros polymorpha var. incana (H.Lév.) Skottsb.","D. Percy","Hi46",2003,"2003-08-25","Hawaii","Tree Planting Road, off Saddle Road",NA,19.6831,-155.295,NA,1295,NA,"Lava field",NA,NA,NA,NA,NA,"Percy, D. M.",NA,NA,NA,"US","US"
"4167876355","Metrosideros polymorpha Gaudich.","D. Percy","Hi51",2003,"2003-08-26","Hawaii","Mt. Kaala, summit area, Waianae Mtns.",NA,21.5083,-158.144,NA,1239,NA,"Ridge top",NA,NA,NA,NA,NA,"Percy, D. M.",NA,NA,NA,"US","US"
"4167876356","Metrosideros polymorpha var. incana (H.Lév.) Skottsb.","D. Percy","Hi40",2003,"2003-08-23","Hawaii","Kipahoehoe Natural Area Reserve, at 93 mile marker",NA,19.2669,-155.875,NA,418,NA,"Dry forest",NA,NA,NA,NA,NA,"Percy, D. M.",NA,NA,NA,"US","US"
"4167885354","Metrosideros polymorpha Gaudich.","D. Percy","Hi55",2003,"2003-08-26","Hawaii","Mt. Kaala, summit area, Waianae Mtns.",NA,21.5083,-158.144,NA,1239,NA,"Ridge top",NA,NA,NA,NA,NA,"Percy, D. M.",NA,NA,NA,"US","US"
"4167886344","Metrosideros polymorpha Gaudich.","D. Percy","Hi44",2003,"2003-08-24","Hawaii","Hawaii Volcanoes National Park, Ola'a Forest, north of Volcano Village",NA,19.4603,-155.247,NA,1185,NA,"Forest",NA,NA,NA,NA,NA,"Percy, D. M.",NA,NA,NA,"US","US"
"4167887306","Metrosideros polymorpha var. polymorpha","D. Percy","Hi9",2003,"2003-08-14","Hawaii","Pahole NAR, Wainaea Mtns.",NA,NA,NA,NA,NA,NA,NA,NA,NA,NA,NA,NA,"Percy, D. M.",NA,NA,NA,"US","US"
"4167889338","Metrosideros polymorpha Gaudich.","D. Percy","Hi17",2003,"2003-08-16","Hawaii","Wiliwilinui Ridge, Ko'olau Mtns.",NA,21.3164,-157.76,NA,515,NA,"Ridge top",NA,NA,NA,NA,NA,"Percy, D. M.",NA,NA,NA,"US","US"
"4167892351","Metrosideros polymorpha var. incana (H.Lév.) Skottsb.","D. Percy","Hi14",2003,"2003-08-16","Hawaii","Wiliwilinui Ridge, Ko'olau Mtns.",NA,21.3164,-157.76,NA,515,NA,"Ridge top",NA,NA,NA,NA,NA,"Percy, D. M.",NA,NA,NA,"US","US"
"4167896350","Metrosideros polymorpha var. incana (H.Lév.) Skottsb.","D. Percy","Hi35",2003,"2003-08-21","Hawaii","Hawaii Volcanoes National Park, Kipuka Puaulu (Bird Park)",NA,19.4372,-155.303,NA,1225,NA,"Lava field",NA,NA,NA,NA,NA,"Percy, D. M.",NA,NA,NA,"US","US"
"4167896353","Metrosideros polymorpha var. incana (H.Lév.) Skottsb.","D. Percy","Hi31",2003,"2003-08-19","Hawaii","Hawaii Volcanoes National Park, Kilauea Crater area",NA,19.4247,-155.293,NA,1235,NA,"Lava field",NA,NA,NA,NA,NA,"Percy, D. M.",NA,NA,NA,"US","US"
"4167897342","Metrosideros polymorpha Gaudich.","D. Percy","Hi10",2003,"2003-08-14","Hawaii","near offices/parking area, Pahole NAR, Wainaea Mnts.",NA,NA,NA,NA,NA,NA,NA,NA,NA,NA,NA,NA,"Percy, D. M.",NA,NA,NA,"US","US"
"4167898328","Metrosideros polymorpha Gaudich.","D. Percy","Hi50",2003,"2003-08-26","Hawaii","Mt. Kaala, summit area, Waianae Mtns.",NA,21.5083,-158.144,NA,1239,NA,"Ridge top",NA,NA,NA,NA,NA,"Percy, D. M.",NA,NA,NA,"US","US"
"4167900303","Metrosideros polymorpha Gaudich.","D. Percy","Hi16",2003,"2003-08-16","Hawaii","Wiliwilinui Ridge, Ko'olau Mtns.",NA,21.3164,-157.76,NA,515,NA,"Ridge top",NA,NA,NA,NA,NA,"Percy, D. M.",NA,NA,NA,"US","US"
"4167902309","Metrosideros polymorpha var. incana (H.Lév.) Skottsb.","D. Percy","Hi13",2003,"2003-08-16","Hawaii","Wiliwilinui Ridge, Ko'olau Mtns.",NA,21.3164,-157.76,NA,515,NA,"Ridge top",NA,NA,NA,NA,NA,"Percy, D. M.",NA,NA,NA,"US","US"
"4167902321","Metrosideros polymorpha var. polymorpha","D. Percy","Hi2",2003,"2003-08-13","Hawaii","Aiea Ridge Trail, Ko'olau Mtns",NA,21.5372,-157.882,NA,500,NA,"Ridge top.",NA,NA,NA,NA,NA,"Percy, D. M.",NA,NA,NA,"US","US"
"4167902334","Metrosideros polymorpha Gaudich.","D. Percy","Hi3",2003,"2003-08-13","Hawaii","Aiea Ridge Trail, Ko'olau Mtns",NA,21.5372,-157.882,NA,500,NA,"Ridge top",NA,NA,NA,NA,NA,"Percy, D. M.",NA,NA,NA,"US","US"
"4167903334","Metrosideros polymorpha var. incana (H.Lév.) Skottsb.","D. Percy","Hi47",2003,"2003-08-25","Hawaii","Tree Planting Road, off Saddle Road",NA,19.6831,-155.295,NA,1295,NA,"Lava field",NA,NA,NA,NA,NA,"Percy, D. M.",NA,NA,NA,"US","US"
"4167905306","Metrosideros polymorpha Gaudich.","D. Percy","Hi4",2003,"2003-08-14","Hawaii","near snail enclosure, Pahole NAR, Wainaea Mtns",NA,21.5372,-158.192,NA,700,NA,"Ridge top",NA,NA,NA,NA,NA,"Percy, D. M.",NA,NA,NA,"US","US"
"4167908355","Metrosideros polymorpha var. incana (H.Lév.) Skottsb.","D. Percy","Hi34",2003,"2003-08-21","Hawaii","Hawaii Volcanoes National Park, Kipuka Puaulu (Bird Park)",NA,19.4372,-155.303,NA,1225,NA,"Lava field",NA,NA,NA,NA,NA,"Percy, D. M.",NA,NA,NA,"US","US"
"4167909302","Metrosideros polymorpha Gaudich.","D. Percy","Hi52",2003,"2003-08-26","Hawaii","Mt. Kaala, summit area, Waianae Mtns.",NA,21.5083,-158.144,NA,1239,NA,"Ridge top",NA,NA,NA,NA,NA,"Percy, D. M.",NA,NA,NA,"US","US"
"4167909306","Metrosideros polymorpha Gaudich.","D. Percy","Hi43",2003,"2003-08-24","Hawaii","Hawaii Volcanoes National Park, Ola'a Forest, north of Volcano Village",NA,19.4603,-155.247,NA,1185,NA,"Forest",NA,NA,NA,NA,NA,"Percy, D. M.",NA,NA,NA,"US","US"
"4167911334","Metrosideros polymorpha Gaudich.","D. Percy","Hi41",2003,"2003-08-23","Hawaii","Kipahoehoe Natural Area Reserve, at 93 mile marker",NA,19.2669,-155.875,NA,418,NA,"Dry forest",NA,NA,NA,NA,NA,"Percy, D. M.",NA,NA,NA,"US","US"
"4167913310","Metrosideros polymorpha Gaudich.","D. Percy","Hi19",2003,"2003-08-16","Hawaii","Wiliwilinui Ridge, Ko'olau Mtns.",NA,21.3164,-157.76,NA,515,NA,"Ridge top",NA,NA,NA,NA,NA,"Percy, D. M.",NA,NA,NA,"US","US"
"4167914326","Metrosideros polymorpha var. incana (H.Lév.) Skottsb.","D. Percy","Hi42",2003,"2003-08-23","Hawaii","Kipahoehoe Natural Area Reserve, at 91 mile marker",NA,19.2467,-155.878,NA,475,NA,"Dry forest",NA,NA,NA,NA,NA,"Percy, D. M.",NA,NA,NA,"US","US"
"4167915318","Metrosideros polymorpha Gaudich.","D. Percy","Hi1",2003,"2003-08-13","Hawaii","Aiea Ridge Trail, Ko'olau Mtns",NA,21.5372,-157.882,NA,500,NA,"Ridge top.",NA,NA,NA,NA,NA,"Percy, D. M.",NA,NA,NA,"US","US"
"4167916356","Metrosideros polymorpha Gaudich.","D. Percy","Hi53",2003,"2003-08-26","Hawaii","Mt. Kaala, summit area, Waianae Mtns.",NA,21.5083,-158.144,NA,1239,NA,"Ridge top",NA,NA,NA,NA,NA,"Percy, D. M.",NA,NA,NA,"US","US"
"4167917318","Metrosideros tremuloides (A.Heller) Knuth","D. Percy","Hi18",2003,"2003-08-16","Hawaii","Wiliwilinui Ridge, Ko'olau Mtns.",NA,21.3164,-157.76,NA,515,NA,"Ridge top",NA,NA,NA,NA,NA,"Percy, D. M.",NA,NA,NA,"US","US"
"4167917321","Metrosideros polymorpha Gaudich.","D. Percy","Hi36",2003,"2003-08-21","Hawaii","Hawaii Volcanoes National Park, entrance to Ola'a Forest at Solid Waste Dump",NA,19.4497,-155.204,NA,1001,NA,"Forest",NA,NA,NA,NA,NA,"Percy, D. M.",NA,NA,NA,"US","US"
"4909560371","Metrosideros polymorpha Gaudich.","D. Percy","Hi1",2003,"2003-08-13","Hawaii","Aiea Ridge Trail, Ko'olau Mtns",NA,21.5372,-157.882,NA,500,NA,NA,NA,NA,NA,NA,NA,NA,NA,NA,NA,"US","US"
"4909571050","Metrosideros polymorpha var. polymorpha","D. Percy","Hi54",2003,"2003-08-26","Hawaii","Mt. Kaala, summit area, Waianae Mtns.",NA,21.5083,-158.144,NA,1239,NA,NA,NA,NA,NA,NA,NA,NA,NA,NA,NA,"US","US"
"6339329343","Metrosideros excelsa Sol. ex Gaertn.","Bob Muller; Bob Haller","03-140",2003,"2003-08-04","California","1500 block of Anacapa Street.",NA,NA,NA,NA,NA,NA,NA,"25 foot tree.",NA,NA,NA,NA,NA,NA,NA,NA,"SBBG",NA
"1322099376","Metrosideros polymorpha var. pumila (A.Heller) J.W.Dawson & Stemmerm.","S. P. Perlman","18631",2003,"2003-10-10","Hawaii","Alakai Swamp, near Kilohana , Plantanthera bog.",NA,22.8908,-159.356,NA,1219,NA,NA,NA,NA,NA,NA,NA,NA,NA,NA,NA,"US","US"
"3987680402","Metrosideros polymorpha var. pumila (A.Heller) Skottsb.","Steve Perlman","18631",2003,"2003-10-10","Hawai_i","Kauai; Alakai swamp",NA,NA,NA,NA,NA,NA,NA,NA,NA,NA,NA,NA,NA,NA,NA,NA,"TAES","TAMU"
"6339332401","Metrosideros excelsa Sol. ex Gaertn.","Bob Muller","03-224",2003,"2003-11-03","California","300 block of West Mason Street.",NA,NA,NA,NA,NA,NA,NA,"15 foot tree.",NA,NA,NA,NA,NA,NA,NA,NA,"SBBG",NA
"37567900","Metrosideros polymorpha Gaudich.","Cordell, S.","Collector Number: s.n.",2002,"2002-05-21","Hawaii","Mile 10.5 on the Mauna Loa side of Saddle Rd","[Hawaiian Islands; U.S.A.; Hawai`i; Mile 10.5 on the Mauna Loa side of Saddle Rd.]",NA,NA,NA,NA,"ca. 700 m","Substrate ca. 150 yrs old. MAT ca. 19.3°C. MAP ca. 5600mm.",NA,NA,NA,NA,NA,"C.F.Puttock","2002-09-23T00:00:00",NA,NA,"BPBM","BISH"
"37572900","Metrosideros polymorpha var. polymorpha","Cordell, S.","Collector Number: s.n.",2002,"2002-05-22","Hawaii","Mile 8, Mauna Loa Observatory rd just below radio tower","[Hawaiian Islands; U.S.A.; Hawai`i; Mile 8, Mauna Loa Observatory rd just below radio tower.]",NA,NA,NA,NA,"ca. 2500 m","Substrate age ca. 2500 yrs old. MAT ca. 10°C. MAP ca. 1500mm",NA,NA,NA,NA,NA,"C.F.Puttock","2002-09-23T00:00:00",NA,NA,"BPBM","BISH"
"37573252","Metrosideros polymorpha Gaudich.","Cordell, S.","Collector Number: s.n.",2002,"2002-05-24","Hawaii","Kaupulehu. Mile 28 (makai side) of Mamalahoa Hwy","[Hawaiian Islands; U.S.A.; Hawai`i; Kaupulehu.  Mile 28 (makai side) of Mamalahoa Hwy.]",19.7667,-155.933,NA,NA,"ca. 600 m","Substrate age betw 1500 & 3000 yrs old. MAT ca. 25° C. MAP ca. <500mm.",NA,NA,NA,NA,NA,"C.F.Puttock","2002-09-23T00:00:00",NA,NA,"BPBM","BISH"
"5956171302","Metrosideros polymorpha Gaudich.","Cordell, S.","s.n.",2002,"2002-05-21","Hawaii","Mile 10.5 on the Mauna Loa side of Saddle Rd",NA,NA,NA,NA,700,"700 m","Substrate ca. 150 yrs old. MAT ca. 19.3°C. MAP ca. 5600mm.","Ideal site.",NA,NA,NA,NA,"Puttock, C.F.",NA,"NotAType",NA,"BISH",NA
"5956447539","Metrosideros polymorpha Gaudich.","Cordell, S.","s.n.",2002,"2002-05-24","Hawaii","Kaupulehu. Mile 28 (makai side) of Mamalahoa Hwy",NA,19.766667,-155.933333,NA,600,"600 m","Substrate age betw 1500 & 3000 yrs old. MAT ca. 25° C. MAP ca. <500mm.","Dry site.",NA,NA,NA,NA,"Puttock, C.F.",NA,"NotAType",NA,"BISH",NA
"5956679160","Metrosideros polymorpha var. polymorpha","Cordell, S.","s.n.",2002,"2002-05-22","Hawaii","Mile 8, Mauna Loa Observatory rd just below radio tower",NA,NA,NA,NA,2500,"2500 m","Substrate age ca. 2500 yrs old. MAT ca. 10°C. MAP ca. 1500mm","High elevation site.",NA,NA,NA,NA,"Puttock, C.F.",NA,"NotAType",NA,"BISH",NA
"37572826","Metrosideros polymorpha Gaudich.","James, S.A. McDowell, W.M.","Collector Number: 5",2002,"2002-06-18","Hawaii","Naulu Cave. After Chain of Craters Road Switchback","[Hawaiian Islands; U.S.A.; Hawai`i; Hawaii Volcanoes National Park, Naulu Cave.  After Chain of Craters Road Switchback.]",19.305,-155.149,NA,NA,"600 ft","On `a`a lava flow.","Tree, red flowers.",NA,NA,NA,NA,"S.A.James","2002-08-08T00:00:00",NA,NA,"BPBM","BISH"
"37573133","Metrosideros polymorpha Gaudich.","James, S.A. McDowell, W.M.","Collector Number: 2",2002,"2002-06-18","Hawaii","Naulu Cave. After Chain of Craters Road switchback","[Hawaiian Islands; U.S.A.; Hawai`i; Hawaii Volcanoes National Park, Naulu Cave.  After Chain of Craters Road Switchback.]",19.3047,-155.149,NA,NA,"600 ft","On `a`a lava flow.",NA,NA,NA,NA,NA,"S.A.James","2002-08-08T00:00:00",NA,NA,"BPBM","BISH"
"37573277","Metrosideros polymorpha Gaudich.","James, S.A. McDowell, W.M.","Collector Number: 8",2002,"2002-06-18","Hawaii","Naulu Cave. After Chain of Craters Road Switchback","[Hawaiian Islands; U.S.A.; Hawai`i; Hawaii Volcanoes National Park, Naulu Cave.  After Chain of Craters Road Switchback.]",19.305,-155.149,NA,NA,"600 ft","On `a`a lava flow.","Tree.",NA,NA,NA,NA,"S.A.James","2002-08-08T00:00:00",NA,NA,"BPBM","BISH"
"37573323","Metrosideros polymorpha Gaudich.","James, S.A. McDowell, W.M.","Collector Number: 3",2002,"2002-06-18","Hawaii","Naulu Cave. After Chain of Craters Road switchback","[Hawaiian Islands; U.S.A.; Hawai`i; Hawaii Volcanoes National Park, Naulu Cave.  After Chain of Craters Road Switchback.]",19.3047,-155.149,NA,NA,"600 ft","On `a`a lava flow.","Tree, red flowers.",NA,NA,NA,NA,"S.A.James","2002-08-08T00:00:00",NA,NA,"BPBM","BISH"
"37573395","Metrosideros polymorpha Gaudich.","James, S.A. McDowell, W.M.","Collector Number: 9",2002,"2002-06-18","Hawaii","Naulu Cave. After Chain of Craters Road Switchback","[Hawaiian Islands; U.S.A.; Hawai`i; Hawaii Volcanoes National Park, Naulu Cave.  After Chain of Craters Road Switchback.]",19.3044,-155.149,NA,NA,"600 ft","On `a`a lava flow.","Tree.",NA,NA,NA,NA,"S.A.James","2002-08-08T00:00:00",NA,NA,"BPBM","BISH"
"37573425","Metrosideros polymorpha Gaudich.","James, S.A. McDowell, W.M.","Collector Number: 4",2002,"2002-06-18","Hawaii","Naulu Cave. After Chain of Craters Road switchback","[Hawaiian Islands; U.S.A.; Hawai`i; Hawaii Volcanoes National Park, Naulu Cave.  After Chain of Craters Road Switchback.]",19.3047,-155.149,NA,NA,"600 ft","On `a`a lava flow.","Tree, red flowers.",NA,NA,NA,NA,"S.A.James","2002-08-08T00:00:00",NA,NA,"BPBM","BISH"
"37573672","Metrosideros polymorpha Gaudich.","James, S.A. McDowell, W.M.","Collector Number: 7",2002,"2002-06-18","Hawaii","Naulu Cave. After Chain of Craters Road Switchback","[Hawaiian Islands; U.S.A.; Hawai`i; Hawaii Volcanoes National Park, Naulu Cave.  After Chain of Craters Road Switchback.]",19.305,-155.149,NA,NA,"600 ft","On `a`a lava flow.","Tree, red flowers.",NA,NA,NA,NA,"S.A.James","2002-08-08T00:00:00",NA,NA,"BPBM","BISH"
"37574126","Metrosideros polymorpha Gaudich.","James, S.A. McDowell, W.M.","Collector Number: 6",2002,"2002-06-18","Hawaii","Naulu Cave. After Chain of Craters Road Switchback","[Hawaiian Islands; U.S.A.; Hawai`i; Hawaii Volcanoes National Park, Naulu Cave.  After Chain of Craters Road Switchback.]",19.305,-155.149,NA,NA,"600 ft","On `a`a lava flow.","Tree.",NA,NA,NA,NA,"S.A.James","2002-08-08T00:00:00",NA,NA,"BPBM","BISH"
"37574159","Metrosideros polymorpha Gaudich.","James, S.A. McDowell, W.M.","Collector Number: 10",2002,"2002-06-18","Hawaii","Naulu Cave. After Chain of Craters Road Switchback","[Hawaiian Islands; U.S.A.; Hawai`i; Hawaii Volcanoes National Park, Naulu Cave.  After Chain of Craters Road Switchback.]",19.3047,-155.149,NA,NA,"600 ft","On `a`a lava flow.","Tree.",NA,NA,NA,NA,"S.A.James","2002-08-08T00:00:00",NA,NA,"BPBM","BISH"
"37574459","Metrosideros polymorpha Gaudich.","James, S.A. McDowell, W.M.","Collector Number: 1",2002,"2002-06-18","Hawaii","Naulu Cave. After Chain of Craters Road switchback","[Hawaiian Islands; U.S.A.; Hawai`i; Hawaii Volcanoes National Park, Naulu Cave.  After Chain of Craters Road switchback.]",19.3047,-155.149,NA,NA,"600 ft","On `a`a lava flow.","Tree.",NA,NA,NA,NA,"S.A.James","2002-08-08T00:00:00",NA,NA,"BPBM","BISH"
"5956139270","Metrosideros polymorpha Gaudich.","James, S.A.; McDowell, W.M.","2",2002,"2002-06-18","Hawaii","Naulu Cave. After Chain of Craters Road switchback",NA,19.304722,-155.148889,NA,183,"600 ft","On `a`a lava flow.","Northern-most of tree pair.",NA,NA,NA,NA,"James, S.A.",NA,"NotAType",NA,"BISH",NA
"5956173948","Metrosideros polymorpha Gaudich.","James, S.A.; McDowell, W.M.","8",2002,"2002-06-18","Hawaii","Naulu Cave. After Chain of Craters Road Switchback",NA,19.305,-155.149167,NA,183,"600 ft","On `a`a lava flow.","North of tree 7.; Tree.",NA,NA,NA,NA,"James, S.A.",NA,"NotAType",NA,"BISH",NA
"5956222928","Metrosideros polymorpha Gaudich.","James, S.A.; McDowell, W.M.","10",2002,"2002-06-18","Hawaii","Naulu Cave. After Chain of Craters Road Switchback",NA,19.304722,-155.149167,NA,183,"600 ft","On `a`a lava flow.","West of trees 1-4; north of tree 9.; Tree.",NA,NA,NA,NA,"James, S.A.",NA,"NotAType",NA,"BISH",NA
"5956263592","Metrosideros polymorpha Gaudich.","James, S.A.; McDowell, W.M.","7",2002,"2002-06-18","Hawaii","Naulu Cave. After Chain of Craters Road Switchback",NA,19.305,-155.148889,NA,183,"600 ft","On `a`a lava flow.","North of tree 6.; Tree, red flowers.",NA,NA,NA,NA,"James, S.A.",NA,"NotAType",NA,"BISH",NA
"5956285283","Metrosideros polymorpha Gaudich.","James, S.A.; McDowell, W.M.","9",2002,"2002-06-18","Hawaii","Naulu Cave. After Chain of Craters Road Switchback",NA,19.304444,-155.149167,NA,183,"600 ft","On `a`a lava flow.","West of trees 1-4.; Tree.",NA,NA,NA,NA,"James, S.A.",NA,"NotAType",NA,"BISH",NA
"5956299631","Metrosideros polymorpha Gaudich.","James, S.A.; McDowell, W.M.","4",2002,"2002-06-18","Hawaii","Naulu Cave. After Chain of Craters Road switchback",NA,19.304722,-155.148889,NA,183,"600 ft","On `a`a lava flow.","South of trees 1-3.; Tree, red flowers.",NA,NA,NA,NA,"James, S.A.",NA,"NotAType",NA,"BISH",NA
"5956323400","Metrosideros polymorpha Gaudich.","James, S.A.; McDowell, W.M.","5",2002,"2002-06-18","Hawaii","Naulu Cave. After Chain of Craters Road Switchback",NA,19.305,-155.148889,NA,183,"600 ft","On `a`a lava flow.","East of trees 1-4.; Tree, red flowers.",NA,NA,NA,NA,"James, S.A.",NA,"NotAType",NA,"BISH",NA
"5956335895","Metrosideros polymorpha Gaudich.","James, S.A.; McDowell, W.M.","6",2002,"2002-06-18","Hawaii","Naulu Cave. After Chain of Craters Road Switchback",NA,19.305,-155.148889,NA,183,"600 ft","On `a`a lava flow.","North of tree 5.; Tree.",NA,NA,NA,NA,"James, S.A.",NA,"NotAType",NA,"BISH",NA
"5956356281","Metrosideros polymorpha Gaudich.","James, S.A.; McDowell, W.M.","3",2002,"2002-06-18","Hawaii","Naulu Cave. After Chain of Craters Road switchback",NA,19.304722,-155.148889,NA,183,"600 ft","On `a`a lava flow.","South of tree pair (1 and 2).; Tree, red flowers.",NA,NA,NA,NA,"James, S.A.",NA,"NotAType",NA,"BISH",NA
"5956410715","Metrosideros polymorpha Gaudich.","James, S.A.; McDowell, W.M.","1",2002,"2002-06-18","Hawaii","Naulu Cave. After Chain of Craters Road switchback",NA,19.304722,-155.148889,NA,183,"600 ft","On `a`a lava flow.","Southern-most of tree pair.; Tree.",NA,NA,NA,NA,"James, S.A.",NA,"NotAType",NA,"BISH",NA
"37568509","Metrosideros kermadecensis W.R.B.Oliv.","Starr, F. Starr, K.","Collector Number: 020815-3 A",2002,"2002-08-15","Hawaii","East Maui, Kula Ag Station","[Hawaiian Islands; U.S.A.; Maui; Hawai`i; E Maui, Kula Ag Station.]",20.7569,-156.321,NA,NA,"3100 ft","Botanical garden, highly cultivated bare ground. Ash & lava rock substrate.","Tree to 10m ht; flowers red; lvs with tomentose pubescence, keikis are glabrous.",NA,NA,NA,NA,"Staples, G.W.","2002-12-01T00:00:00",NA,NA,"BPBM","BISH"
"37568512","Metrosideros kermadecensis W.R.B.Oliv.","Starr, F. Starr, K.","Collector Number: 020815-3 B",2002,"2002-08-15","Hawaii","East Maui, Kula Ag Station","[Hawaiian Islands; U.S.A.; Maui; Hawai`i; E Maui, Kula Ag Station.]",20.7569,-156.321,NA,NA,"3100 ft","Botanical garden, highly cultivated bare ground. Ash & lava rock substrate.","Tree to 10m ht; flowers red; lvs with tomentose pubescence, keikis are glabrous.",NA,NA,NA,NA,"Staples, G.W.","2002-12-01T00:00:00",NA,NA,"BPBM","BISH"
"5956520599","Metrosideros kermadecensis W.R.B.Oliv.","Starr, F.; Starr, K.","020815-3 A",2002,"2002-08-15","Hawaii","East Maui, Kula Ag Station",NA,20.756944,-156.321389,NA,945,"3100 ft","Botanical garden, highly cultivated bare ground. Ash & lava rock substrate.","Few large cultivated trees w. seedlings & juveniles throughout garden. Ag Station guy ""Dave"" says this is one of th worst weeds in the garden. They spray the seedlings.; Tree to 10m ht; flowers red; lvs with tomentose pubescence, keikis are glabrous.",NA,NA,NA,NA,"Staples, G.W.",NA,"NotAType",NA,"BISH",NA
"5956557292","Metrosideros kermadecensis W.R.B.Oliv.","Starr, F.; Starr, K.","020815-3 B",2002,"2002-08-15","Hawaii","East Maui, Kula Ag Station",NA,20.756944,-156.321389,NA,945,"3100 ft","Botanical garden, highly cultivated bare ground. Ash & lava rock substrate.","Few large cultivated trees w. seedlings & juveniles throughout garden. Ag Station guy ""Dave"" says this is one of th worst weeds in the garden. They spray the seedlings.; Tree to 10m ht; flowers red; lvs with tomentose pubescence, keikis are glabrous.",NA,NA,NA,NA,"Staples, G.W.",NA,"NotAType",NA,"BISH",NA
"1320253815","Metrosideros polymorpha var. macrophylla (Rock) H.St.John","S. Long","1162",2001,"2001-02-22","Hawaii","Upper Waiakea Forest Reserve, along Stainback Road.",NA,19.6057,-155.125,NA,NA,NA,NA,NA,NA,NA,NA,NA,"Wagner, W. L., (BOT), Smithsonian Institution - National Museum of Natural History (UNITED STATES)",NA,NA,NA,"US","US"
"1986978329","Metrosideros polymorpha Gaudich.","Sandy Long","1162",2001,"2001-02-22","Hawaii","State of Hawaii Division of Forestry and Wildlife. Permit: 05046. Upper Waiakea Forest Reserve. Along Stainback road.",NA,19.60566,-155.12533,1100,NA,NA,"Black volcanic soil.","Occasional in the area.; Shrub, red flowers, about 15 feet tall.",NA,NA,"Flowering","Melinis minutiflora, Arundina graminifolia, Dicranopteris linearis.","Assumed to be collector",NA,NA,NA,"USU","UTC"
"5833140145","Metrosideros polymorpha Gaudich.","Sandy Long","1162",2001,"2001-02-22","Hawaii",NA,NA,NA,NA,NA,NA,NA,NA,NA,NA,NA,"Flowering",NA,NA,NA,NA,NA,"WS",NA
"3059676018","Metrosideros kermadecensis W.R.B.Oliv.","L. Sutton; B. Oliver","PDR 114621",2001,"2001-04-09","California","At the wharf, Monterey. Cultivated Plants.",NA,36.6,-121.89,301,NA,NA,"planted","Shrub",NA,NA,NA,NA,"Hrusa, 4-01",NA,NA,"Standard sheet","CDA",NA
"2430759760","Metrosideros polymorpha Gaudich.","Buchanan, A.M.","15885",2001,"2001-09-25","Hawaii","SE of Ocean View (90km S of Kona airport). Hawaii","SE of Ocean View (90km S of Kona airport). Hawaii",19.066667,-155.733333,1000,450,"450","Sparse vegetation on old lava flow",NA,NA,NA,NA,NA,NA,NA,NA,"sheet","HO","HO"
"37573469","Metrosideros polymorpha var. macrophylla (Rock) H.St.John","Oppenheimer, H.L.","Collector Number: H20004",2000,"2000-02-16","Hawaii","W Maui, Wailuku District, Iao Valley, 300 m S of Puu Kukui","[Hawaiian Islands; U.S.A.; Maui; West Maui, Wailuku Distr., Iao Valley, 300 m south of Pu'u Kukui]",20.8917,-156.592,NA,NA,"5700 ft","Growing on a steep slope near upper rim.","Shrub 1.5 m tall.",NA,NA,NA,NA,"Herbst, D.R.","2000-05-01T00:00:00",NA,NA,"BPBM","BISH"
"1986944742","Metrosideros carminea W.R.B.Oliv.","Jennifer Hart","86",2000,"2000-02-11","Pennsylvania","Kennett Square. Longwood Gardens. Intersection of Route 1 and Route 52. G24A East Conservatory.",NA,39.871667,-75.675,NA,133,NA,"CULTIVATED; climbing walls in conservatory","Vine",NA,NA,"vegetative",NA,"assumed to be collector",NA,NA,NA,"USU","UTC"
"5956287977","Metrosideros polymorpha var. macrophylla (Rock) H.St.John","Oppenheimer, H.L.","H20004",2000,"2000-02-16","Hawaii","W Maui, Wailuku District, Iao Valley, 300 m S of Puu Kukui",NA,20.891667,-156.591667,560,1737,"5700 ft","Growing on a steep slope near upper rim.","Associated vegetation: Metrosideros polymorpha var. glaberrima, Cheirodendron trigynum ssp. trigynum, Diplopterygium pinnatum, Melicope clusiifolia, Brousaissia arguta, Styphelia tameiameiae, Machaerina angustifolia, Sadleria pallida, Smilax melastomifolia, Clermontia grandiflora ssp. grandiflora.; Shrub 1.5 m tall.",NA,NA,NA,NA,"Herbst, D.R.",NA,"NotAType",NA,"BISH",NA
"3987588036","Metrosideros polymorpha Gaudich.","K. R. Wood; Steve Perlman","8497",2000,"2000-05-31","Hawai_i","Oahu; Waianae Mts., Kaluaa gulch",NA,NA,NA,NA,NA,NA,NA,NA,NA,NA,NA,NA,NA,NA,NA,NA,"TAES","TAMU"
"1319862723","Metrosideros polymorpha var. polymorpha","K. R. Wood & S. P. Perlman","8582",2000,"2000-07-09","Hawaii","Waianae Mts., Pualii gulch summit.",NA,NA,NA,NA,671,NA,NA,NA,NA,NA,NA,NA,NA,NA,NA,NA,"US","US"
"3987518754","Metrosideros tremuloides (A.Heller) Knuth","K. R. Wood; Steve Perlman",NA,2000,"2000","Hawai_i",NA,NA,NA,NA,NA,NA,NA,NA,NA,NA,NA,NA,NA,NA,NA,NA,NA,"TAES","TAMU"
"4061087888","Metrosideros Banks ex Gaertn.","J. Richard Abbott","12825",1999,"1999-06-22","California","Santa Barbara; at corner of Figueroa and Chapala Streets.",NA,NA,NA,NA,NA,NA,NA,NA,NA,NA,NA,NA,NA,NA,NA,NA,NA,"Tropicos"
"4061091201","Metrosideros Banks ex Gaertn.","J. Richard Abbott|B.S. Carlsward","12789",1999,"1999-06-17","California","Santa Barbara; Alta Vista Garden Apartments, 1201 Alta Vista Road, just W of junction with Anapamu Street.",NA,34.4306,-119.6967,NA,NA,NA,NA,NA,NA,NA,NA,NA,NA,NA,NA,NA,NA,"Tropicos"
"3465135738","Metrosideros villosa (L.fil.) Sm.","R. Cox","s.n.",1999,"1999-08-17","California","Encinitas, Quail Botanical Gardens",NA,NA,NA,NA,NA,NA,NA,NA,NA,NA,"FL",NA,NA,NA,NA,NA,"SD",NA
"37574104","Metrosideros polymorpha var. macrophylla (Rock) H.St.John","Oppenheimer, H.L. Perlman, S.P.","Collector Number: 301",1998,"1998-01-27","Hawaii","W Maui, along narrow ridegetop dividing the valleys of Honokohau and Waihee","[Hawaiian Islands; U.S.A.; Maui; West Maui, along narrow ridegetop dividing the valleys of Honokohau and Waihe'e]",20.8833,-156.567,NA,NA,"1585 m","Montane wet shrubland.","Shrub 2 m tall.",NA,NA,NA,NA,"Herbst, D.R.",NA,NA,NA,"BPBM","BISH"
"5052373541","Metrosideros polymorpha var. pseudorugosa Skottsb.","Wood, K. R.; Oppenheimer, H.; Meidell, S.; Perlman, Steve","7114",1998,"1998-01-29","Hawaii","*",NA,NA,NA,NA,1676,"1676.0000000000 m","55% cover of Metrosideros polymorpha v. glaberrima and v pseudorugosa @ 25-50cm in height, shrubs of Argyroxiphium grayanum at 15% cover, Oreobolus furcatus at 5% w/ Coprosma ochracea, Leptecophyll","Depauperate many branched shrub, 25-50 cm tall, bran, leaves dark green above, tan-brown below, common. * Data from these fields are not available on the web.",NA,NA,NA,NA,NA,NA,NA,NA,"CAS","BOT-BC"
"5956188990","Metrosideros polymorpha Gaudich.","Wood, K.R.; Oppenheimer, H.L.; Meidell, S.; Perlman, S.","7100",1998,"1998-01-28","Hawaii","West Maui, Puu Kukui summit bogs, trail to East Bog",NA,NA,NA,NA,1676,"1676 m","55% cover of Metrosideros polymorpha v. glaberrima and v. pseudorugosa at 25-50 cm. in height, shrubs of Argyroxiphlum grayanum at 15% cover, Oreobolus furcatus at 5% with Coprosma ochracea, Leptecophyll common around bogs","petals red, observed with M. p. macrophylla kw 7101",NA,NA,NA,NA,NA,NA,"NotAType",NA,"BISH",NA
"5956306009","Metrosideros polymorpha var. macrophylla (Rock) H.St.John","Wood, K.R.; Oppenheimer, H.L.; Meidell, S.; Perlman, S.","7101",1998,"1998-01-28","Hawaii","West Maui, Puu Kukui summit bogs, trail to East Bog",NA,NA,NA,NA,1676,"1676 m","55% cover of Metrosideros polymorpha v. glaberrima and v. pseudorugosa at 25-50 cm. in height, shrubs of Argyroxiphium grayanum at 15% cover. Oreobolus furcatus at 5% with Coprosma ochracea, Leptecophyll","tree, along bog margins with M. p. var. glaberrima, bark smooth, tan or yellow-brown, young stems red, petals pink-red, nerves reticulate, occasional",NA,NA,NA,NA,NA,NA,"NotAType",NA,"BISH",NA
"5956455930","Metrosideros polymorpha var. pseudorugosa Skottsb.","Wood, K.R.; Oppenheimer, H.L.; Meidell, S.; Perlman, S.","7114",1998,"1998-01-29","Hawaii","W. Maui, Puu Kukui summit bogs, trail to Station 10",NA,NA,NA,NA,1676,"1676 m","55% cover of Metrosideros polymorpha v. glaberrima and v. pseudorugosa @ 25-50 cm in height, shrubs of Argyroxiphium grayanum at 15% cover, Oreobolus furcatus at 5% w/ Coprosma ochracea, Leptecophylla","Depauperate many branched shrub, 25-50 cm tall, bran, leaves dark green above, tan-brown below, common",NA,NA,NA,NA,NA,NA,"NotAType",NA,"BISH",NA
"5956611629","Metrosideros polymorpha var. macrophylla (Rock) H.St.John","Oppenheimer, H.L.; Perlman, S.P.","301",1998,"1998-01-27","Hawaii","W Maui, along narrow ridegetop dividing the valleys of Honokohau and Waihee",NA,20.89692,-156.58005,489,1585,"1585 m","Montane wet shrubland.","Growing with Cheirodendron trigynum, Eurya sandwicensis, Lobelia gloria-montis, Phyllostegia ambigua, Diplopterygium pinnatum, Lagenifera mauiensis, Athyrium microphyllum, Eragrostis grandis.; Shrub 2 m tall.",NA,NA,NA,NA,"Herbst, D.R.",NA,"NotAType",NA,"BISH",NA
"3091224114","Metrosideros collina (Forst.) A.Gray","C. Van Riper","s.n.",1998,"1998-03-11","Hawaii","Hawaii Volcano National Park, Bird Park",NA,19.43761,-155.30305,NA,1203,NA,NA,NA,NA,NA,NA,NA,NA,NA,NA,NA,"ASC",NA
"37567772","Metrosideros polymorpha Gaudich.","Funk, E.J.","Collector Number: s.n.",1998,"1998-12-15/1998-12-16","Hawaii","South Hilo District, Waiakea. Buffer zone collections along Stainback Highway","[Hawaiian Islands; U.S.A.; Hawai`i; South Hilo District, Waiakea.  Buffer zone collections along Stainback Highway.]",19.6,-155.117,NA,NA,"3000 ft",NA,NA,NA,NA,NA,NA,"Herbst, D.R.",NA,NA,NA,"BPBM","BISH"
"5956457623","Metrosideros polymorpha Gaudich.","Funk, E.J.","s.n.",1998,"1998-12-15","Hawaii","South Hilo District, Waiakea. Buffer zone collections along Stainback Highway",NA,19.6,-155.116667,NA,914,"3000 ft",NA,NA,NA,NA,NA,NA,"Herbst, D.R.",NA,"NotAType",NA,"BISH",NA
"1457795875","Metrosideros excelsa Sol. ex Gaertn.","J. Richard Abbott","9897",1997,"1997-01-01","California",NA,"Santa Barbara, University of California campus, west of the Davidson Library.",NA,NA,NA,NA,NA,NA,NA,NA,NA,NA,NA,NA,NA,NA,"Preserved herbarium specimen","UF",NA
"4061107459","Metrosideros excelsa Sol. ex Gaertn.","J. Richard Abbott|B.S. Carlsward","9897",1997,"1997-01-01","California","Santa Barbara, University of California campus, west of the Davidson Library.",NA,NA,NA,NA,NA,NA,NA,NA,NA,NA,NA,NA,NA,NA,NA,NA,NA,"Tropicos"
"4102253694","Metrosideros perforata (J.R.Forst. & G.Forst.) A.Rich.","Larry E. Brown","20074",1997,"1997-01-04","California",NA,NA,NA,NA,NA,NA,NA,NA,NA,NA,NA,NA,NA,NA,NA,NA,NA,"BRIT","NLU"
"37567669","Metrosideros polymorpha Gaudich.","Wood, K.R. Hobdy, R.W.; Perlman, S.","Collector Number: 6123",1997,"1997-03-26/1997-03-27","Hawaii","W Maui, Waihee Valley, very back of valley","[Hawaiian Islands; U.S.A.; Maui; Hawai`i; W. Maui:Waihee Valley; very back of valley]",NA,NA,NA,NA,"2200-3000 ft","Metrosideros-Cheirodendron Lowland Wet Forest with dissecting drainages; Associated with riparian vegetation and Hesperomannia arborescens, Cyrtandra filipes, Deschampsia, Machaerina angustifolia, Peperomia spp..","Stamens yellow-orange; 4 m tall, many branched tree; bark smooth, medium brown.",NA,NA,NA,NA,NA,NA,NA,NA,"BPBM","BISH"
"37573513","Metrosideros waialealae (Rock) Rock","Wood, K.R. Hobdy, R.W.; Perlman, S.","Collector Number: 6107",1997,"1997-03-26/1997-03-27","Hawaii","W Maui, Waihee Valley; very back of valley","[Hawaiian Islands; U.S.A.; Maui; Hawai`i; W.Maui: Waihee Valley; very back of valley.]",NA,NA,NA,NA,"2200 ft-3000 ft","Metrosideros-Cheirodendron Lowland Wet Forest with Forest with dissecting drainages; Associated with riparian vegetation and Hesperomannia arborescens, Cyrtandra filipes, Deschampsia, Machaerina angustifolia, Peperomia spp.","4-6 m tall, many branches; smooth red-brown bark; occasional with M. Polymorpha var glaberrima.",NA,NA,NA,NA,NA,NA,NA,NA,"BPBM","BISH"
"1320612705","Metrosideros polymorpha Gaudich.","K. R. Wood, R. Hobdy & S. P. Perlman","6124",1997,"1997-03-26/1997-03-27","Hawaii","West Maui, Waihe'e valley, very back of valley",NA,NA,NA,NA,792.5,NA,NA,NA,NA,NA,NA,NA,NA,NA,NA,NA,"US","US"
"5956194746","Metrosideros polymorpha Gaudich.","Wood, K.R.; Hobdy, R.W.; Perlman, S.","6123",1997,"1997-03-26","Hawaii","W Maui, Waihee Valley, very back of valley",NA,NA,NA,NA,792.5,"2200-3000 ft","Metrosideros-Cheirodendron Lowland Wet Forest with dissecting drainages; Associated with riparian vegetation and Hesperomannia arborescens, Cyrtandra filipes, Deschampsia, Machaerina angustifolia, Peperomia spp..","Threats: pigs, Tibouchina herbacea, Ageratina adenophora, Buddleia asistica; Stamens yellow-orange; 4 m tall, many branched tree; bark smooth, medium brown.",NA,NA,NA,NA,NA,NA,"NotAType",NA,"BISH",NA
"5956436935","Metrosideros waialealae (Rock) Rock","Wood, K.R.; Hobdy, R.W.; Perlman, S.","6107",1997,"1997-03-26","Hawaii","W Maui, Waihee Valley; very back of valley",NA,NA,NA,NA,792.5,"2200-3000 ft","Metrosideros-Cheirodendron Lowland Wet Forest with Forest with dissecting drainages; Associated with riparian vegetation and Hesperomannia arborescens, Cyrtandra filipes, Deschampsia, Machaerina angustifolia, Peperomia spp.","Threats: pigs, Tibouchina herbacea, Ageratina adenophora, Buddleis asiatica.; 4-6 m tall, many branches; smooth red-brown bark; occasional with M. Polymorpha var glaberrima.",NA,NA,NA,NA,NA,NA,"NotAType",NA,"BISH",NA
"1928206847","Metrosideros excelsa Sol. ex Gaertn.","N. C. Goldstein","175",1997,"1997-05-02","California","Strybing Arboretum & Botanical Garden, Golden Gate Park",NA,37.78,-122.43,NA,76,"249 ft",NA,"Received 6/15/97",NA,NA,NA,NA,"N. C. Goldstein","1997-01-01T00:00:00",NA,"sheet","NY","NY"
"37574608","Metrosideros waialealae (Rock) Rock","Oppenheimer, H.L.","Collector Number: 255",1997,"1997-10-24","Hawaii","W Maui, Lahaina District, Puu Kukui Watershed, On ridge below Kaulalewelewe Peak above Kahana Iki Stream","[Hawaiian Islands; U.S.A.; Maui; Hawai`i; W Maui; West Maui; Pu`u Kukui Watershed. On ridge below Kaulalewelewe Peak above Kahana Iki Stream.]",NA,NA,NA,NA,"795 m","Assoc. vegetation: Metrosideros polymorpha, Dicranopteris linearis, Clermontia kakeana, Dodonaea viscosa, Perrottetia sandwicensis, Ilex anomala, Scaevola chamissoniana.",NA,NA,NA,NA,NA,"Herbst, D.R.","1998-01-01T00:00:00",NA,NA,"BPBM","BISH"
"5956540575","Metrosideros waialealae (Rock) Rock","Oppenheimer, H.L.","255",1997,"1997-10-24","Hawaii","W Maui, Lahaina District, Puu Kukui Watershed, On ridge below Kaulalewelewe Peak above Kahana Iki Stream",NA,20.94037,-156.61885,514,795,"795 m","Assoc. vegetation: Metrosideros polymorpha, Dicranopteris linearis, Clermontia kakeana, Dodonaea viscosa, Perrottetia sandwicensis, Ilex anomala, Scaevola chamissoniana.","New Island Record!",NA,NA,NA,NA,"Herbst, D.R.","1998-01-01T00:00:00","NotAType",NA,"BISH",NA
"4520736116","Metrosideros polymorpha var. pumila (A.Heller) Skottsb.","John Dawson",NA,1997,"1997-12-07","Hawaii","Kauai [Kaua'i Island], Alakai [Alaka'i] Swamp.",NA,22.083731,-159.563713,NA,1200,NA,NA,NA,"[Map co-ordinates are derived, and only approximate.]",NA,NA,NA,NA,NA,NA,NA,"NMNZ","WELT"
"4520736117","Metrosideros polymorpha var. pumila (A.Heller) Skottsb.","John Dawson",NA,1997,"1997-12-05","Hawaii","[Hawai'i Island], Saddle [The Saddle Road].",NA,19.689466,-155.469933,NA,2000,NA,NA,NA,"[Map co-ordinates are derived, and only approximate.]",NA,NA,NA,NA,NA,NA,NA,"NMNZ","WELT"
"4520736118","Metrosideros polymorpha var. glabrifolia (A.Heller) H.St.John","John Dawson",NA,1997,"1997-12-03","Hawaii","Kilauea [Island], Bird Park [Kipuka Puaulu].",NA,19.446198,-155.304108,NA,1300,NA,NA,NA,"[Map co-ordinates are derived, and only approximate.] | On 1855 [Lava] flow.",NA,NA,NA,NA,NA,NA,NA,"NMNZ","WELT"
"4520736119","Metrosideros polymorpha Gaudich.","John Dawson",NA,1997,"1997-12-03","Hawaii","Hawaii [Island], Kilaua Crater.",NA,19.414792,-155.272522,NA,1300,NA,NA,NA,"[Map co-ordinates are derived, and only approximate.] | Altitude may be derived.",NA,NA,NA,NA,NA,NA,NA,"NMNZ","WELT"
"4520736122","Metrosideros polymorpha Gaudich.","John Dawson",NA,1997,"1997-12-08","Hawaii","Oahu, Koolau Rge. [Range]",NA,21.450114,-157.899886,NA,450,NA,NA,NA,"[Map co-ordinates are derived, and only approximate.]",NA,NA,NA,NA,NA,NA,NA,"NMNZ","WELT"
"4520736123","Metrosideros polymorpha var. pumila (A.Heller) Skottsb.","John Dawson",NA,1997,"1997-12-07","Hawaii","Kauai [Kaua'i Island], Alakai [Alaka'i] Swamp.",NA,22.083731,-159.563713,NA,1200,NA,NA,NA,"[Map co-ordinates are derived, and only approximate.]",NA,NA,NA,NA,NA,NA,NA,"NMNZ","WELT"
"4520736124","Metrosideros polymorpha var. macrophylla (Rock) H.St.John","John Dawson",NA,1997,"1997-12-05","Hawaii","Stainback Hwy [Highway].",NA,19.581,-155.17,NA,800,NA,NA,NA,"[Map co-ordinates are derived, and only approximate.]",NA,NA,NA,NA,NA,NA,NA,"NMNZ","WELT"
"4520736125","Metrosideros tremuloides (A.Heller) Rock","John Dawson",NA,1997,"1997-12-08","Hawaii","Oahu, Koolau Rge. [Range]",NA,21.450114,-157.899885,NA,650,NA,NA,NA,"[Map co-ordinates are derived, and only approximate.]",NA,NA,NA,NA,NA,NA,NA,"NMNZ","WELT"
"4520736135","Metrosideros waialealae (Rock) Rock","John Dawson",NA,1997,"1997-12-07","Hawaii","Kauai [Kaua'i Island], Near road below top lookout Kokee [Koke'e] Park.",NA,22.147344,-159.631606,NA,1250,NA,NA,NA,"[Map co-ordinates are derived, and only approximate.]",NA,NA,NA,NA,NA,NA,NA,"NMNZ","WELT"
"4520736927","Metrosideros polymorpha var. pumila (A.Heller) Skottsb.","John Dawson",NA,1997,"1997-12-07","Hawaii","Kauai [Kaua'i Island], Alakai [Alaka'i] Swamp.",NA,22.083731,-159.563713,NA,1200,NA,NA,NA,"[Map co-ordinates are derived, and only approximate.]",NA,NA,NA,NA,NA,NA,NA,"NMNZ","WELT"
"4520736928","Metrosideros polymorpha var. macrophylla (Rock) H.St.John","John Dawson",NA,1997,"1997-12-05","Hawaii","Stainback Hwy [Highway].",NA,19.581,-155.17,NA,800,NA,NA,NA,"[Map co-ordinates are derived, and only approximate.]",NA,NA,NA,NA,NA,NA,NA,"NMNZ","WELT"
"4520736929","Metrosideros polymorpha var. pumila (A.Heller) Skottsb.","John Dawson",NA,1997,"1997-12-03","Hawaii","Kilauea [Island], Bird Park [Kipuka Puaulu].",NA,19.446198,-155.304108,NA,1300,NA,NA,NA,"[Map co-ordinates are derived, and only approximate.] | On 1855 [Lava] flow.",NA,NA,NA,NA,NA,NA,NA,"NMNZ","WELT"
"4520736930","Metrosideros waialealae (Rock) Rock","John Dawson",NA,1997,"1997-12-07","Hawaii","Kauai [Kaua'i Island], Near road below top lookout Kokee [Koke'e] Park.",NA,22.147344,-159.631606,NA,1250,NA,NA,NA,"[Map co-ordinates are derived, and only approximate.]",NA,NA,NA,NA,NA,NA,NA,"NMNZ","WELT"
"4520736933","Metrosideros tremuloides (A.Heller) Rock","John Dawson",NA,1997,"1997-12-08","Hawaii","Oahu, Koolau Rge. [Range]",NA,21.450114,-157.899886,NA,450,NA,NA,NA,"[Map co-ordinates are derived, and only approximate.]",NA,NA,NA,NA,NA,NA,NA,"NMNZ","WELT"
"4520736934","Metrosideros polymorpha var. polymorpha","John Dawson",NA,1997,"1997-12-05","Hawaii","Stainback Hwy [Highway].",NA,19.581,-155.17,NA,800,NA,NA,NA,"[Map co-ordinates are derived, and only approximate.]",NA,NA,NA,NA,NA,NA,NA,"NMNZ","WELT"
"4520736940","Metrosideros polymorpha Gaudich.","John Dawson",NA,1997,"1997-12-08","Hawaii","Oahu, Koolau Rge. [Range]",NA,21.450114,-157.899885,NA,600,NA,NA,NA,"[Map co-ordinates are derived, and only approximate.]",NA,NA,NA,NA,NA,NA,NA,"NMNZ","WELT"
"4520736945","Metrosideros Banks ex Gaertn.","John Dawson",NA,1997,"1997-12-07","Hawaii","Kauai [Kaua'i Island], Alakai [Alaka'i] Swamp.",NA,22.083731,-159.563713,NA,1200,NA,NA,NA,"[Map co-ordinates are derived, and only approximate.]",NA,NA,NA,"Folder placement",NA,NA,NA,"NMNZ","WELT"
"4520743736","Metrosideros polymorpha var. pumila (A.Heller) Skottsb.","John Dawson",NA,1997,"1997-12-05","Hawaii","[Hawai'i Island], Saddle [The Saddle Road].",NA,19.689466,-155.469933,NA,2000,NA,NA,NA,"[Map co-ordinates are derived, and only approximate.]",NA,NA,NA,NA,NA,NA,NA,"NMNZ","WELT"
"4520743737","Metrosideros polymorpha var. macrophylla (Rock) H.St.John","John Dawson",NA,1997,"1997-12-05","Hawaii","Stainback Hwy [Highway], (Prison).",NA,19.581,-155.17,NA,1200,NA,NA,NA,"[Map co-ordinates are derived, and only approximate.]",NA,NA,NA,NA,NA,NA,NA,"NMNZ","WELT"
"4520743738","Metrosideros polymorpha var. pumila (A.Heller) Skottsb.","John Dawson",NA,1997,"1997-12-03","Hawaii","Hawaii [Island], Kilaua Crater.",NA,19.414792,-155.272522,NA,1300,NA,NA,NA,"[Map co-ordinates are derived, and only approximate.] | Altitude may be derived.",NA,NA,NA,NA,NA,NA,NA,"NMNZ","WELT"
"4520743743","Metrosideros polymorpha Gaudich.","John Dawson",NA,1997,"1997-12-05","Hawaii","[Hawai'i Island], Saddle [The Saddle Road].",NA,19.689466,-155.469933,NA,2000,NA,NA,NA,"[Map co-ordinates are derived, and only approximate.]",NA,NA,NA,NA,NA,NA,NA,"NMNZ","WELT"
"4520743744","Metrosideros polymorpha var. polymorpha","John Dawson",NA,1997,"1997-12-08","Hawaii","Oahu, Koolau Rge. [Range]",NA,21.450113,-157.899885,NA,700,NA,NA,NA,"[Map co-ordinates are derived, and only approximate.]",NA,NA,NA,NA,NA,NA,NA,"NMNZ","WELT"
"4520743755","Metrosideros polymorpha var. lutea H.Mann","John Dawson",NA,1997,"1997-12-07","Hawaii","Kauai [Kaua'i Island], near Alakai [Alaka'i] Swamp.",NA,22.083731,-159.563713,NA,1200,NA,NA,NA,"[Map co-ordinates are derived, and only approximate.]",NA,NA,NA,NA,NA,NA,NA,"NMNZ","WELT"
"4520849911","Metrosideros polymorpha var. polymorpha","John Dawson",NA,1997,"1997-12-05","Hawaii","[Hawai'i Island], Saddle [The Saddle Road].",NA,19.689466,-155.469933,NA,2000,NA,NA,NA,"[Map co-ordinates are derived, and only approximate.]",NA,NA,NA,"John Dawson",NA,NA,NA,"NMNZ","WELT"
"4520850285","Metrosideros polymorpha var. pumila (A.Heller) Skottsb.","John Dawson",NA,1997,"1997-12-05","Hawaii","[Hawai'i Island], Saddle [The Saddle Road].",NA,19.689466,-155.469933,NA,2000,NA,NA,NA,"[Map co-ordinates are derived, and only approximate.]",NA,NA,NA,NA,NA,NA,NA,"NMNZ","WELT"
"4520850286","Metrosideros polymorpha var. pumila (A.Heller) Skottsb.","John Dawson",NA,1997,"1997-12-05","Hawaii","Stainback Hwy [Highway].",NA,19.581,-155.17,NA,800,NA,NA,NA,"[Map co-ordinates are derived, and only approximate.]",NA,NA,NA,NA,NA,NA,NA,"NMNZ","WELT"
"4520850287","Metrosideros polymorpha var. dieteri J.W.Dawson & Stemmerm.","John Dawson",NA,1997,"1997-12-07","Hawaii","Kauai [Kaua'i Island], near Alakai [Alaka'i] Swamp.",NA,22.083731,-159.563713,NA,1200,NA,NA,NA,"[Map co-ordinates are derived, and only approximate.]",NA,NA,NA,NA,NA,NA,NA,"NMNZ","WELT"
"4520850291","Metrosideros polymorpha var. polymorpha","John Dawson",NA,1997,"1997-12-03","Hawaii","Kilauea [Island], Bird Park [Kipuka Puaulu].",NA,19.446198,-155.304108,NA,1300,NA,NA,NA,"[Map co-ordinates are derived, and only approximate.] | On 1855 [Lava] flow.",NA,NA,NA,NA,NA,NA,NA,"NMNZ","WELT"
"4520850292","Metrosideros polymorpha var. macrophylla (Rock) H.St.John","John Dawson",NA,1997,"1997-12-05","Hawaii","Stainback Hwy [Highway], (Prison).",NA,19.581,-155.17,NA,1200,NA,NA,NA,"[Map co-ordinates are derived, and only approximate.]",NA,NA,NA,NA,NA,NA,NA,"NMNZ","WELT"
"4520850298","Metrosideros macropus Hook. & Arn.","John Dawson",NA,1997,"1997-12-08","Hawaii","Oahu, Koolau Rge. [Range]",NA,21.450114,-157.899885,NA,650,NA,NA,NA,"[Map co-ordinates are derived, and only approximate.]",NA,NA,NA,NA,NA,NA,NA,"NMNZ","WELT"
"4520858303","Metrosideros Banks ex Gaertn.","John Dawson",NA,1997,"1997-12-07","Hawaii","Kauai [Kaua'i Island], Alakai [Alaka'i] Swamp.",NA,22.083731,-159.563713,NA,1200,NA,NA,NA,"[Map co-ordinates are derived, and only approximate.]",NA,NA,NA,"Folder placement",NA,NA,NA,"NMNZ","WELT"
"4520863142","Metrosideros tremuloides (A.Heller) Rock","John Dawson",NA,1997,"1997-12-08","Hawaii","Oahu, Koolau Rge. [Range]",NA,21.450114,-157.899886,NA,450,NA,NA,NA,"[Map co-ordinates are derived, and only approximate.]",NA,NA,NA,NA,NA,NA,NA,"NMNZ","WELT"
"4520863143","Metrosideros macropus Hook. & Arn.","John Dawson",NA,1997,"1997-12-08","Hawaii","Oahu, Koolau Rge. [Range]",NA,21.450114,-157.899885,NA,650,NA,NA,NA,"[Map co-ordinates are derived, and only approximate.]",NA,NA,NA,NA,NA,NA,NA,"NMNZ","WELT"
"4520864158","Metrosideros waialealae (Rock) Rock","John Dawson",NA,1997,"1997-12-07","Hawaii","Kauai [Kaua'i Island], Near road below top lookout Kokee [Koke'e] Park.",NA,22.147344,-159.631606,NA,1250,NA,NA,NA,"[Map co-ordinates are derived, and only approximate.]",NA,NA,NA,NA,NA,NA,NA,"NMNZ","WELT"
"4520864173","Metrosideros polymorpha var. polymorpha","John Dawson",NA,1997,"1997-12-03","Hawaii","Hawaii [Island], Kilaua Crater.",NA,19.414792,-155.272522,NA,1300,NA,NA,NA,"[Map co-ordinates are derived, and only approximate.] | Altitude may be derived.",NA,NA,NA,NA,NA,NA,NA,"NMNZ","WELT"
"4520871327","Metrosideros tremuloides (A.Heller) Rock","John Dawson",NA,1997,"1997-12-08","Hawaii","Oahu, Koolau Rge. [Range]",NA,21.450114,-157.899885,NA,650,NA,NA,NA,"[Map co-ordinates are derived, and only approximate.]",NA,NA,NA,NA,NA,NA,NA,"NMNZ","WELT"
"4520877413","Metrosideros polymorpha var. dieteri J.W.Dawson & Stemmerm.","John Dawson",NA,1997,"1997-12-07","Hawaii","Kauai [Kaua'i Island], near Alakai [Alaka'i] Swamp.",NA,22.083731,-159.563713,NA,1200,NA,NA,NA,"[Map co-ordinates are derived, and only approximate.]",NA,NA,NA,NA,NA,NA,NA,"NMNZ","WELT"
"4520877582","Metrosideros polymorpha var. polymorpha","John Dawson",NA,1997,"1997-12-08","Hawaii","Oahu, Koolau Rge. [Range]",NA,21.450113,-157.899885,NA,700,NA,NA,NA,"[Map co-ordinates are derived, and only approximate.]",NA,NA,NA,NA,NA,NA,NA,"NMNZ","WELT"
"4520877583","Metrosideros polymorpha var. lutea H.Mann","John Dawson",NA,1997,"1997-12-08","Hawaii","Oahu, Koolau Rge. [Range]",NA,21.450114,-157.899886,NA,450,NA,NA,NA,"[Map co-ordinates are derived, and only approximate.]",NA,NA,NA,"nom. rev.","1979-01-01T00:00:00",NA,NA,"NMNZ","WELT"
"4520877586","Metrosideros polymorpha var. pumila (A.Heller) Skottsb.","John Dawson",NA,1997,"1997-12-07","Hawaii","Kauai [Kaua'i Island], Alakai [Alaka'i] Swamp.",NA,22.083731,-159.563713,NA,1200,NA,NA,NA,"[Map co-ordinates are derived, and only approximate.]",NA,NA,NA,NA,NA,NA,NA,"NMNZ","WELT"
"4520925238","Metrosideros polymorpha var. macrophylla (Rock) H.St.John","John Dawson",NA,1997,"1997-12-03","Hawaii","Hawaii [Island], Kilaua Crater.",NA,19.414792,-155.272522,NA,1300,NA,NA,NA,"[Map co-ordinates are derived, and only approximate.] | Altitude may be derived.",NA,NA,NA,NA,NA,NA,NA,"NMNZ","WELT"
"4520925416","Metrosideros polymorpha var. imbricata (Rock) H.St.John","John Dawson",NA,1997,"1997-12-08","Hawaii","Oahu, Koolau Rge. [Range]",NA,21.450114,-157.899885,NA,600,NA,NA,NA,"[Map co-ordinates are derived, and only approximate.]",NA,NA,NA,NA,NA,NA,NA,"NMNZ","WELT"
"3059675947","Metrosideros excelsa Sol. ex Gaertn.","G.D. Barbe; T. E. Eichlin","4473",1996,"1996-05-28","California","Edge of San Diego Bay, Tuna Lane, G Street Pier, San Diego.",NA,32.71,-117.18,500,NA,NA,NA,NA,NA,NA,NA,NA,NA,NA,NA,"Standard sheet","CDA",NA
"37573358","Metrosideros polymorpha var. pseudorugosa Skottsb.","Meidell, J.S. Oppenheimer, H.L.","Collector Number: 123",1996,"1996-08-31","Hawaii","W Maui, Maui Pineapple Co. Collection made at transect station T4.18, along the Puu Kukui Trail","[Hawaiian Islands; U.S.A.; Maui; Maui Pineapple Co..  Collection made at transect station T4.18, along the Pu'u Kukui Trail, West Maui, Hawaii.]",NA,NA,NA,NA,NA,NA,"0.5 m in height, occuring with components consistent with those of an Ohia/Kuolohia/Oreobolus Mixed Bog.",NA,NA,NA,NA,"D.R.Herbst; S.H.Sohmer; W.L.Wagner","1997-01-01T00:00:00",NA,NA,"BPBM","BISH"
"1318564104","Metrosideros polymorpha Gaudich.","D. H. Lorence, M. Endress & P. Endress","7800",1996,"1996-08-12","Hawaii","Hanalei District, Na Pali-Kona Forest Reserve, just W of Pu'uokila Lookout on S rim of Kalalau Valley",NA,22.15,-159.633,NA,1190,NA,NA,NA,NA,NA,NA,NA,NA,NA,NA,NA,"US","US"
"5956235974","Metrosideros polymorpha var. pseudorugosa Skottsb.","Meidell, J.S.; Oppenheimer, H.L.","123",1996,"1996-08-31","Hawaii","W Maui, Maui Pineapple Co. Collection made at transect station T4.18, along the Puu Kukui Trail",NA,NA,NA,NA,NA,NA,NA,"Styphelia tameiameia, Carex montis-eeka, Deschampsia nubigena, Dicanthelium cynodon, Plantago pachyphylla, Rynchospora chinensis subsp. speciformis, Oreobolus furcatus, Biola maviensis, Geranum humile, Sadleria pallida. Specimens are located with in the Pu u Kukui Watershed Management Area and are currently not subject to any overt threats.; 0.5 m in height, occuring with components consistent with those of an Ohia/Kuolohia/Oreobolus Mixed Bog.",NA,NA,NA,NA,"Herbst, D.R.; Sohmer, S.H.; Wagner, W.L.",NA,"NotAType",NA,"BISH",NA
"37573073","Metrosideros tremuloides (A.Heller) Knuth","Annable, C.R. Van Sickle, G.; Van Sickle, H.","Collector Number: 3188",1996,"1996-12-10","Hawaii","Round Top-Tantalus Forest Reserve. Manoa Cliff Trail","[Hawaiian Islands; U.S.A.; O`ahu; Hawai`i; Round Top-Tantalus Forest Reserve.  Manoa Cliff Trail.]",21.3167,-157.8,NA,NA,NA,"Lowland mesic forest.","Tree to 4m; leaf petioles red.",NA,NA,NA,NA,"C.Imada","1997-01-01T00:00:00",NA,NA,"BPBM","BISH"
"1319128633","Metrosideros polymorpha Gaudich.","C. R. Annable","3204",1996,"1996-12-18","Hawaii","Na Pali-Kona Forest Reserve, Unit D 2 km E of Kalalau Lookout",NA,22.15,-159.63,NA,NA,NA,NA,NA,NA,NA,NA,NA,"Imada, C.",NA,NA,NA,"US","US"
"1322626288","Metrosideros macropus Hook. & Arn.","K. R. Wood, J. Lau & S. Gon","5878",1996,"1996-12-11","Hawaii","Koolau mountains, south about .5 miles from summit of Schofield-Waikane trail, follow Lehua Makanoi ridge drop in upper drainage",NA,NA,NA,NA,610,NA,NA,NA,NA,NA,NA,NA,NA,NA,NA,NA,"US","US"
"1930133046","Metrosideros polymorpha Gaudich.","C. R. Annable","3204",1996,"1996-12-18","Hawaii","Na Pali-Kona Forest Reserve, Unit D, 2km E of Kalalau Lookout",NA,22.15,-159.63,NA,NA,NA,"Mesic forest","Received 1/2/97",NA,NA,NA,NA,"C. T. Imada","1997-01-01T00:00:00",NA,"sheet","NY","NY"
"1930719211","Metrosideros tremuloides (A.Heller) Knuth","C. R. Annable","3188",1996,"1996-12-10","Hawaii","Round Top-Tantalus Forest Reserve, Manoa Cliff Trail",NA,21.32,-157.8,NA,NA,NA,"Lowland mesic forest","Received 1/2/97",NA,NA,NA,NA,"C. T. Imada","1997-01-01T00:00:00",NA,"sheet","NY","NY"
"5956512092","Metrosideros tremuloides (A.Heller) Knuth","Annable, C.R.; Van Sickle, G.; Van Sickle, H.","3188",1996,"1996-12-10","Hawaii","Round Top-Tantalus Forest Reserve. Manoa Cliff Trail",NA,21.316667,-157.8,NA,NA,NA,"Lowland mesic forest.","Tree to 4m; leaf petioles red.",NA,NA,NA,NA,"Imada, C.",NA,"NotAType",NA,"BISH",NA
"37573023","Metrosideros polymorpha Gaudich.","Ishizaki, S.",NA,1995,"1995-04-12","Hawaii","Cultivated at SMI Nursery, Aiea, 99-074 Kaamilo St. Originally collected (>15 years ago) from Big Island near Hilo","[Hawaiian Islands; U.S.A.; O`ahu; Hawai`i; Cultivated at SMI Nursery, Aiea, 99-074 Kaamilo St. Originally collected (>15 years ago) from Big Island near Hilo.]",NA,NA,NA,NA,NA,NA,"Tree with dropping branches; leaves leathery, =/- densely silvery hairy; flws bright yellow; capsules whitish hairy.",NA,NA,NA,NA,"Herbst, D.R.",NA,NA,NA,"BPBM","BISH"
"37573370","Metrosideros polymorpha Gaudich.","Ishizaki, S.",NA,1995,"1995-04-12","Hawaii","Aiea, 99-074 Kaamilo St., SMI Nursery","[Hawaiian Islands; U.S.A.; O`ahu; Aiea, 99-074 Kaamilo St., SMI Nursery]",NA,NA,NA,NA,NA,NA,"tree, drooping branches; leaves leathery, ~densely silvery hairy; flower yellow; capsule whitish hairy",NA,NA,NA,NA,"Staples, G.W.","1995-01-01T00:00:00",NA,NA,"BPBM","BISH"
"1319411514","Metrosideros polymorpha var. incana (H.Lév.) Skottsb.","S. Ishizaki","s.n.",1995,"1995-04-12","Hawaii","At SMI Nursery, Aiea, 99-074 Kaamilo St",NA,NA,NA,NA,NA,NA,NA,NA,NA,NA,NA,NA,"Herbst, D. R.; Corn, C.",NA,NA,NA,"US","US"
"3059675944","Metrosideros excelsa Sol. ex Gaertn.","Dave Massey",NA,1995,"1995-04-17","California","U. S. Coast Guard Station, Alameda.",NA,37.78,-122.25,500,NA,NA,"cultivated",NA,NA,NA,NA,NA,"G. D. Barbe",NA,NA,"Standard sheet","CDA",NA
"5956479361","Metrosideros polymorpha Gaudich.","Ishizaki, S.","s.n.",1995,"1995-04-12","Hawaii","Aiea, 99-074 Kaamilo St., SMI Nursery",NA,NA,NA,NA,NA,NA,NA,"cultivated| orginally from Big Island, near Hilo; tree, drooping branches; leaves leathery, ~densely silvery hairy; flower yellow; capsule whitish hairy",NA,NA,NA,NA,"Staples, G.W.","1995-01-01T00:00:00","NotAType",NA,"BISH",NA
"5956557319","Metrosideros polymorpha Gaudich.","Ishizaki, S.","s.n.",1995,"1995-04-12","Hawaii","Cultivated at SMI Nursery, Aiea, 99-074 Kaamilo St. Originally collected (>15 years ago) from Big Island near Hilo",NA,NA,NA,NA,NA,NA,NA,"Tree with dropping branches; leaves leathery, =/- densely silvery hairy; flws bright yellow; capsules whitish hairy.",NA,NA,NA,NA,"Herbst, D.R.",NA,"NotAType",NA,"BISH",NA
"1321872369","Metrosideros waialealae (Rock) Rock","K. R. Wood & S. P. Perlman","4276",1995,"1995-05-12","Hawaii","Wahiawa Mts., 2 ridges northeast of rope trail on dividing ridge between Hanapepe and Wahiawa",NA,NA,NA,NA,762,NA,"On wind swept ridge",NA,NA,NA,NA,NA,"Wagner, W. L., (BOT), Smithsonian Institution - National Museum of Natural History (UNITED STATES)",NA,NA,NA,"US","US"
"5841242210","Metrosideros polymorpha var. glaberrima (H.Lév.) H.St.John",NA,"5795",1995,"1995-05-13","Hawaii","Kauai: Hanalei District, Wainiha Valley",NA,NA,NA,NA,27,NA,NA,NA,NA,NA,NA,NA,NA,NA,NA,NA,"HAST",NA
"37568742","Metrosideros kermadecensis W.R.B.Oliv.","Yamauchi, S.","Collector Number: s.n.",1995,"1995-06-01","Hawaii","Honolulu, Oahu","[Hawaiian Islands; O`ahu; Honolulu, O'ahu]",NA,NA,NA,NA,NA,"Potted plant","Leaves beautifully variegated, glossy green with broad yellow margins.  Several years ago was 1.25ft tall, now 5-6ft tall.",NA,NA,NA,NA,"Herbst, D.R.; G.W.Staples","1995-01-01T00:00:00",NA,NA,"BPBM","BISH"
"5956238353","Metrosideros kermadecensis W.R.B.Oliv.","Yamauchi, S.","s.n.",1995,"1995-06-01","Hawaii","Honolulu, Oahu",NA,NA,NA,NA,NA,NA,"Potted plant","first record of thisspecies for Hawai`i; Leaves beautifully variegated, glossy green with broad yellow margins. Several years ago was 1.25ft tall, now 5-6ft tall.",NA,NA,NA,NA,"Herbst, D.R.; Staples, G.W.","1995-01-01T00:00:00","NotAType",NA,"BISH",NA
"37573652","Metrosideros polymorpha var. polymorpha","Wood, K.R.","Collector Number: 4740",1995,"1995-11-15","Hawaii","South Kohala District, N of Honokane Nui Stream","[Hawaiian Islands; U.S.A.; Hawai`i; South Kohala District, N of Honokane Nui Stream.]",20.1333,-155.733,NA,NA,"1250-1341 m","Metrosideros-Cheirodendron montane wet forest & scattered Metrosideros-Machaerina montane wet bogs. W/ Viola maviensis, Lycopodium venustulum, Palhinhaea cernua, Myrsine sandwicensis & M. lessertiana, Vaccinium dentatum, Calamagrositis expansa.","1.5 m ht, many branched w/ bark grey-brown, levs dark grn or covered in grey-white hairs, stamen dark-red, common in bogs w/ var. glaverrima and var. macrophylla.",NA,NA,NA,NA,NA,NA,NA,NA,"BPBM","BISH"
"37574242","Metrosideros polymorpha var. macrophylla (Rock) H.St.John","Wood, K.R. Perlman, S.","Collector Number: 4819",1995,"1995-11-29","Hawaii","South Kohala District, Kohala Mountains, above Honokana Nui Stream, east of USGS trail","[Hawaiian Islands; U.S.A.; Hawai`i; South Kohala District, Kohala Mountains, above Honokana Nui Stream, east of USGS trail.]",20.1333,-155.733,NA,NA,"4300 ft","Metrosideros-Cheirodendron Montane Wet Forest & Metrosideros-Machaerina Montane Bogs with Styphelia, Carex alligata, Calamagrostis expansa, Oreobolus furcatus, Dichanthelium cynodon, Stenogyne cranwelliae, Myrsine spp., Rhynchospora chinensis. Threats: Pigs, Juncus spp. Polygonum punctatum.","Tree 3 meters in height; leaves dark-green; trunk covered in moss.",NA,NA,NA,NA,NA,NA,NA,NA,"BPBM","BISH"
"1928634355","Metrosideros excelsa Sol. ex Gaertn.","J. B. Walker","1741",1995,"1995-11-13","California","Encinitas. Quail Botanical Gardens",NA,33.05,-117.27,NA,30,"98 ft","Cultivated","Received 12/19/95",NA,NA,NA,NA,"J. B. Walker","1995-01-01T00:00:00",NA,"sheet","NY","NY"
"3465125654","Metrosideros excelsa Sol. ex Gaertn.","Jay B. Walker","1741",1995,"1995-11-13","California","Quail Botanical Gardens, Encinitas",NA,33.05,-117.26667,NA,30,NA,NA,"Tree 7 meters, flowers yellow/brown",NA,NA,"FFL",NA,NA,NA,NA,NA,"SD",NA
"5956201825","Metrosideros polymorpha var. macrophylla (Rock) H.St.John","Wood, K.R.; Perlman, S.","4819",1995,"1995-11-29","Hawaii","South Kohala District, Kohala Mountains, above Honokana Nui Stream, east of USGS trail",NA,20.133333,-155.733333,NA,1311,"4300 ft","Metrosideros-Cheirodendron Montane Wet Forest & Metrosideros-Machaerina Montane Bogs with Styphelia, Carex alligata, Calamagrostis expansa, Oreobolus furcatus, Dichanthelium cynodon, Stenogyne cranwelliae, Myrsine spp., Rhynchospora chinensis. Threats: Pigs, Juncus spp. Polygonum punctatum.","Tree 3 meters in height; leaves dark-green; trunk covered in moss.",NA,NA,NA,NA,NA,NA,"NotAType",NA,"BISH",NA
"5956654697","Metrosideros polymorpha var. polymorpha","Wood, K.R.","4740",1995,"1995-11-15","Hawaii","South Kohala District, N of Honokane Nui Stream",NA,20.133333,-155.733333,NA,1295.5,"1250-1341 m","Metrosideros-Cheirodendron montane wet forest & scattered Metrosideros-Machaerina montane wet bogs. W/ Viola maviensis, Lycopodium venustulum, Palhinhaea cernua, Myrsine sandwicensis & M. lessertiana, Vaccinium dentatum, Calamagrositis expansa.","Threats: Pigs, Juncus ensifolius, Tibouchina herb; 1.5 m ht, many branched w/ bark grey-brown, levs dark grn or covered in grey-white hairs, stamen dark-red, common in bogs w/ var. glaverrima and var. macrophylla.",NA,NA,NA,NA,NA,NA,"NotAType",NA,"BISH",NA
"37567683","Metrosideros polymorpha Gaudich.","Wood, K.R. Perlman, S.","Collector Number: 4880",1995,"1995-12-14","Hawaii","Hamakua Dist.; Kailikaula Cliffs and Stream","[Hawaiian Islands; U.S.A.; Hawai`i; Hamakua Dist.; Kailikaula Cliffs and Stream]",NA,NA,NA,NA,"750-900 ft","Metrosideros-Osteomeles-Chamaesyce Lowland Mesic Forest and cliff w/ riparian communities. Associated species: Carex spp., Dianella, Canthium, Eragrostis, Diospyros, Dodonaea, Alyxia. Threats: Psidium spp., Oplismenus, Coix, Rubus rosifolius, Schinus, Lantana.","2 m tall, many branched tree; twisted on wind swept cliffs; bark peeling in strips, grey to light brown.",NA,NA,NA,NA,NA,NA,NA,NA,"BPBM","BISH"
"5956329228","Metrosideros polymorpha Gaudich.","Wood, K.R.; Perlman, S.","4880",1995,"1995-12-14","Hawaii","Hamakua Dist.; Kailikaula Cliffs and Stream",NA,NA,NA,NA,251.5,"750-900 ft","Metrosideros-Osteomeles-Chamaesyce Lowland Mesic Forest and cliff w/ riparian communities. Associated species: Carex spp., Dianella, Canthium, Eragrostis, Diospyros, Dodonaea, Alyxia. Threats: Psidium spp., Oplismenus, Coix, Rubus rosifolius, Schinus, Lantana.","2 m tall, many branched tree; twisted on wind swept cliffs; bark peeling in strips, grey to light brown.",NA,NA,NA,NA,NA,NA,"NotAType",NA,"BISH",NA
"37569265","Metrosideros macropus Hook. & Arn.","Lennstrom, H.","Collector Number: 1994-45",1994,"1994-02-02","Hawaii","N Halawa Valley botanical survey site 3; near entomology's Malaise trap; up hill of H3 tunnel","[Hawaiian Islands; U.S.A.; O`ahu; Hawai`i; Honolulu; N Halawa Valley botanical survey site 3; near entomology's Malaise trap; up hill of H3 tunnel.]",NA,NA,NA,NA,"305 m-366 m","Ohia/guava forest.","Tree.",NA,NA,NA,NA,"C.Imada","1994-01-01T00:00:00",NA,NA,"BPBM","BISH"
"5956193559","Metrosideros macropus Hook. & Arn.","Lennstrom, H.","1994-45",1994,"1994-02-02","Hawaii","N Halawa Valley botanical survey site 3; near entomology's Malaise trap; up hill of H3 tunnel",NA,NA,NA,NA,335.5,"305-366 m","Ohia/guava forest.","Endemic. Rare abundance.; Tree.",NA,NA,NA,NA,"Imada, C.","1994-01-01T00:00:00","NotAType",NA,"BISH",NA
"1320771925","Metrosideros polymorpha var. polymorpha","K. R. Wood, J. Lau & L. Perry","3125",1994,"1994-04-27","Hawaii","Waianae qd.; Lualualei; S of Puu Hapapa; summit ridge and below.",NA,NA,NA,NA,411.5,NA,NA,NA,NA,NA,NA,NA,NA,NA,NA,NA,"US","US"
"1320865525","Metrosideros polymorpha var. polymorpha","K. R. Wood, J. Lau & L. Perry","3122",1994,"1994-04-27","Hawaii","Waianae qd.; Lualualei; S of Puu Hapapa; summit ridge and below.",NA,NA,NA,NA,411.5,NA,NA,NA,NA,NA,NA,NA,NA,NA,NA,NA,"US","US"
"1321236164","Metrosideros polymorpha Gaudich.","K. R. Wood, J. Lau & L. Perry","3123",1994,"1994-04-27","Hawaii","Waianae qd.; Lualualei; S of Puu Hapapa; summit ridge and below.",NA,NA,NA,NA,411.5,NA,NA,NA,NA,NA,NA,NA,NA,NA,NA,NA,"US","US"
"1322107779","Metrosideros polymorpha var. incana (H.Lév.) Skottsb.","K. R. Wood, J. Lau & L. Perry","3124",1994,"1994-04-27","Hawaii","Waianae qd.; Lualualei; S of Puu Hapapa; summit ridge and below.",NA,NA,NA,NA,411.5,NA,NA,NA,NA,NA,NA,NA,NA,NA,NA,NA,"US","US"
"5841223357","Metrosideros polymorpha var. pumila (A.Heller) Skottsb.",NA,"3413",1994,"1994-08-12","Hawaii","Kauai: Border of Waimea & Hanalei Districts: Halehaha Bogs",NA,NA,NA,NA,1325.5,NA,NA,NA,NA,NA,NA,NA,NA,NA,NA,NA,"HAST",NA
"37572801","Metrosideros polymorpha var. polymorpha","Close, B. Popolizio, C.","Collector Number: 994-7",1994,"1994-09-21","Hawaii","Hamakua, ~0.5 km E of Bobcat Trail and MPRC access road to Charlie Circle, ~0.2 km SE of intersection with Bobcat Trail","[Hawaiian Islands; U.S.A.; Hawai`i; Hamakua, ~0.5 km E of Bobcat Trail and MPRC access road to Charlie Circle, ~0.2 km SE of intersection with Bobcat Trail]",NA,NA,NA,NA,"1600 m","aa; Dodonaea viscosa",NA,NA,NA,NA,NA,"Herbst, D.R.","2004-01-01T00:00:00",NA,NA,"BPBM","BISH"
"5841169963","Metrosideros polymorpha var. pumila (A.Heller) Skottsb.",NA,"3516",1994,"1994-09-19","Hawaii","Kauai: Lihue District; ridge below Kawaikini; west of Iole & Iliiliula drainage w/ bogs and wind swept ridges",NA,NA,NA,NA,824,NA,NA,NA,NA,NA,NA,NA,NA,NA,NA,NA,"HAST",NA
"5956624917","Metrosideros polymorpha var. polymorpha","Close, B.; Popolizio, C.","994-7",1994,"1994-09-21","Hawaii","Hamakua, ~0.5 km E of Bobcat Trail and MPRC access road to Charlie Circle, ~0.2 km SE of intersection with Bobcat Trail",NA,NA,NA,NA,1600,"1600 m","aa; Dodonaea viscosa",NA,NA,NA,NA,NA,"Herbst, D.R.",NA,"NotAType",NA,"BISH",NA
"694493774","Metrosideros polymorpha Gaudich.","Wood, K.R.",NA,1994,"1994-10-09","Hawaii",NA,"Hawaiian Islands. Kauai: Hanalei District; below Pihea in rolling drainage of upper Hanakoa.",22.15593,-159.6174,NA,NA,NA,NA,NA,"3635",NA,NA,NA,NA,NA,NA,"hb","MNHN","P"
"37568248","Metrosideros polymorpha Gaudich.","Wood, K.R. Perlman, S.; Mehrhoff, L.","Collector Number: 3778",1994,"1994-11-21","Hawaii","Waimea District; Waikoali Bogs; Circle Bog, and scattered bogs to NE","[Hawaiian Islands; U.S.A.; Kaua`i; Hawai`i; Waimea District; Waikoali Bogs; Circle Bog, and scattered bogs to NE.]",NA,NA,NA,NA,"c 1219-1280 m","With Astelia waialealae, Lysimachia daphnoides, Carex montis-eeka, Oreobolus, Rhynchospora. Common in bogs with Metrosideros polymorpha var. pumila. Threats: Pigs, Juncus planifolius","1-2 m. tall.",NA,NA,NA,NA,NA,NA,NA,NA,"BPBM","BISH"
"1320792152","Metrosideros polymorpha Gaudich.","K. R. Wood, S. P. Perlman & L. Merhoff","3778",1994,"1994-11-21","Hawaii","Waimea Dist; Waikoali Bogs; Circle Bog, and scattered bogs to NE.",NA,NA,NA,NA,1249.5,NA,NA,NA,NA,NA,NA,NA,NA,NA,NA,NA,"US","US"
"5956592914","Metrosideros polymorpha Gaudich.","Wood, K.R.; Perlman, S.; Mehrhoff, L.","3778",1994,"1994-11-21","Hawaii","Waimea District; Waikoali Bogs; Circle Bog, and scattered bogs to NE",NA,NA,NA,NA,1249.5,"1219-1280 m","With Astelia waialealae, Lysimachia daphnoides, Carex montis-eeka, Oreobolus, Rhynchospora. Common in bogs with Metrosideros polymorpha var. pumila. Threats: Pigs, Juncus planifolius","1-2 m. tall.",NA,NA,NA,NA,NA,NA,"NotAType",NA,"BISH",NA
"2269038238","Metrosideros collina (Forst.) A.Gray","Curtis",NA,1994,"1994",NA,NA,NA,NA,NA,NA,NA,NA,NA,"Native Hawaiian Islands. 1 m dbh, 25 m tall.",NA,NA,NA,NA,NA,NA,NA,NA,"UNESP-FCA","BOTUW"
"5106270113","Metrosideros polymorpha Gaudich.","Basinger, Mark",NA,1994,"1994","Hawaii",NA,NA,NA,NA,NA,NA,NA,NA,NA,NA,NA,NA,NA,"Matthews, J. [""Jim""; James]","2020-08-16T00:00:00",NA,NA,"UNCC","UNCC"
"5106285826","Metrosideros polymorpha Gaudich.","Basinger, Mark",NA,1994,"1994","Hawaii",NA,NA,NA,NA,NA,NA,NA,NA,"[5 specimens mounted on sheet]",NA,NA,NA,NA,"Basinger, Mark","1994-01-07T00:00:00",NA,NA,"UNCC","UNCC"
"1318268869","Metrosideros Banks ex Gaertn.","K. R. Wood & J. Lau","2425",1993,"1993-02-25","Hawaii","Koolau Mts; Kawailoa Survey; Flatlands above Castle Trail.",NA,NA,NA,NA,416,NA,NA,NA,NA,NA,NA,NA,NA,NA,NA,NA,"US","US"
"3125078455","Metrosideros kermadecensis W.R.B.Oliv.","A.C. Sanders","33316 A",1993,"1993-02-22","California","South Coast: Mission Beach area of San Diego, south side of Mission Bay at Mission Point (La Jolla 7.5'Q)",NA,32.76083,-117.24556,NA,1,NA,NA,"Trees to 7 m tall; flowers with red stamens. Cultivated in lawn and at least 2 young plants (shrubs) c. 1 m tall naturalized on rip-rap.",NA,NA,"FL","Landscaped park with lawns and planted trees, plus rip-rap at edge of bay.",NA,NA,NA,NA,"SD",NA
"2859181940","Metrosideros polymorpha Gaudich.","Palmer, R.","93214",1993,"1993-07-10","Hawaii","Oahu, Aiea Ridge Trail",NA,NA,NA,NA,488,"1600 ft",NA,NA,NA,NA,"fl,fr",NA,NA,NA,NA,NA,"CM","botany"
"2859461921","Metrosideros polymorpha Gaudich.","Palmer, R.","93212",1993,"1993-07-10","Hawaii","Oahu, Aiea Ridge Trail",NA,NA,NA,NA,594,"1950 ft",NA,NA,NA,NA,"fl,fr",NA,NA,NA,NA,NA,"CM","botany"
"2859465886","Metrosideros polymorpha Gaudich.","Palmer, R.","93211",1993,"1993-07-10","Hawaii","Oahu, Aiea Ridge Trail",NA,NA,NA,NA,640,"2100 ft",NA,NA,NA,NA,"fl,fr",NA,NA,NA,NA,NA,"CM","botany"
"2859467903","Metrosideros polymorpha Gaudich.","Palmer, R.","93213",1993,"1993-07-10","Hawaii","Oahu, Aiea Ridge Trail",NA,NA,NA,NA,549,"1800 ft",NA,NA,NA,NA,"fl,fr",NA,NA,NA,NA,NA,"CM","botany"
"5841135971","Metrosideros polymorpha var. glaberrima (H.Lév.) H.St.John",NA,"2686",1993,"1993-07-19","Hawaii","Oahu: Koolau Mts; Kawailoa summit area; north of old Kahuku cabin",NA,NA,NA,NA,700.5,NA,NA,NA,NA,NA,NA,NA,NA,NA,NA,NA,"HAST",NA
"5841222882","Metrosideros polymorpha Gaudich.",NA,"2687",1993,"1993-07-19","Hawaii","Oahu: Koolau Mts; Kawailoa summit area; north of old Kahuku cabin",NA,NA,NA,NA,700.5,NA,NA,NA,NA,NA,NA,NA,NA,NA,NA,NA,"HAST",NA
"1318901817","Metrosideros tremuloides (A.Heller) Knuth","K. R. Wood, S. P. Perlman, R. Kennedy & J. Obata","2775",1993,"1993-09-21","Hawaii","Waianae mountains, Pahole gulch, along Makua ridge to north point of Makua",NA,NA,NA,NA,914,NA,NA,NA,NA,NA,NA,NA,NA,NA,NA,NA,"US","US"
"1322703586","Metrosideros polymorpha Gaudich.","K. R. Wood & S. P. Perlman","2848",1993,"1993-11-09","Hawaii","Waimea Dist; Nawaimaka Stream; Drainage to E of Waialae Ridge.",NA,NA,NA,NA,500,NA,NA,NA,NA,NA,NA,NA,NA,NA,NA,NA,"US","US"
"5106285338","Metrosideros polymorpha Gaudich.","Basinger, Mark; Shearer, Alan","Basinger 8193",1993,"1993-12-29","Hawaii","Kokee State Park, Pihea Trail",NA,NA,NA,NA,NA,NA,"Kokee State Park, Pihea Trail, 3500-4000 feet elevation.","[2 specimens mounted on sheet]",NA,NA,NA,NA,"Matthews, J. [""Jim""; James]","2020-08-20T00:00:00",NA,NA,"UNCC","UNCC"
"37568594","Metrosideros polymorpha Gaudich.","Funk, E.J.","Collector Number: 920022",1992,"1992-01-26","Hawaii","Waiapaa Gulch, edges of, near end of dirt road","[Hawaiian Islands; U.S.A.; Lana`i; Hawai`i; Maui; Edges of Waiapaa Gulch, near end of the dirt rd.]",NA,NA,NA,NA,"610 m","There was buffel grass, silk oak, guava, coffee and eucalyptus trees in the vicinity. There were also Pukiawe, aalii, and a few ferns.",NA,NA,NA,NA,NA,"J.W.Dawson","1997-10-01T00:00:00",NA,NA,"BPBM","BISH"
"5956250925","Metrosideros polymorpha Gaudich.","Funk, E.J.","920022",1992,"1992-01-26","Hawaii","Waiapaa Gulch, edges of, near end of dirt road",NA,20.80896,-156.88533,501,610,"610 m","There was buffel grass, silk oak, guava, coffee and eucalyptus trees in the vicinity. There were also Pukiawe, aalii, and a few ferns.","Hawaiian Medicinal Plant Study. Kupuna la`au Lapa`",NA,NA,NA,NA,"Dawson, J.W.",NA,"NotAType",NA,"BISH",NA
"1456045068","Metrosideros polymorpha var. polymorpha","G. Hughes","46",1992,"1992-02-18","Hawaii","Waikolo Lookout",NA,NA,NA,NA,1000,NA,"Mesic forest",NA,NA,NA,NA,NA,NA,NA,NA,NA,"US","US"
"1319910458","Metrosideros polymorpha Gaudich.","K. R. Wood, S. P. Perlman & J. Lau","1781",1992,"1992-04-02","Hawaii","Hanalei Dist; Pohakuao; Hanging valley between Kalalau and Hanakoa.",NA,NA,NA,NA,500,NA,NA,NA,NA,NA,NA,NA,"Lorence, David H., (PTBG), National Tropical Botanical Garden (UNITED STATES)",NA,NA,NA,"US","US"
"37573575","Metrosideros waialealae var. waialealae","Lorence, D.H. Perlman, S.; Wood, K.R; Marr, K.","Collector Number: 7226",1992,"1992-07-20","Hawaii","Koloa/Lihue District boundary, Hoary Head Mountain Range, summit of Mt Haupu","[Hawaiian Islands; U.S.A.; Kaua`i; Hawai`i; Koloa/Lihue District boundary, Hoary Head Mountain Range, summit of Mt Haupu.]",NA,NA,NA,NA,"670 m-700 m","Low windswept wet shrubland with Metrosideros, Antidesma, Dicranopteris, Diplopterygium, Syzygium, Cheirodendron, invaded by Rubus rosifolius, Paederia, & Heliocarpus.","Stunted tree 2.5 m, buds obtuse, young fruits green.",NA,NA,NA,NA,"W.L.Wagner",NA,NA,NA,"BPBM","BISH"
"1318188767","Metrosideros waialealae var. waialealae","D. H. Lorence, S. P. Perlman, K. Wood & K. Marr","7226",1992,"1992-07-20","Hawaii","Koloa/Lihue Dist boundary, Hoary Head mt. range, summit of Mt. Haupu",NA,NA,NA,NA,685,NA,NA,NA,NA,NA,NA,NA,NA,NA,NA,NA,"US","US"
"5956335671","Metrosideros waialealae var. waialealae","Lorence, D.H.; Perlman, S.; Wood, K.R; Marr, K.","7226",1992,"1992-07-20","Hawaii","Koloa/Lihue District boundary, Hoary Head Mountain Range, summit of Mt Haupu",NA,NA,NA,NA,685,"670-700 m","Low windswept wet shrubland with Metrosideros, Antidesma, Dicranopteris, Diplopterygium, Syzygium, Cheirodendron, invaded by Rubus rosifolius, Paederia, & Heliocarpus.","Endemic, occasional around summit with M. p. diete; Stunted tree 2.5 m, buds obtuse, young fruits green.",NA,NA,NA,NA,"Wagner, W.L.",NA,"NotAType",NA,"BISH",NA
"37574751","Metrosideros polymorpha var. polymorpha","Miller, J.S. Merello, M.","Collector Number: 7925A",1992,"1992-08-05","Hawaii","21 mi W of Hilo on Saddle Rd","[Hawaiian Islands; U.S.A.; Hawai`i; 21 mi W of Hilo on Saddle Rd.]",19.6833,-155.333,NA,NA,"5200 ft",NA,"Tree 6 m tall; filaments bright red.",NA,NA,NA,NA,"J.W.Dawson","1997-10-20T00:00:00",NA,NA,"BPBM","BISH"
"1260461228","Metrosideros polymorpha Gaudich.","Alwyn H. Gentry|Rosa Ortiz|L. Meyerhoff","78025",1992,"1992-08-07","Hawaii","Oahu.",NA,NA,NA,NA,NA,NA,NA,NA,NA,NA,NA,NA,NA,NA,NA,NA,"MO","Tropicos"
"1260461329","Metrosideros polymorpha Gaudich.","Alwyn H. Gentry|Rosa Ortiz","78036",1992,"1992-08-08","Hawaii","Waimea Canyon Road, Iliau Loop trail.",NA,NA,NA,NA,1000,NA,NA,NA,NA,NA,NA,NA,NA,NA,NA,NA,"MO","Tropicos"
"1260461401","Metrosideros polymorpha Gaudich.","Alwyn H. Gentry|Rosa Ortiz","78041",1992,"1992-08-08","Hawaii","Kalalau lookout and Pihea trail. Kokee State Park.",NA,NA,NA,NA,1400,NA,NA,NA,NA,NA,NA,NA,NA,NA,NA,NA,"MO","Tropicos"
"1260461446","Metrosideros waialealae (Rock) Rock","Alwyn H. Gentry|Rosa Ortiz","78042",1992,"1992-08-08","Hawaii","Kalalau lookout and Pihea trail. Kokee State Park.",NA,NA,NA,NA,1400,NA,NA,NA,NA,NA,NA,NA,NA,NA,NA,NA,"MO","Tropicos"
"1260507392","Metrosideros polymorpha Gaudich.","James S. Miller|Mary Merello","7925A",1992,"1992-08-05","Hawaii","21 mi W of Hilo on Saddle Road.",NA,19.68333,-155.33333,NA,1650,NA,NA,NA,NA,NA,NA,NA,"James S. Miller (MO)","1992-01-01T00:00:00",NA,NA,"MO","Tropicos"
"1321307799","Metrosideros tremuloides (A.Heller) Knuth","G. D. Wallace","2985",1992,"1992-08-10","Hawaii","Manoa Cliffs Trail",NA,NA,NA,NA,518,NA,"Windy steep slope off trail",NA,NA,NA,NA,NA,NA,NA,NA,NA,"US","US"
"4912178509","Metrosideros Banks ex Gaertn.","G. D. Wallace","2991",1992,"1992-08-13","Hawaii","Kauai, end of road.",NA,NA,NA,NA,1220,"1220 m.","In edge of wet forest area.",NA,NA,NA,NA,NA,NA,NA,NA,NA,"BRY","V"
"5956195585","Metrosideros polymorpha var. polymorpha","Miller, J.S.; Merello, M.","7925A",1992,"1992-08-05","Hawaii","21 mi W of Hilo on Saddle Rd",NA,19.683333,-155.333333,NA,1585,"5200 ft",NA,"Tree 6 m tall; filaments bright red.",NA,NA,NA,NA,"Dawson, J.W.",NA,"NotAType",NA,"BISH",NA
"37569301","Metrosideros polymorpha var. polymorpha","Woodward, L.","Collector Number: 1",1992,"1992-12-14","Hawaii","North Halawa Valley; ridge","[Hawaiian Islands; U.S.A.; O`ahu; Hawai`i; Honolulu; North Halawa Valley; ridge.]",NA,NA,NA,NA,"2443 m",NA,NA,NA,NA,NA,NA,"N. Snow","2010-09-03T00:00:00",NA,NA,"BPBM","BISH"
"5956390988","Metrosideros polymorpha var. polymorpha","Woodward, L.","1",1992,"1992-12-14","Hawaii","North Halawa Valley; ridge",NA,NA,NA,NA,2443,"2443 m",NA,NA,NA,NA,NA,NA,"Snow, N.",NA,"NotAType",NA,"BISH",NA
"4912015224","Metrosideros tremuloides (A.Heller) Knuth","G. D. Wallace",NA,1992,"1992","Hawaii",NA,NA,NA,NA,NA,NA,NA,NA,NA,NA,NA,NA,"With Acacia koa, Cordyline, Psidium guava, Setaria.",NA,NA,NA,NA,"BRY","V"
"37568371","Metrosideros polymorpha var. polymorpha","Douglas, P. Hindes; Durkin; Popolizio","Collector Number: 4571",1991,"1991-01-17","Hawaii","Pohakuloa, Hamakua, N of Bravo Tank trail","[Hawaiian Islands; U.S.A.; Hawai`i; Pohakuloa, Hamakua, N of Bravo Tank trail]",NA,NA,NA,NA,"1829 m","pahoehoe; Vaccinium reticulatum, Dodonaea viscosa","15-20 m, erect; hypanthium canescent, 3-7 mm high, sepals rounded to triangular, petals obovate, stamens and style to 3 cm long, bright red, occasionally yellow; leaves ovate to suborbicular, lower surface with wooly or appressed pubescence",NA,NA,NA,NA,"Staples, G.W.","2004-04-01T00:00:00",NA,NA,"BPBM","BISH"
"1318327399","Metrosideros polymorpha var. incana (H.Lév.) Skottsb.","D. H. Lorence & T. W. Flynn","6668",1991,"1991-01-07","Hawaii","Puna Dist; just NE of Kehena, between mi markers 20 & 21 of Kalapana to Kapoho Rd",NA,NA,NA,NA,50,NA,NA,NA,NA,NA,NA,NA,NA,NA,NA,NA,"US","US"
"5956400847","Metrosideros polymorpha var. polymorpha","Douglas, P.; Hindes; Durkin; Popolizio","4571",1991,"1991-01-17","Hawaii","Pohakuloa, Hamakua, N of Bravo Tank trail",NA,NA,NA,NA,1829,"1829 m","pahoehoe; Vaccinium reticulatum, Dodonaea viscosa","endemic; scattered; 15-20 m, erect; hypanthium canescent, 3-7 mm high, sepals rounded to triangular, petals obovate, stamens and style to 3 cm long, bright red, occasionally yellow; leaves ovate to suborbicular, lower surface with wooly or appressed pubescence",NA,NA,NA,NA,"Staples, G.W.",NA,"NotAType",NA,"BISH",NA
"37573665","Metrosideros waialealae var. waialealae","Lorence, D.H. Flynn, T.; Wood, K.R; Taylor, P.","Collector Number: 6707",1991,"1991-02-28","Hawaii","Koloa, Wahiawa, WNW along ridge from stream to ridge connecting Hulua and Kapalaoa Peaks","[Hawaiian Islands; U.S.A.; Kaua`i; Koloa, Wahiawa, WNW along ridge from stream to ridge connecting Hulua and Kapalaoa Peaks]",NA,NA,NA,NA,"700-840 m","Melicope, Ilex, Syzygium, Pritchardia, Dicranopteris linearis, Machaerina, Gahnia, Freycinetia","1.7 m tree, shrubby; expanding vegetative buds pointed, petioles reddish; ripe fruit brown, seeds pale brown",NA,NA,NA,NA,"W.L.Wagner","1994-01-01T00:00:00",NA,NA,"BPBM","BISH"
"1319230953","Metrosideros waialealae var. waialealae","D. H. Lorence, T. W. Flynn, K. Wood & P. G. Taylor","6708",1991,"1991-02-28","Hawaii","Koloa Dist, Lihue-Koloa For Res, Wahiawa str and mts, WNW along Lone Loulu Ridge, towards ridge btw Hulua and Kapalaoa Peaks",NA,NA,NA,NA,770,NA,NA,NA,NA,NA,NA,NA,NA,NA,NA,NA,"US","US"
"1322000144","Metrosideros waialealae var. waialealae","D. H. Lorence, T. W. Flynn, K. Wood & P. G. Taylor","6707",1991,"1991-02-28","Hawaii","Koloa Dist, Lihue-Koloa For Res, Wahiawa Str and mts, WNW along Lone Loulu Ridge towards ridge btw Hulua and Kapalaoa Peaks",NA,NA,NA,NA,770,NA,NA,NA,NA,NA,NA,NA,NA,NA,NA,NA,"US","US"
"5956164468","Metrosideros waialealae var. waialealae","Lorence, D.H.; Flynn, T.; Wood, K.R; Taylor, P.","6707",1991,"1991-02-28","Hawaii","Koloa, Wahiawa, WNW along ridge from stream to ridge connecting Hulua and Kapalaoa Peaks",NA,NA,NA,NA,770,"700-840 m","Melicope, Ilex, Syzygium, Pritchardia, Dicranopteris linearis, Machaerina, Gahnia, Freycinetia","1.7 m tree, shrubby; expanding vegetative buds pointed, petioles reddish; ripe fruit brown, seeds pale brown",NA,NA,NA,NA,"Wagner, W.L.","1994-01-01T00:00:00","NotAType",NA,"BISH",NA
"2273828448","Metrosideros waialealae var. waialealae","Leila M. Shultz; John A. McReynolds","11682.2",1991,"1991-03-08","Hawaii","Pihea trail, Alakai swamp, near trail head",NA,22.143094,-159.625464,2000,1149,"3770 Ft","on hummocks in swampy soil; black soil, high organic matter","Voucher for anatomical studies of Metrosideros spp.",NA,NA,NA,NA,NA,NA,NA,NA,"USU","UTC"
"2273828541","Metrosideros polymorpha Gaudich.","Leila M. Shultz; John A. McReynolds","11627",1991,"1991-03-08","Hawaii","Pihea trail, Alakai swamp",NA,22.143094,-159.625464,NA,1149,"3770 Ft","on hummocks in swampy soil; black soil, high organic matter","Voucher for anatomical studies of Metrosideros along elevational gradients",NA,NA,NA,NA,"L. M. Shultz",NA,NA,NA,"USU","UTC"
"2273828544","Metrosideros polymorpha var. glaberrima (H.Lév.) H.St.John","Leila M. Shultz; John A. McReynolds","11680",1991,"1991-03-08","Hawaii","Pihea trail, Alakai swamp, near trail head",NA,22.143094,-159.625464,2000,1149,"3770 Ft","on hummocks in swampy soil; black soil, high organic matter","Voucher for anatomical studies of Metrosideros along elevational gradients; plants ca. 1.5 m tall, taller than Shultz 11624",NA,NA,NA,NA,"L. M. Shultz",NA,NA,NA,"USU","UTC"
"2273828588","Metrosideros polymorpha var. dieteri J.W.Dawson & Stemmerm.","Leila M. Shultz; John A. McReynolds","11624",1991,"1991-03-08","Hawaii","Pihea trail, Alakai swamp",NA,22.143094,-159.625464,NA,1149,"3770 Ft","on hummocks in swampy soil; black soil, high organic matter","Voucher for anatomical studies of Metrosideros along elevational gradients",NA,NA,NA,NA,"L. M. Shultz",NA,NA,NA,"USU","UTC"
"2273828631","Metrosideros waialealae var. waialealae","Leila M. Shultz; John A. McReynolds","11681",1991,"1991-03-08","Hawaii","Pihea trail, Alakai swamp, near trail head",NA,22.143094,-159.625464,2000,1149,"3770 Ft","on hummocks in swampy soil; black soil, high organic matter","Voucher for anatomical studies of Metrosideros spp.",NA,NA,NA,NA,NA,NA,NA,NA,"USU","UTC"
"2273828705","Metrosideros polymorpha Gaudich.","Leila M. Shultz; John A. McReynolds","11625",1991,"1991-03-08","Hawaii","Pihea trail, Alakai swamp",NA,22.143094,-159.625464,NA,1149,"3770 Ft","on hummocks in swampy soil; black soil, high organic matter","Voucher for anatomical studies of Metrosideros along elevational gradients; plants ca. 1.5 m tall, taller than Shultz 11624",NA,NA,NA,NA,NA,NA,NA,NA,"USU","UTC"
"2273828752","Metrosideros waialealae var. waialealae","Leila M. Shultz; John A. McReynolds","11682",1991,"1991-03-08","Hawaii","Pihea trail, Alakai swamp, near trail head",NA,22.143094,-159.625464,2000,1149,"3770 Ft","on hummocks in swampy soil; black soil, high organic matter","Voucher for anatomical studies of Metrosideros spp.",NA,NA,NA,NA,NA,NA,NA,NA,"USU","UTC"
"1319520233","Metrosideros polymorpha var. pumila (A.Heller) J.W.Dawson & Stemmerm.","D. H. Lorence & T. W. Flynn","6747",1991,"1991-04-04","Hawaii","Koloa Dist; Lihue-Koloa Forest Reserve, Wahiawa Mts, along SE perimeter of Wahiawa Bog",NA,NA,NA,NA,640,NA,NA,NA,NA,NA,NA,NA,NA,NA,NA,NA,"US","US"
"37567838","Metrosideros polymorpha Gaudich.","Welton, P.","Collector Number: 693",1991,"1991-05-04","Hawaii","Kapuna Gulch in dieback area","[Hawaiian Islands; U.S.A.; O`ahu; Hawai`i; Honolulu; Kapuna Gulch in dieback area.]",NA,NA,NA,NA,"641 m",NA,NA,NA,NA,NA,NA,"J.W.Dawson","1997-10-01T00:00:00",NA,NA,"BPBM","BISH"
"1320904981","Metrosideros polymorpha var. dieteri J.W.Dawson & Stemmerm.","D. H. Lorence, T. W. Flynn & K. Wood","6790",1991,"1991-05-20","Hawaii","Koloa Dist; Lihue-Koloa For Res, heading SE from ridge connecting Hulua & Kapalaoa Peaks, N of Wahiawa Stream, down into hang...",NA,NA,NA,NA,805,NA,NA,NA,NA,NA,NA,NA,NA,NA,NA,NA,"US","US"
"3465128741","Metrosideros excelsa Sol. ex Gaertn.","R. Cox","s.n.",1991,"1991-05-28","California","Encinitas, Quail Botanical Gardens",NA,NA,NA,NA,NA,NA,NA,NA,NA,NA,"FL",NA,NA,NA,NA,NA,"SD",NA
"3465134738","Metrosideros kermadecensis W.R.B.Oliv.","R. Cox","s.n.",1991,"1991-05-28","California","Encinitas, Quail Botanical Gardens",NA,NA,NA,NA,NA,NA,NA,NA,NA,NA,"FL",NA,NA,NA,NA,NA,"SD",NA
"5956411951","Metrosideros polymorpha Gaudich.","Welton, P.","693",1991,"1991-05-04","Hawaii","Kapuna Gulch in dieback area",NA,NA,NA,NA,641,"641 m",NA,"Dawson's det. label says: ""Perhaps X M. tremuloide",NA,NA,NA,NA,"Dawson, J.W.",NA,"NotAType",NA,"BISH",NA
"37567860","Metrosideros polymorpha Gaudich.","Hobdy, R.W.","Collector Number: 3304",1991,"1991-06-04","Hawaii","W Maui, Lahaina District, Lihau","[Hawaiian Islands; U.S.A.; Maui; Hawai`i; W Maui, Lihau.]",NA,NA,NA,NA,"1096 m",NA,NA,NA,NA,NA,NA,"J.W.Dawson","1997-10-01T00:00:00",NA,NA,"BPBM","BISH"
"37568173","Metrosideros polymorpha var. dieteri J.W.Dawson & Stemmerm.","Hobdy, R.W. Perlman, S.; Wood, K.R.","Collector Number: 3335",1991,"1991-06-18","Hawaii","Namolokama Plaueau","[Hawaiian Islands; U.S.A.; Kaua`i; Hawai`i; Namolokama Plaueau]",NA,NA,NA,NA,"1290",NA,"This was the only tree seen flowering on this date.  Young leaves and inflorescence densely gray and wooly.",NA,NA,NA,NA,"W.L.Wagner","1994-01-01T00:00:00",NA,NA,"BPBM","BISH"
"37569042","Metrosideros polymorpha Gaudich.","Hobdy, R.W. Perlman, S.; Wood, K.R.","Collector Number: 3338",1991,"1991-06-18","Hawaii","Mamolokama Plateau","[Hawaiian Islands; U.S.A.; Kaua`i; Hawai`i; Mamolokama Plateau.]",NA,NA,NA,NA,"1300 m",NA,"Leaves always small.",NA,NA,NA,NA,"J.W.Dawson","1997-10-01T00:00:00",NA,NA,"BPBM","BISH"
"1321201488","Metrosideros polymorpha Gaudich.","T. G. Lammers & K. R. Wood","8192",1991,"1991-06-06","Hawaii","Hanalei Dist: Halelea For Res, Wainiha Valley, SW of the dam.",NA,NA,NA,NA,300,NA,"Wet forested slopes",NA,NA,NA,NA,NA,NA,NA,NA,NA,"US","US"
"5841145016","Metrosideros polymorpha var. glaberrima (H.Lév.) H.St.John","Peng, Ching-I (彭鏡毅)","14076",1991,"1991-06-01","Hawaii","O'ahu Island: Wai'anae Kai Forest Reserve, trail from end of paved road at Board of Water Supplyfacility off Wai'anae Valley Rd.",NA,NA,NA,NA,780,NA,NA,NA,NA,NA,NA,NA,NA,NA,NA,NA,"HAST",NA
"5841235809","Metrosideros polymorpha var. glaberrima (H.Lév.) H.St.John","T. G. Lammers","8133",1991,"1991-06-01","Hawaii","O'ahu: Wai'anae District: Qai'anae Mts. , Wai'anae Kai Forest Reserve, trail on Kamaile'unu Ridge, southwest of Ka'ala",NA,NA,NA,NA,780,NA,NA,NA,NA,NA,NA,NA,NA,NA,NA,NA,"HAST",NA
"5956266181","Metrosideros polymorpha Gaudich.","Hobdy, R.W.","3304",1991,"1991-06-04","Hawaii","W Maui, Lahaina District, Lihau",NA,20.85149,-156.59914,714,1096,"1096 m",NA,NA,NA,NA,NA,NA,"Dawson, J.W.",NA,"NotAType",NA,"BISH",NA
"5956518434","Metrosideros polymorpha var. dieteri J.W.Dawson & Stemmerm.","Hobdy, R.W.; Perlman, S.; Wood, K.R.","3335",1991,"1991-06-18","Hawaii","Namolokama Plaueau",NA,NA,NA,NA,NA,"1290",NA,"This was the only tree seen flowering on this date. Young leaves and inflorescence densely gray and wooly.",NA,NA,NA,NA,"Wagner, W.L.","1994-01-01T00:00:00","NotAType",NA,"BISH",NA
"5956530013","Metrosideros polymorpha Gaudich.","Hobdy, R.W.; Perlman, S.; Wood, K.R.","3338",1991,"1991-06-18","Hawaii","Mamolokama Plateau",NA,NA,NA,NA,1300,"1300 m",NA,"The common glabrous Ohia on the plateau besides M.; Leaves always small.",NA,NA,NA,NA,"Dawson, J.W.",NA,"NotAType",NA,"BISH",NA
"5956592768","Metrosideros polymorpha Gaudich.","Hobdy, R.W.; Perlman, S.; Wood, K.R.","3315",1991,"1991-06-18","Hawaii","Namolokama Plateau",NA,NA,NA,NA,NA,NA,NA,"Current sheet number is 611490; Common",NA,NA,NA,NA,"Wagner, W.L.",NA,"NotAType",NA,"BISH",NA
"37567544","Metrosideros polymorpha Gaudich.","Welton, P. Haus, B.","Collector Number: 869",1991,"1991-07-08","Hawaii","W Maui, Lahaina District, Lihau","[Hawaiian Islands; U.S.A.; Maui; Hawai`i; West Maui: Lihau.]",NA,NA,NA,NA,"1600 ft","Lowland Dry Shrubland at 1600 ft in a rocky crevass on a N facing slope with Canthium odoratum, Alyxia oliviformis, Mariscus spp. and Sphenomeris.",NA,NA,NA,NA,NA,"N. Snow","2010-09-03T00:00:00",NA,NA,"BPBM","BISH"
"37569161","Metrosideros polymorpha Gaudich.","Welton, P. Haus, B.","Collector Number: 882",1991,"1991-07-08","Hawaii","W Maui, Lahaina District, Lihau","[Hawaiian Islands; U.S.A.; Maui; Hawai`i; West Maui: Lihau.]",NA,NA,NA,NA,"2100 ft","Lowland Dry Shrubland at 2100 ft on a W facing slope with Dodonaea viscosa, Sida fallax, Lipochaeta lavarum and L. lobata",NA,NA,NA,NA,NA,"N. Snow","2010-09-03T00:00:00",NA,NA,"BPBM","BISH"
"5956173807","Metrosideros polymorpha Gaudich.","Welton, P.; Haus, B.","882",1991,"1991-07-08","Hawaii","W Maui, Lahaina District, Lihau",NA,20.84333,-156.61118,1136,640,"2100 ft","Lowland Dry Shrubland at 2100 ft on a W facing slope with Dodonaea viscosa, Sida fallax, Lipochaeta lavarum and L. lobata",NA,NA,NA,NA,NA,"Snow, N.",NA,"NotAType",NA,"BISH",NA
"5956222786","Metrosideros polymorpha Gaudich.","Welton, P.; Haus, B.","869",1991,"1991-07-08","Hawaii","W Maui, Lahaina District, Lihau",NA,20.84338,-156.61288,1328,488,"1600 ft","Lowland Dry Shrubland at 1600 ft in a rocky crevass on a N facing slope with Canthium odoratum, Alyxia oliviformis, Mariscus spp. and Sphenomeris.",NA,NA,NA,NA,NA,"Snow, N.",NA,"NotAType",NA,"BISH",NA
"1897734872","Metrosideros polymorpha Gaudich.","A R Jamieson",NA,1991,"1991-10-31",NA,NA,"United States of America, Hawaii, Island of Hawai'i, Hawai'i Volcanoes National Park, c. 150 m southwest of lower Mauna Loa trail and 50 m downhill from fenceline",19.508333,-155.413889,5000,NA,"2042.2m",NA,NA,NA,NA,NA,NA,NA,NA,NA,NA,"AK","AK"
"37574327","Metrosideros waialealae (Rock) Rock","Welton, P. Lau, J.","Collector Number: 1401",1991,"1991-11-28","Hawaii","W Maui, Lahaina District, Lihau","[Hawaiian Islands; U.S.A.; Maui; Hawai`i; West Maui: Lihau.]",NA,NA,NA,NA,"3450 ft","Lowland Ohia Mixed Mesic Forest at 3450 feet on a steep north facing slope associated with Metrosideros, Dodonaea, Styphelia, Psychotria, Cheirodendron, Cyrtandra spp., Pipturus, Alyxia, Pelea, Hedyotis spp., Dubautia, Myoporum, Freycinetia, Perrotettia and native ferns and sedges",NA,NA,NA,NA,NA,"Herbst, D.R.","1998-01-01T00:00:00",NA,NA,"BPBM","BISH"
"5956588027","Metrosideros waialealae (Rock) Rock","Welton, P.; Lau, J.","1401",1991,"1991-11-28","Hawaii","W Maui, Lahaina District, Lihau",NA,20.85149,-156.59914,849,1052,"3450 ft","Lowland Ohia Mixed Mesic Forest at 3450 feet on a steep north facing slope associated with Metrosideros, Dodonaea, Styphelia, Psychotria, Cheirodendron, Cyrtandra spp., Pipturus, Alyxia, Pelea, Hedyotis spp., Dubautia, Myoporum, Freycinetia, Perrotettia and native ferns and sedges","New Island Record!",NA,NA,NA,NA,"Herbst, D.R.","1998-01-01T00:00:00","NotAType",NA,"BISH",NA
"1318193654","Metrosideros polymorpha Gaudich.","K. R. Wood","1449",1991,"1991-12-04","Hawaii","Hanalei Dist; Kalalau Rim; Kalahu side below and W of first Kalalau lookout.",NA,NA,NA,NA,610,NA,NA,NA,NA,NA,NA,NA,"Lorence, David H., (PTBG), National Tropical Botanical Garden (UNITED STATES)",NA,NA,NA,"US","US"
"1988144361","Metrosideros polymorpha Gaudich.","Gerald B. Straley","6032",1990,"1990-02-02","Hawaii","Island of Hawaii, Route 11, just west of kahuka ranch, southern tip of Hawaii","United States; Hawaii; Island of Hawaii, Route 11, just west of kahuka ranch, southern tip of Hawaii",NA,NA,NA,NA,NA,"on old lava flow",NA,"common small tree;flowers bright red.",NA,NA,NA,"Gerald B. Straley",NA,NA,NA,"BBM","UBC"
"1322382845","Metrosideros polymorpha var. dieteri J.W.Dawson & Stemmerm.","D. H. Lorence, T. W. Flynn, D. Blaxell, S. Darwin & A. McCartney","6449",1990,"1990-05-31","Hawaii","Hanalei Dist, Na Pali Kona Forest Reserve. Upper slopes of S rim of Kalalau Valley, N of Hwy 550",NA,NA,NA,NA,1220,NA,NA,NA,NA,NA,NA,NA,NA,NA,NA,NA,"US","US"
"5841152970","Metrosideros polymorpha var. dieteri J.W.Dawson & Stemmerm.",NA,"6449",1990,"1990-05-31","Hawaii","Kauai: Hanalei District, Na Pali Kona Forest Reserve. Upper slopes of S. rim of Kalalau Valley, N. of Highway 550",NA,NA,NA,NA,1220,NA,NA,NA,NA,NA,NA,NA,NA,NA,NA,NA,"HAST",NA
"1322582889","Metrosideros polymorpha Gaudich.","H. T. Beck","1147",1990,"1990-06-22","Hawaii","Kokee State Park, Alakai Trail, 0.5 mi.",NA,22.1667,-159.667,NA,1170,NA,NA,NA,NA,NA,NA,NA,"Wagner, W. L., (BOT), Smithsonian Institution - National Museum of Natural History (UNITED STATES)",NA,NA,NA,"US","US"
"1931064028","Metrosideros polymorpha Gaudich.","H. T. Beck","1147",1990,"1990-06-22","Hawaii","Kauai Island: Kokeé State Park. Alakai Trail  0.5 mile",NA,22.17,-159.67,NA,1170,"3839 ft",NA,NA,NA,NA,NA,NA,"B. K. Holst","1993-01-01T00:00:00",NA,"sheet","NY","NY"
"1931307939","Metrosideros polymorpha Gaudich.","K. H. Thorne","8039",1990,"1990-08-07","Hawaii","Oahu, Laie Trail to the ridge of Koolau Range",NA,21.644662,-157.938679,3078,823,"2700 ft",NA,NA,NA,NA,NA,NA,NA,NA,NA,"sheet","NY","NY"
"1321220630","Metrosideros polymorpha var. pumila (A.Heller) J.W.Dawson & Stemmerm.","D. H. Lorence, T. W. Flynn, K. Wood & D. Ragone","6656",1990,"1990-12-18","Hawaii","Koloa Dist; Lihue-Koloa Forest Reserve, Wahiawa Stream & Mts, along steep N-S-facing ridge from stream towards Kapalaoa Peak.",NA,NA,NA,NA,735,NA,NA,NA,NA,NA,NA,NA,NA,NA,NA,NA,"US","US"
"3400144304","Metrosideros Banks ex Gaertn.","T Flynn|D Lorence|Diane Ragone|Ken Wood","4317",1990,"1990-12-18",NA,NA,"Hawaiian Islands; Kauai: Koloa District; Lihue-Koloa Forest Reserve; NW of Wahiawa stream along small unnamed tributary towards ridge connecting Hulua and Kapalaoa",21.9938,-159.50812,1000,680,"670-690 m","Open wet forest dominated by Metrosiderous polymorpha, M. waialealae, Antidesma platyphyllum var. hillebrandii, Syzygium, Cheirodendron, and Dicranopteris linearis and invaded by Psidium cattleianum and Melastoma candidum.",NA,NA,"[{""local_contexts_project_id"":""00c8a26c-a4e3-4397-aa8c-7927e6ab732b""}]",NA,NA,"T. Flynn",NA,NA,NA,"CHR","CHR"
"5956525717","Metrosideros polymorpha var. polymorpha","Eaton, D.C.","s.n.",1989,"1989-01-01","Hawaii","Sandwich Islands",NA,NA,NA,NA,NA,NA,NA,"Herbarium of the U.S. South Pacific Exploring Expedition under the command of Capt. Wilkes, U.S.N., 1838 - 42.| Smithsonian Insititution",NA,NA,NA,NA,"Wagner, W.L.","1989-01-01T00:00:00","NotAType",NA,"BISH",NA
"37567500","Metrosideros polymorpha Gaudich.","Bunch, P.M.","Collector Number: L106",1989,"1989-03-13","Hawaii","North Kohala District, Kalala ahupuaa, Lahikiola cinder cone","[Hawaiian Islands; U.S.A.; Hawai`i; North Kohala District, Kalala ahupua`a, Lahikiola cinder cone.]",20.1333,-155.783,NA,NA,"3000-3300 ft","Growing on west, northwest and northeast slopes of the cinder cone.","Shrub or small tree.",NA,NA,NA,NA,"W.L.Wagner; D.R.Herbst","1991-01-01T00:00:00",NA,NA,"BPBM","BISH"
"5956389365","Metrosideros polymorpha Gaudich.","Bunch, P.M.","L106",1989,"1989-03-13","Hawaii","North Kohala District, Kalala ahupuaa, Lahikiola cinder cone",NA,20.133333,-155.783333,NA,960,"3000-3300 ft","Growing on west, northwest and northeast slopes of the cinder cone.","Shrub or small tree.",NA,NA,NA,NA,"Wagner, W.L.; Herbst, D.R.",NA,"NotAType",NA,"BISH",NA
"37567489","Metrosideros polymorpha Gaudich.","Takeuchi, W.N. Shimabukoro, C.","Collector Number: 5813",1989,"1989-05-20","Hawaii","Puuwaawaa; forest on transect T17, near hwy 190","[Hawaiian Islands; U.S.A.; Hawai`i; Puuwaawaa; forest on transect T17, near hwy 190.]",19.7833,-155.85,NA,NA,"640 m",NA,NA,NA,NA,NA,NA,"J.W.Dawson","1997-10-01T00:00:00",NA,NA,"BPBM","BISH"
"37567590","Metrosideros macropus Hook. & Arn.","Obata, J.K. Fenstemacher, R.","Collector Number: s.n.",1989,"1989-05-29","Hawaii","Koolau Range, Aiea Trail. Just as trail cuts into the wet, upper third of the trail","[Hawaiian Islands; U.S.A.; O`ahu; Hawai`i; Honolulu; Koolau Range, Aiea Trail. Just as trail cuts into the wet, upper third of the trail.]",NA,NA,NA,NA,"549 m","Growing off ridge top in open windblown terrain.","A low bush form. Long bracts and petiolar bracts distinguishing feature.",NA,NA,NA,NA,NA,NA,NA,NA,"BPBM","BISH"
"37567961","Metrosideros macropus Hook. & Arn.","Obata, J.K. Fenstemacher, R.","Collector Number: s.n.",1989,"1989-05-29","Hawaii","Koolau Range, Aiea Trail. Just as trail cuts into the wet, upper third of the trail","[Hawaiian Islands; U.S.A.; O`ahu; Hawai`i; Honolulu; Koolau Range, Aiea Trail. Just as trail cuts into the wet, upper third of the trail.]",NA,NA,NA,NA,"548.64 m",NA,NA,NA,NA,NA,NA,NA,NA,NA,NA,"BPBM","BISH"
"37568109","Metrosideros macropus Hook. & Arn.","Obata, J.K. Fenstemacher, R.","Collector Number: s.n.",1989,"1989-05-29","Hawaii","Koolau Range, Aiea Trail. Just as trail cuts into the wet, upper third of the trail","[Hawaiian Islands; U.S.A.; O`ahu; Hawai`i; Honolulu; Koolau Range, Aiea Trail. Just as trail cuts into the wet, upper third of the trail.]",NA,NA,NA,NA,"548.64 m",NA,NA,NA,NA,NA,NA,NA,NA,NA,NA,"BPBM","BISH"
"37568354","Metrosideros macropus Hook. & Arn.","Obata, J.K. Fenstemacher, R.","Collector Number: s.n.",1989,"1989-05-29","Hawaii","Koolau Range, Aiea Trail. Just as trail cuts into the wet, upper third of the trail","[Hawaiian Islands; U.S.A.; O`ahu; Hawai`i; Honolulu; Koolau Range, Aiea Trail. Just as trail cuts into the wet, upper third of the trail.]",NA,NA,NA,NA,"549 m","Growing off ridge top in open windblown terrain.","A low bush form. Long bracts and petiolar bracts distinguishing feature.",NA,NA,NA,NA,NA,NA,NA,NA,"BPBM","BISH"
"37573022","Metrosideros polymorpha Gaudich.","Takeuchi, W.N. Shimabukoro, C.","Collector Number: 5813",1989,"1989-05-20","Hawaii","Puuwaawaa; forest on transect T17, near hwy 190","[Hawaiian Islands; U.S.A.; Hawai`i; Puuwaawaa; forest on transect T17, near hwy 190.]",19.7833,-155.85,NA,NA,"ca. 2100 ft",NA,"Dominant canopy species.",NA,NA,NA,NA,"V. Caraway","2002-06-13T00:00:00",NA,NA,"BPBM","BISH"
"1322252034","Metrosideros polymorpha var. incana (H.Lév.) Skottsb.","W. N. Takeuchi & C. Shimabukuro","5813",1989,"1989-05-20","Hawaii","Puuwaawaa, transect T17, near Hwy 190",NA,NA,NA,NA,640,NA,NA,NA,NA,NA,NA,NA,"Wagner, W. L., (BOT), Smithsonian Institution - National Museum of Natural History (UNITED STATES)",NA,NA,NA,"US","US"
"1322877452","Metrosideros polymorpha var. pumila (A.Heller) J.W.Dawson & Stemmerm.","D. H. Lorence, T. W. Flynn & J. Plews","6356",1989,"1989-05-11","Hawaii","Waimea Dist: Alakai Wilderness Area, along Alakai Swamp Trail",NA,NA,NA,NA,1200,NA,NA,NA,NA,NA,NA,NA,NA,NA,NA,NA,"US","US"
"5956382875","Metrosideros macropus Hook. & Arn.","Obata, J.K.; Fenstemacher, R.","s.n.",1989,"1989-05-29","Hawaii","Koolau Range, Aiea Trail. Just as trail cuts into the wet, upper third of the trail",NA,NA,NA,NA,549,"549 m","Growing off ridge top in open windblown terrain.","2 sheets. Sheet 2.; A low bush form. Long bracts and petiolar bracts distinguishing feature.",NA,NA,NA,NA,NA,NA,"NotAType",NA,"BISH",NA
"5956453429","Metrosideros polymorpha Gaudich.","Takeuchi, W.N.; Shimabukoro, C.","5813",1989,"1989-05-20","Hawaii","Puuwaawaa; forest on transect T17, near hwy 190",NA,19.783333,-155.85,NA,640,"640 m",NA,"Field no. Hawaii 256. Pollen sample taken by A. Johnson (PITT) Oct 2017 for Pollen Transport Network Structure Assay",NA,NA,NA,NA,"Dawson, J.W.",NA,"NotAType",NA,"BISH",NA
"5956560058","Metrosideros macropus Hook. & Arn.","Obata, J.K.; Fenstemacher, R.","s.n.",1989,"1989-05-29","Hawaii","Koolau Range, Aiea Trail. Just as trail cuts into the wet, upper third of the trail",NA,NA,NA,NA,549,"549 m","Growing off ridge top in open windblown terrain.","Sheet 1; A low bush form. Long bracts and petiolar bracts distinguishing feature.",NA,NA,NA,NA,NA,NA,"NotAType",NA,"BISH",NA
"5956617398","Metrosideros polymorpha Gaudich.","Takeuchi, W.N.; Shimabukoro, C.","5813",1989,"1989-05-20","Hawaii","Puuwaawaa; forest on transect T17, near hwy 190",NA,19.783333,-155.85,NA,640,"2100 ft",NA,"SESP Voucher, State contract UC1988-1(EAP)-042 field no. Hawaii 256; Dominant canopy species.",NA,NA,NA,NA,"Caraway, V.",NA,"NotAType",NA,"BISH",NA
"1987016714","Metrosideros polymorpha Gaudich.","K. Thorne; H. Black","6750A",1989,"1989-07-28","Hawaii","Island of HAwaii; Mauna Loa trail, betwen 8000 - 7000 feet markers",NA,NA,NA,NA,2286,"7000 - 8000 ft.","Lava flows, sandy pockets, steam vents and tunnels. Metrosideros, Coprosma, Styphelia community","Endemic tree",NA,NA,"fruit","Coprosma, Styphelia","assumed to be collector",NA,NA,NA,"USU","UTC"
"37567718","Metrosideros polymorpha Gaudich.","Wood, K.R.","Collector Number: 234a",1989,"1989-10-04","Hawaii","power line trail, Mt. Kualapa","[Hawaiian Islands; U.S.A.; Kaua`i; power line trail, Mt. Kualapa]",NA,NA,NA,NA,"520 m","Antidesma, Dicranopteris","4 m tree, yellow flower",NA,NA,NA,NA,"W.L.Wagner; D.R.Herbst","1991-01-01T00:00:00",NA,NA,"BPBM","BISH"
"1319583794","Metrosideros polymorpha Gaudich.","D. H. Lorence, T. W. Flynn, K. Wood & W. Garnett","6388",1989,"1989-10-04","Hawaii","Kawaihau-Hanalei District Boundary, along the Power Line Trail, E of summit camp (near Mt. Kualapa)",NA,NA,NA,NA,507.5,NA,NA,NA,NA,NA,NA,NA,"Wagner, W. L., (BOT), Smithsonian Institution - National Museum of Natural History (UNITED STATES)",NA,NA,NA,"US","US"
"5956217057","Metrosideros polymorpha Gaudich.","Wood, K.R.","234a",1989,"1989-10-04","Hawaii","power line trail, Mt. Kualapa",NA,NA,NA,NA,520,"520 m","Antidesma, Dicranopteris","4 m tree, yellow flower",NA,NA,NA,NA,"Wagner, W.L.; Herbst, D.R.","1991-01-01T00:00:00","NotAType",NA,"BISH",NA
"37574731","Metrosideros waialealae var. waialealae","Wagner, W.L. Lorence, D.; Hanford, R.; Wood, K.","Collector Number: 6287",1989,"1989-11-21","Hawaii","Koloa, head of main Wahiawa drainage","[Hawaiian Islands; U.S.A.; Kaua`i; Koloa, head of main Wahiawa drainage]",NA,NA,NA,NA,"700 m",NA,"flower red",NA,NA,NA,NA,"W.L.Wagner; D.R.Herbst","1991-01-01T00:00:00",NA,NA,"BPBM","BISH"
"1319178571","Metrosideros waialealae var. waialealae","W. L. Wagner, D. H. Lorence, R. Hanford & K. Wood","6287",1989,"1989-11-21","Hawaii","Koloa Dist., headwaters of Wahiawa drainage, main branch",NA,NA,NA,NA,700,NA,NA,NA,NA,NA,NA,NA,NA,NA,NA,NA,"US","US"
"3400138302","Metrosideros Banks ex Gaertn.","Warren L Wagner|D Lorence|R Hanford|K Wood",NA,1989,"1989-11-21",NA,NA,"Kaua'i, Koloa Dist. headwaters of Wahiawa drainage, main branch",NA,NA,NA,700,"700 m",NA,NA,NA,"[{""local_contexts_project_id"":""00c8a26c-a4e3-4397-aa8c-7927e6ab732b""}]",NA,NA,NA,NA,NA,NA,"CHR","CHR"
"3400151302","Metrosideros Banks ex Gaertn.","Warren L Wagner|D Lorence|R Hanford|K Wood",NA,1989,"1989-11-21",NA,NA,"Kaua'i, Koloa Dist. headwaters of Wahiawa drainage, main branch",NA,NA,NA,700,"700 m",NA,NA,NA,"[{""local_contexts_project_id"":""00c8a26c-a4e3-4397-aa8c-7927e6ab732b""}]",NA,NA,NA,NA,NA,NA,"CHR","CHR"
"5956498045","Metrosideros waialealae var. waialealae","Wagner, W.L.; Lorence, D.; Hanford, R.; Wood, K.","6287",1989,"1989-11-21","Hawaii","Koloa, head of main Wahiawa drainage",NA,NA,NA,NA,700,"700 m",NA,"flower red",NA,NA,NA,NA,"Wagner, W.L.; Herbst, D.R.","1991-01-01T00:00:00","NotAType",NA,"BISH",NA
"1090179284","Metrosideros polymorpha var. polymorpha","Eaton, D.C.",NA,1989,"1989","Hawaii","Sandwich Islands","Sandwich Islands",NA,NA,NA,NA,NA,NA,NA,NA,NA,NA,NA,"Wagner, W.L.","1989-01-01T00:00:00",NA,NA,"BPBM","BISH"
"1321310779","Metrosideros waialealae var. waialealae","D. H. Lorence, T. W. Flynn, W. L. Wagner, C. Imada & D. R. Herbst","5963",1988,"1988-04-12","Hawaii","Koloa Dist., Lihue-Koloa For Res, Wahiawa Mts. just NE of Wahiawa Bog, along main Wahiawa Stream, NW of Mt. Kahili",NA,NA,NA,NA,685,NA,NA,NA,NA,NA,NA,NA,"Wagner, W. L., (BOT), Smithsonian Institution - National Museum of Natural History (UNITED STATES)",NA,NA,NA,"US","US"
"1852145026","Metrosideros polymorpha Gaudich.","W. L. Wagner, W. N. Takeuchi & C. Imada","6042",1988,"1988-04-09","Hawaii","Kauaikinana Stream, along Mohihi Road.",NA,NA,NA,NA,0,NA,NA,NA,NA,NA,NA,NA,"Wagner, W. L., (BOT), Smithsonian Institution - National Museum of Natural History (UNITED STATES)",NA,NA,NA,"US","US"
"37573177","Metrosideros waialealae var. waialealae","Lorence, D.H. Flynn, T.; Telfer, T.","Collector Number: 6030",1988,"1988-06-17","Hawaii","Hanalei District, Namolokama Mt, summit plateau","[Hawaiian Islands; U.S.A.; Kaua`i; Hawai`i; Hanalei District, Namolokama Mt, summit plateau.]",NA,NA,NA,NA,"1280 m-1347 m","Low, wet elfin cloud forest, of Metrosideros sp.,","Large shrub 2.5 m tall young leaves bronze colored, fruits green, common locally with small leaved Metrosideros polymorpha.",NA,NA,NA,NA,"W.L.Wagner; D.R.Herbst",NA,NA,NA,"BPBM","BISH"
"1320340982","Metrosideros polymorpha Gaudich.","D. H. Lorence, T. W. Flynn & T. Telfer","6021",1988,"1988-06-17","Hawaii","Hanalei Dist.; Namolokama Mountain, summit plateau",NA,NA,NA,NA,1313.5,NA,NA,NA,NA,NA,NA,NA,"Wagner, W. L., (BOT), Smithsonian Institution - National Museum of Natural History (UNITED STATES)",NA,NA,NA,"US","US"
"1321623514","Metrosideros polymorpha Gaudich.","D. H. Lorence, T. W. Flynn & T. Telfer","6033",1988,"1988-06-18","Hawaii","Hanalei Dist, Namolokama Mtn, summit plateau",NA,NA,NA,NA,1313.5,NA,NA,NA,NA,NA,NA,NA,"Wagner, W. L., (BOT), Smithsonian Institution - National Museum of Natural History (UNITED STATES)",NA,NA,NA,"US","US"
"1321671008","Metrosideros waialealae var. waialealae","D. H. Lorence, T. W. Flynn & T. Telfer","6030",1988,"1988-06-17","Hawaii","Hanalei Dist., Namolokama Mt., summit plateau",NA,NA,NA,NA,1313.5,NA,NA,NA,NA,NA,NA,NA,"Wagner, W. L., (BOT), Smithsonian Institution - National Museum of Natural History (UNITED STATES)",NA,NA,NA,"US","US"
"5956468959","Metrosideros waialealae var. waialealae","Lorence, D.H.; Flynn, T.; Telfer, T.","6030",1988,"1988-06-17","Hawaii","Hanalei District, Namolokama Mt, summit plateau",NA,NA,NA,NA,1313.5,"1280-1347 m","Low, wet elfin cloud forest, of Metrosideros sp.,","Large shrub 2.5 m tall young leaves bronze colored, fruits green, common locally with small leaved Metrosideros polymorpha.",NA,NA,NA,NA,"Wagner, W.L.; Herbst, D.R.",NA,"NotAType",NA,"BISH",NA
"37567505","Metrosideros polymorpha Gaudich.","Clarkson, B.D.","Collector Number: 4",1988,"1988-08-05","Hawaii","Waikamoi dieback study area, 3 mi E of Waikamoi Stream, and 300 ft. below flume","[Hawaiian Islands; U.S.A.; Maui; Waikamoi dieback study area, 3 mi. east of Waikamoi Stream, and 300 ft. below flume.]",NA,NA,NA,NA,NA,NA,NA,NA,NA,NA,NA,"Herbst, D.R.","1990-10-08T00:00:00",NA,NA,"BPBM","BISH"
"37568356","Metrosideros polymorpha Gaudich.","Clarkson, B.D.","Collector Number: 1",1988,"1988-08-05","Hawaii","Waikamoi, 0.3 mi. E of Stream","[Hawaiian Islands; U.S.A.; Maui; Hawai`i; Waikamoi, 0.3 mi. E of Stream]",NA,NA,NA,NA,"300 ft","below flume, open canopy","small leaved",NA,NA,NA,NA,"Herbst, D.R.","1990-01-01T00:00:00",NA,NA,"BPBM","BISH"
"37569010","Metrosideros polymorpha Gaudich.","Clarkson, B.D.","Collector Number: 2",1988,"1988-08-05","Hawaii","Waikamoi, 0.3 mi. E of Stream","[Hawaiian Islands; U.S.A.; Maui; Hawai`i; Waikamoi, 0.3 mi. E of Stream]",NA,NA,NA,NA,"300 ft","below flume","large glabrous",NA,NA,NA,NA,"Herbst, D.R.","1990-01-01T00:00:00",NA,NA,"BPBM","BISH"
"37573006","Metrosideros polymorpha Gaudich.","Clarkson, B.D.","Collector Number: 3",1988,"1988-08-05","Hawaii","Waikamoi, 0.3 mi. E of Stream","[Hawaiian Islands; U.S.A.; Maui; Hawai`i; Waikamoi, 0.3 mi. E of Stream]",NA,NA,NA,NA,"300 ft","below flume",NA,NA,NA,NA,NA,"Herbst, D.R.","1990-01-01T00:00:00",NA,NA,"BPBM","BISH"
"5956577504","Metrosideros waialealae (Rock) Rock","Funk, E.","s.n.",1988,"1988-08-26","Hawaii","Waikolu Valley overlook",NA,NA,NA,NA,NA,NA,NA,NA,NA,NA,NA,NA,"Wagner, W.L.; Herbst, D.R.",NA,"NotAType",NA,"BISH",NA
"5956590412","Metrosideros polymorpha Gaudich.","Clarkson, B.D.","2",1988,"1988-08-05","Hawaii","Waikamoi, 0.3 mi. E of Stream",NA,NA,NA,NA,91,"300 ft","below flume","large glabrous",NA,NA,NA,NA,"Herbst, D.R.",NA,"NotAType",NA,"BISH",NA
"5956644618","Metrosideros polymorpha Gaudich.","Clarkson, B.D.","3",1988,"1988-08-05","Hawaii","Waikamoi, 0.3 mi. E of Stream",NA,NA,NA,NA,91,"300 ft","below flume",NA,NA,NA,NA,NA,"Herbst, D.R.","1990-01-01T00:00:00","NotAType",NA,"BISH",NA
"5956644896","Metrosideros polymorpha Gaudich.","Clarkson, B.D.","1",1988,"1988-08-05","Hawaii","Waikamoi, 0.3 mi. E of Stream",NA,NA,NA,NA,91,"300 ft","below flume, open canopy","small leaved",NA,NA,NA,NA,"Herbst, D.R.","1990-01-01T00:00:00","NotAType",NA,"BISH",NA
"5956665426","Metrosideros polymorpha Gaudich.","Clarkson, B.D.","4",1988,"1988-08-05","Hawaii","Waikamoi dieback study area, 3 mi E of Waikamoi Stream, and 300 ft. below flume",NA,NA,NA,NA,NA,NA,NA,NA,NA,NA,NA,NA,"Herbst, D.R.",NA,"NotAType",NA,"BISH",NA
"1322666751","Metrosideros Banks ex Gaertn.","D. H. Lorence & T. W. Flynn","6288",1988,"1988-09-28","Hawaii","Koloa Dist; Lihue-Koloa For Preserve, along ridge ESE of Pu'u Kolo.",NA,NA,NA,NA,465,NA,NA,NA,NA,NA,NA,NA,NA,NA,NA,NA,"US","US"
"37569406","Metrosideros polymorpha Gaudich.","Welton, P.","Collector Number: 88-16",1988,"1988-11-06","Hawaii","On Waahila Ridge Trail. Manoa","[Hawaiian Islands; U.S.A.; O`ahu; Hawai`i; Honolulu; On Waahila Ridge Trail. Manoa.]",NA,NA,NA,NA,"366 m",NA,"Tree. Numerous stamens are red.",NA,NA,NA,NA,"J.W.Dawson","1997-10-01T00:00:00",NA,NA,"BPBM","BISH"
"37573058","Metrosideros waialealae (Rock) Rock","Wood, K.R. Doyle, M.","Collector Number: 0163",1988,"1988-11-08","Hawaii","Hanalei district; Namolokama Mt; Halelea Forest reserve","[Hawaiian Islands; U.S.A.; Kaua`i; Hawai`i; Hanalei district; Namolokama Mt; Halelea Forest reserve.]",NA,NA,NA,NA,"1200 m-1350 m","Metrosideros montane wet mixed community with sedges, grasses, and bryophytes. Epiphytes are common in shrub layer. Associated plants: Cheirodendron, Eurya, Cyrtandra, Dubautia, Coprosma, Melicope, Hedyotis, Plantago, Peperomia, Pipturus, Psychotria, Bidens, Cyanea, Anoectochilus, and numerous pteridophytes.","3 m tall. Collected along E rim goat trail.",NA,NA,NA,NA,"J.W.Dawson","1997-10-01T00:00:00",NA,NA,"BPBM","BISH"
"5956183800","Metrosideros polymorpha Gaudich.","Welton, P.","88-16",1988,"1988-11-06","Hawaii","On Waahila Ridge Trail. Manoa",NA,NA,NA,NA,366,"366 m",NA,"Tree. Numerous stamens are red.",NA,NA,NA,NA,"Dawson, J.W.",NA,"NotAType",NA,"BISH",NA
"5956254927","Metrosideros waialealae (Rock) Rock","Wood, K.R.; Doyle, M.","163",1988,"1988-11-08","Hawaii","Hanalei district; Namolokama Mt; Halelea Forest reserve",NA,NA,NA,NA,1275,"1200-1350 m","Metrosideros montane wet mixed community with sedges, grasses, and bryophytes. Epiphytes are common in shrub layer. Associated plants: Cheirodendron, Eurya, Cyrtandra, Dubautia, Coprosma, Melicope, Hedyotis, Plantago, Peperomia, Pipturus, Psychotria, Bidens, Cyanea, Anoectochilus, and numerous pteridophytes.","3 m tall. Collected along E rim goat trail.",NA,NA,NA,NA,"Dawson, J.W.",NA,"NotAType",NA,"BISH",NA
"37567506","Metrosideros polymorpha Gaudich.","Takeuchi, W.N.","Collector Number: 3214",1987,"1987-01-01","Hawaii","Makua rim, ridge","[Hawaiian Islands; U.S.A.; O`ahu; Makua rim, ridge]",NA,NA,NA,NA,"545 m","arid; Styphelia, Grevillea, Psidium",NA,NA,NA,NA,NA,"D.R.Herbst; S.H.Sohmer; W.L.Wagner","1989-01-01T00:00:00",NA,NA,"BPBM","BISH"
"37567675","Metrosideros polymorpha Gaudich.","Takeuchi, W.N.","Collector Number: 3212",1987,"1987-01-01","Hawaii","Makua rim, ridge","[Hawaiian Islands; U.S.A.; O`ahu; Makua rim, ridge]",NA,NA,NA,NA,"560 m","arid; Styphelia, Grevillea, Psidium",NA,NA,NA,NA,NA,"D.R.Herbst; S.H.Sohmer; W.L.Wagner","1989-01-01T00:00:00",NA,NA,"BPBM","BISH"
"37567699","Metrosideros polymorpha Gaudich.","Takeuchi, W.N. Tate, B.","Collector Number: 3269",1987,"1987-01-18","Hawaii","Lualualei","[Hawaiian Islands; U.S.A.; O`ahu; Hawai`i; Lualualei.]",NA,NA,NA,NA,"417 m","Small shrub on ± open slopes. Stands with native canopy have as the dominant assemblage a Sapindus-Nestegis-Antidesma combination; ohia occurrences are incidental only.","Generally uncommon in this basin.",NA,NA,NA,NA,"W.L.Wagner; D.R.Herbst; S.H.Sohmer","1989-01-01T00:00:00",NA,NA,"BPBM","BISH"
"37567713","Metrosideros polymorpha Gaudich.","Takeuchi, W.N.","Collector Number: 3267",1987,"1987-01-18","Hawaii","Lualualei","[Hawaiian Islands; U.S.A.; O`ahu; Lualualei]",NA,NA,NA,NA,"390 m","Schinus, base of eroded slope",NA,NA,NA,NA,NA,"D.R.Herbst; S.H.Sohmer; W.L.Wagner","1989-01-01T00:00:00",NA,NA,"BPBM","BISH"
"37567836","Metrosideros polymorpha Gaudich.","Takeuchi, W.N.","Collector Number: 3213",1987,"1987-01-01","Hawaii","Makua rim, ridge","[Hawaiian Islands; U.S.A.; O`ahu; Makua rim, ridge]",NA,NA,NA,NA,"555 m","arid; Styphelia, Grevillea, Psidium",NA,NA,NA,NA,NA,"D.R.Herbst; S.H.Sohmer; W.L.Wagner","1989-01-01T00:00:00",NA,NA,"BPBM","BISH"
"1090245702","Metrosideros Banks ex Gaertn.","Wallace, G.D.","Collector Number: 2570",1987,"1987-01-27","Hawaii","SW of Hilo, off Kulani Prison Rd., Disappointment Rd","[Hawaiian Islands; U.S.A.; Hawai`i; SW of Hilo, off Kulani Prison Rd., Disappointment Rd.]",19.7167,-155.083,NA,NA,"1067 m","wet forest kipuka","3x1 m",NA,NA,NA,NA,NA,NA,NA,NA,"BPBM","BISH"
"2430322543","Metrosideros Banks ex Gaertn.","Gary D. Wallace","2570",1987,"1987-01-27","Hawaii","SW of Hilo off Kulani Prison Rd on Disappoinment Rd.",NA,19.716667,-155.083333,NA,1067,"3500ft.","Wet forest kipuka.","3 m high, 1 m wide. Elev. 3500 ft. 2 photos. Additional wood specimens.",NA,NA,"flowers",NA,NA,NA,NA,"herbarium sheet","RSA","RSA"
"5956138180","Metrosideros polymorpha Gaudich.","Takeuchi, W.N.","3214",1987,"1987-01-01","Hawaii","Makua rim, ridge",NA,NA,NA,NA,545,"545 m","arid; Styphelia, Grevillea, Psidium",NA,NA,NA,NA,NA,"Herbst, D.R.; Sohmer, S.H.; Wagner, W.L.","1989-01-01T00:00:00","NotAType",NA,"BISH",NA
"5956315255","Metrosideros polymorpha Gaudich.","Wallace, G.D.","2570",1987,"1987-01-27","Hawaii","SW of Hilo, off Kulani Prison Rd., Disappointment Rd",NA,19.716667,-155.083333,NA,1067,"1067 m","wet forest kipuka","3x1 m",NA,NA,NA,NA,"Faccenda, K.","2024-01-01T00:00:00","NotAType",NA,"BISH",NA
"5956361077","Metrosideros polymorpha Gaudich.","Takeuchi, W.N.","3212",1987,"1987-01-01","Hawaii","Makua rim, ridge",NA,NA,NA,NA,560,"560 m","arid; Styphelia, Grevillea, Psidium",NA,NA,NA,NA,NA,"Herbst, D.R.; Sohmer, S.H.; Wagner, W.L.","1989-01-01T00:00:00","NotAType",NA,"BISH",NA
"5956374888","Metrosideros polymorpha Gaudich.","Takeuchi, W.N.","3213",1987,"1987-01-01","Hawaii","Makua rim, ridge",NA,NA,NA,NA,555,"555 m","arid; Styphelia, Grevillea, Psidium",NA,NA,NA,NA,NA,"Herbst, D.R.; Sohmer, S.H.; Wagner, W.L.",NA,"NotAType",NA,"BISH",NA
"5956442439","Metrosideros polymorpha Gaudich.","Takeuchi, W.N.; Tate, B.","3269",1987,"1987-01-18","Hawaii","Lualualei",NA,NA,NA,NA,417,"417 m","Small shrub on ± open slopes. Stands with native canopy have as the dominant assemblage a Sapindus-Nestegis-Antidesma combination; ohia occurrences are incidental only.","Supporting plant for Bonamia 3252. Takeuchi field # Waianae 769.; Generally uncommon in this basin.",NA,NA,NA,NA,"Wagner, W.L.; Herbst, D.R.; Sohmer, S.H.",NA,"NotAType",NA,"BISH",NA
"5956522892","Metrosideros polymorpha Gaudich.","Takeuchi, W.N.","3267",1987,"1987-01-18","Hawaii","Lualualei",NA,NA,NA,NA,390,"390 m","Schinus, base of eroded slope",NA,NA,NA,NA,NA,"Herbst, D.R.; Sohmer, S.H.; Wagner, W.L.","1989-01-01T00:00:00","NotAType",NA,"BISH",NA
"37568018","Metrosideros macropus Hook. & Arn.","Perlman, S.P.","Collector Number: 5200",1987,"1987-02-08","Hawaii","Koolau Mts., Poamoho Trail, ca. 1 mi. fromsummit of Poamoho Trail","[Hawaiian Islands; U.S.A.; O`ahu; Hawai`i; Koolau Mts., Poamoho Trail, ca. 1 mi. fromsummit of Poamoho Trail.]",NA,NA,NA,NA,"ca. 2400 ft","Near trail, with Tetraplasandra meiandra, Antidesma, Labordia, Dubautia laxa, Coprosma longifolia, uhuhe fern cover and alien manuka (New Zealand tea).","Shrubby, 4-6 ft. height; scattered plants. Flowers yellow.",NA,NA,NA,NA,"D.R.Herbst; S.H.Sohmer; W.L.Wagner","1987-01-01T00:00:00",NA,NA,"BPBM","BISH"
"5956360796","Metrosideros macropus Hook. & Arn.","Perlman, S.","5200",1987,"1987-02-08","Hawaii","Koolau Mts., Poamoho Trail, ca. 1 mi fromsummit of Poamoho Trail",NA,NA,NA,NA,732,"2400 ft","Near trail, with Tetraplasandra meiandra, Antidesma, Labordia, Dubautia laxa, Coprosma longifolia, uhuhe fern cover and alien manuka (New Zealand tea).","Shrubby, 4-6 ft. height; scattered plants. Flowers yellow.",NA,NA,NA,NA,"Herbst, D.R.; Sohmer, S.H.; Wagner, W.L.",NA,"NotAType",NA,"BISH",NA
"37567665","Metrosideros polymorpha Gaudich.","Stemmermann, R.L. Luce, L.","Collector Number: 7144",1987,"1987-05-17","Hawaii","10th ridge from Waipio along trail to Waimanu","[Hawaiian Islands; U.S.A.; Hawai`i; 10th ridge from Waipio along trail to Waimanu.]",20.1167,-155.6,NA,NA,"1100 ft","with pubescent ohia trees","~8 m tree",NA,NA,NA,NA,"D.R.Herbst; S.H.Sohmer; W.L.Wagner","1989-01-01T00:00:00",NA,NA,"BPBM","BISH"
"37572870","Metrosideros polymorpha var. macrophylla (Rock) H.St.John","Stemmermann, R.L. Luce, L.","Collector Number: 7142",1987,"1987-05-17","Hawaii","Waipio Valley, near top of trail to Waimanu","[Hawaiian Islands; U.S.A.; Hawai`i; Waipio Valley, near top of trail to Waimanu.]",20.1167,-155.583,NA,NA,"200 ft","On valley wall.",NA,NA,NA,NA,NA,"W.L.Wagner; D.R.Herbst; S.H.Sohmer","1989-01-01T00:00:00",NA,NA,"BPBM","BISH"
"37572988","Metrosideros polymorpha Gaudich.","Stemmermann, R.L. Luce, L.","Collector Number: 7143",1987,"1987-05-17","Hawaii","10th ridge from Waipio along trail to Waimanu","[Hawaiian Islands; U.S.A.; Hawai`i; 10th ridge from Waipio along trail to Waimanu.]",20.1167,-155.6,NA,NA,"1100 ft","Growing with glabrous `ohi`a.","Trees to 8 + m.",NA,NA,NA,NA,"W.L.Wagner; D.R.Herbst; S.H.Sohmer","1989-01-01T00:00:00",NA,NA,"BPBM","BISH"
"37573553","Metrosideros polymorpha Gaudich.","Lorence, D.H. Flynn, T.; de Lappe, R.","Collector Number: 5233",1987,"1987-05-15","Hawaii","Waimea Distr., Puu Ka Pele Forest Reserve on western side of Waimea Canyon, just east of Hwy 550","[Hawaiian Islands; U.S.A.; Kaua`i; Hawai`i; Waimea Distr., Puu Ka Pele Forest Reserve on western side of Waimea Canyon, just east of Hwy 550.]",NA,NA,NA,NA,"900-1050 m","Steep slopes and open grassy areas, with remnants of dry mixed mesophytic forest of Acacia koa, Metrosideros, and Myrsine.","Low tree 5 m. tall, 20 cm. dbh, crown dense. Flowers with red filaments, yellow anthers. Capsules green. Locally frequent.",NA,NA,NA,NA,"W.L.Wagner; D.R.Herbst; S.H.Sohmer","1989-01-01T00:00:00",NA,NA,"BPBM","BISH"
"5956429723","Metrosideros polymorpha Gaudich.","Stemmermann, R.L.; Luce, L.","7143",1987,"1987-05-17","Hawaii","10th ridge from Waipio along trail to Waimanu",NA,20.116667,-155.6,NA,335,"1100 ft","Growing with glabrous `ohi`a.","Trees to 8 + m.",NA,NA,NA,NA,"Wagner, W.L.; Herbst, D.R.; Sohmer, S.H.",NA,"NotAType",NA,"BISH",NA
"5956462361","Metrosideros polymorpha var. macrophylla (Rock) H.St.John","Stemmermann, R.L.; Luce, L.","7142",1987,"1987-05-17","Hawaii","Waipio Valley, near top of trail to Waimanu",NA,20.116667,-155.583333,NA,61,"200 ft","On valley wall.",NA,NA,NA,NA,NA,"Wagner, W.L.; Herbst, D.R.; Sohmer, S.H.",NA,"NotAType",NA,"BISH",NA
"5956530392","Metrosideros polymorpha Gaudich.","Stemmermann, R.L.; Luce, L.","7144",1987,"1987-05-17","Hawaii","10th ridge from Waipio along trail to Waimanu",NA,20.116667,-155.6,NA,335,"1100 ft","with pubescent ohia trees","~8 m tree",NA,NA,NA,NA,"Herbst, D.R.; Sohmer, S.H.; Wagner, W.L.","1989-01-01T00:00:00","NotAType",NA,"BISH",NA
"5956701973","Metrosideros polymorpha Gaudich.","Lorence, D.H.; Flynn, T.; de Lappe, R.","5233",1987,"1987-05-15","Hawaii","Waimea Distr., Puu Ka Pele Forest Reserve on western side of Waimea Canyon, just east of Hwy 550",NA,NA,NA,NA,975,"900-1050 m","Steep slopes and open grassy areas, with remnants of dry mixed mesophytic forest of Acacia koa, Metrosideros, and Myrsine.","Low tree 5 m. tall, 20 cm. dbh, crown dense. Flowers with red filaments, yellow anthers. Capsules green. Locally frequent.",NA,NA,NA,NA,"Wagner, W.L.; Herbst, D.R.; Sohmer, S.H.","1989-01-01T00:00:00","NotAType",NA,"BISH",NA
"37574439","Metrosideros tremuloides (A.Heller) Knuth","Ziegler, M.F.","Collector Number: s.n.",1987,"1987-06-02","Hawaii","Waianae Mountains, Mt Kaala along makai side of paved road near culvert 59","[Hawaiian Islands; U.S.A.; O`ahu; Hawai`i; Honolulu; Waianae Mountains, Mt Kaala along makai side of paved road near culvert 59.]",NA,NA,NA,NA,"3000 ft",NA,NA,NA,NA,NA,NA,"W.L.Wagner; D.R.Herbst","1991-01-01T00:00:00",NA,NA,"BPBM","BISH"
"5956406378","Metrosideros polymorpha var. pumila (A.Heller) J.W.Dawson & Stemmerm.","Corn, C.","P-480",1987,"1987-06-01","Hawaii","Pihea Trail",NA,NA,NA,NA,NA,NA,NA,"This specimen apparently was part of an in-loan from DLNR which eventually was gifted to the Museum/K Imada, 29 Aug 2019 // Specimen received w/o collection date but other specimens in this collector's series were all collected on 17 or 19 Jun 1987/K Imada, 04 Sep 2019.",NA,NA,NA,NA,"Thomas, M.K.","2025-01-01T00:00:00","NotAType",NA,"BISH",NA
"5956421521","Metrosideros tremuloides (A.Heller) Knuth","Ziegler, M.F.","s.n.",1987,"1987-06-02","Hawaii","Waianae Mountains, Mt Kaala along makai side of paved road near culvert 59",NA,NA,NA,NA,914,"3000 ft",NA,NA,NA,NA,NA,NA,"Wagner, W.L.; Herbst, D.R.",NA,"NotAType",NA,"BISH",NA
"5956459182","Metrosideros polymorpha Gaudich.","Ziegler, M.F.","s.n.",1987,"1987-06-02","Hawaii","Mt. Ka'ala along paved road near culvert 43, Wai'anae Mts",NA,NA,NA,NA,914,"3000 ft",NA,"Common name Ohi'a lehua",NA,NA,NA,NA,"Wagner, W.L.; Herbst, D.R.",NA,"NotAType",NA,"BISH",NA
"5956571077","Metrosideros polymorpha Gaudich.","Corn, C.","P-404",1987,"1987-06-17","Hawaii","Pihea Trail",NA,NA,NA,NA,NA,NA,NA,"This specimen apparently was part of an in-loan from DLNR which eventually was gifted to the Museum/K Imada, 29 Aug 2019",NA,NA,NA,NA,NA,NA,"NotAType",NA,"BISH",NA
"37568040","Metrosideros polymorpha Gaudich.","Lorence, D.H. Plews, J.H.R.; Wood, K.R; Doyle, M.","Collector Number: 5357",1987,"1987-07-23","Hawaii","Headwaters of the N fork of Wailua River, area called ""The Blue Hole"" of ""The Crater"", just E of Mts Waialeale and Kawaikini;","[Hawaiian Islands; U.S.A.; Kaua`i; Headwaters of the N fork of Wailua River, area called ""The Blue Hole"" of ""The Crater"", just E of Mts Waialeale and Kawaikini;]",NA,NA,NA,NA,"680-700 m","In deep valley surrounded by steep cliffs 1000 meters high laced with waterfalls; low primary vegetation of small, stunted trees 1-2 m tall, numerous pteridophytes, and Gunnera over saturated, rocky ground.","Small tree 1.5 m tall, fruits green. Common locally.",NA,NA,NA,NA,"J.W.Dawson","1997-10-01T00:00:00",NA,NA,"BPBM","BISH"
"37568135","Metrosideros polymorpha Gaudich.","Lorence, D.H. Wagner, W.L.; Perlman, S.; Montgomery, S.","Collector Number: 5424",1987,"1987-07-31","Hawaii","Waiohookalo Stream valley","[Hawaiian Islands; U.S.A.; Moloka`i; Waiohookalo Stream valley]",NA,NA,NA,NA,"100-180 m","Psidium guajava, Syzygium malaccense, Diospyros sandwicensis, Nestegis, Kalanchoe pinnata, Zingiber zerumbet","6-7 m tree, stamens red",NA,NA,NA,NA,"D.R.Herbst; S.H.Sohmer; W.L.Wagner","1989-01-01T00:00:00",NA,NA,"BPBM","BISH"
"5956588572","Metrosideros polymorpha Gaudich.","Lorence, D.H.; Wagner, W.L.; Perlman, S.; Montgomery, S.","5424",1987,"1987-07-31","Hawaii","Waiohookalo Stream valley",NA,21.15774,-156.89864,1458,140,"100-180 m","Psidium guajava, Syzygium malaccense, Diospyros sandwicensis, Nestegis, Kalanchoe pinnata, Zingiber zerumbet","6-7 m tree, stamens red",NA,NA,NA,NA,"Herbst, D.R.; Sohmer, S.H.; Wagner, W.L.","1989-01-01T00:00:00","NotAType",NA,"BISH",NA
"5956601816","Metrosideros polymorpha Gaudich.","Lorence, D.H.; Plews, J.H.R.; Wood, K.R; Doyle, M.","5357",1987,"1987-07-23","Hawaii","Headwaters of the N fork of Wailua River, area called ""The Blue Hole"" of ""The Crater"", just E of Mts Waialeale and Kawaikini;",NA,NA,NA,NA,690,"680-700 m","In deep valley surrounded by steep cliffs 1000 meters high laced with waterfalls; low primary vegetation of small, stunted trees 1-2 m tall, numerous pteridophytes, and Gunnera over saturated, rocky ground.","Small tree 1.5 m tall, fruits green. Common locally.",NA,NA,NA,NA,"Dawson, J.W.",NA,"NotAType",NA,"BISH",NA
"37567661","Metrosideros polymorpha Gaudich.","Wagner, W.L. Lorence, D.","Collector Number: 5757",1987,"1987-08-02","Hawaii","Manuahi Ridge, W and above Pelekunu Valley","[Hawaiian Islands; U.S.A.; Moloka`i; Manuahi ridge, W and above Pelekunu Valley]",NA,NA,NA,NA,"440 m","wet; Psychotria, Cheirodendron, Ilex, Hedyotis terminalis, Coprosma, Perrottetia, Labordia waiolani, Diospyros sandwicensis, Myrsine lessertiana","3 m tree; flower red",NA,NA,NA,NA,"D.R.Herbst; S.H.Sohmer; W.L.Wagner","1989-01-01T00:00:00",NA,NA,"BPBM","BISH"
"37573176","Metrosideros polymorpha Gaudich.","Lorence, D.H. Wagner, W.L.; Perlman, S.; Montgomery, S.","Collector Number: 5456",1987,"1987-08-02","Hawaii","Manuahi ridge, W Pelekunu Valley","[Hawaiian Islands; U.S.A.; Moloka`i; Manuahi ridge, W Pelekunu Valley]",NA,NA,NA,NA,"630-830 m","Psychotria, Ilex, pteridophytes","3.5 m tree, crown dense, flowers in bud with red stamens, fruits green",NA,NA,NA,NA,"D.R.Herbst; S.H.Sohmer; W.L.Wagner","1989-01-01T00:00:00",NA,NA,"BPBM","BISH"
"37573803","Metrosideros polymorpha var. polymorpha","Lorence, D.H. Flynn, T.","Collector Number: 5502",1987,"1987-08-06","Hawaii","N Kona District. Opposite Kaupulehu Preserve, along Mamahaloa Hwy (190) at 12 mi NE of Kailua Kona (by 28 mi marker)","[Hawaiian Islands; U.S.A.; Hawai`i; N Kona District. Opposite Kaupulehu Preserve, along Mamahaloa Hwy (190) at 12 mi NE of Kailua Kona (by 28 mi marker).]",19.7667,-155.917,NA,NA,"630 m","Remnant of dry forest with Diospyros sandwicensis dominant, also Colubrina, Canthium, Nototrichium, etc. with understory of introduced Pennisetum setaceum, over recent (1801) aa lava flow.","Tree 6 m tall, bark flaking, flowers with red filaments and style.",NA,NA,NA,NA,"J.W.Dawson","1997-10-01T00:00:00",NA,NA,"BPBM","BISH"
"1321335250","Metrosideros polymorpha Gaudich.","W. L. Wagner & D. H. Lorence","5757",1987,"1987-08-02","Hawaii","Manuahi Ridge west and above Pelekunu Valley on windward side.",NA,NA,NA,NA,440,NA,NA,NA,NA,NA,NA,NA,"Wagner, W. L., (BOT), Smithsonian Institution - National Museum of Natural History (UNITED STATES)",NA,NA,NA,"US","US"
"5956295800","Metrosideros waialealae (Rock) Rock","Lorence, D.H.; Wagner, W.L.; Perlman, S.; Montgomery, S","5472",1987,"1987-08-02","Hawaii","Manuahi Ridge (W. side of Pelekunu Valley)",NA,NA,NA,NA,585,"550-620 m","middle parts of steep ridge with primary mesophytic forest dominated by Metrosideros, with Diospyros and Styphelia","Tree 4 m. tall with narrow, gnarled crown. Stamens red. Commonest form, dominant in nearly pure stands on ridge",NA,NA,NA,NA,"Wagner, W.L.; Herbst, D.R.; Sohmer, S.","1989-01-01T00:00:00","NotAType",NA,"BISH",NA
"5956318202","Metrosideros polymorpha Gaudich.","Wagner, W.L.; Lorence, D.","5757",1987,"1987-08-02","Hawaii","Manuahi Ridge, W and above Pelekunu Valley",NA,21.15606,-156.89084,1247,440,"440 m","wet; Psychotria, Cheirodendron, Ilex, Hedyotis terminalis, Coprosma, Perrottetia, Labordia waiolani, Diospyros sandwicensis, Myrsine lessertiana","3 m tree; flower red",NA,NA,NA,NA,"Herbst, D.R.; Sohmer, S.H.; Wagner, W.L.",NA,"NotAType",NA,"BISH",NA
"5956667351","Metrosideros polymorpha var. polymorpha","Lorence, D.H.; Flynn, T.","5502",1987,"1987-08-06","Hawaii","N Kona District. Opposite Kaupulehu Preserve, along Mamahaloa Hwy (190) at 12 mi NE of Kailua Kona (by 28 mi marker)",NA,19.766667,-155.916667,NA,630,"630 m","Remnant of dry forest with Diospyros sandwicensis dominant, also Colubrina, Canthium, Nototrichium, etc. with understory of introduced Pennisetum setaceum, over recent (1801) aa lava flow.","Occasional locally.; Tree 6 m tall, bark flaking, flowers with red filaments and style.",NA,NA,NA,NA,"Dawson, J.W.",NA,"NotAType",NA,"BISH",NA
"5956701992","Metrosideros polymorpha Gaudich.","Lorence, D.H.; Wagner, W.L.; Perlman, S.; Montgomery, S.","5456",1987,"1987-08-02","Hawaii","Manuahi ridge, W Pelekunu Valley",NA,21.15606,-156.89084,1247,730,"630-830 m","Psychotria, Ilex, pteridophytes","3.5 m tree, crown dense, flowers in bud with red stamens, fruits green",NA,NA,NA,NA,"Herbst, D.R.; Sohmer, S.H.; Wagner, W.L.","1989-01-01T00:00:00","NotAType",NA,"BISH",NA
"37573287","Metrosideros waialealae var. waialealae","Lorence, D.H. et al.","Collector Number: 5580",1987,"1987-09-30","Hawaii","jeep track, Alexander Reservoir to base of Mt. Kahili, above Wahiawa Bog","[Hawaiian Islands; U.S.A.; Kaua`i; jeep track, Alexander Reservoir to base of Mt. Kahili, above Wahiawa Bog]",NA,NA,NA,NA,"600-650 m","Syzygium, Cheirodendron","3 m tree, crown dense, petiles reddish or yellow; petals green, stamens and styles red",NA,NA,NA,NA,"D.R.Herbst; S.H.Sohmer; W.L.Wagner","1989-01-01T00:00:00",NA,NA,"BPBM","BISH"
"1319564552","Metrosideros waialealae var. waialealae","D. H. Lorence, T. W. Flynn, R. Koske, J. Gemma & S. Brozowski","5580",1987,"1987-09-30","Hawaii","Koloa Dist, Lihue-Koloa For Res, jeep track from Alexander Reservoir to base of Mt Kahili, above Wahiawa Bog",NA,NA,NA,NA,625,NA,NA,NA,NA,NA,NA,NA,"Lorence, David H., (PTBG), National Tropical Botanical Garden (UNITED STATES)",NA,NA,NA,"US","US"
"5956496898","Metrosideros waialealae var. waialealae","Lorence, D.H.; et al.","5580",1987,"1987-09-30","Hawaii","jeep track, Alexander Reservoir to base of Mt. Kahili, above Wahiawa Bog",NA,NA,NA,NA,625,"600-650 m","Syzygium, Cheirodendron","3 m tree, crown dense, petiles reddish or yellow; petals green, stamens and styles red",NA,NA,NA,NA,"Herbst, D.R.; Sohmer, S.H.; Wagner, W.L.","1989-01-01T00:00:00","NotAType",NA,"BISH",NA
"2418030241","Metrosideros polymorpha Gaudich.","K. R. Stern","8385",1987,"1987-10-22","Hawaii","Island of Oahu. Waialae Nui Ridge.",NA,NA,NA,NA,244,"800ft.","Hawaiian name: ""Ohia lehua""",NA,NA,NA,NA,NA,NA,NA,NA,NA,"CHSC","VascularPlants"
"2418033498","Metrosideros polymorpha Gaudich.","K. R. Stern","8371",1987,"1987-10-10","Hawaii","Haunani Rd., Volcano Village.",NA,NA,NA,NA,1219,"4000ft.","Hawaiian name: ""Ohia lehua""",NA,NA,NA,NA,NA,NA,NA,NA,NA,"CHSC","VascularPlants"
"37567711","Metrosideros macropus Hook. & Arn.","Takeuchi, W.N. et al.","Collector Number: 3722",1987,"1987-11-22","Hawaii","Kalauao","[Hawaiian Islands; U.S.A.; O`ahu; Kalauao]",NA,NA,NA,NA,"1600 ft","koa, uluhe","yellow flower",NA,NA,NA,NA,"D.R.Herbst; S.H.Sohmer; W.L.Wagner","1989-01-01T00:00:00",NA,NA,"BPBM","BISH"
"37573031","Metrosideros tremuloides (A.Heller) Knuth","Leu, M.","Collector Number: 45",1987,"1987-11-30","Hawaii","Manoa Cliffs trail, slope below","[Hawaiian Islands; U.S.A.; O`ahu; Manoa Cliffs trail, slope below]",NA,NA,NA,NA,"1400-1600 ft",NA,"~10' tree",NA,NA,NA,NA,"D.R.Herbst; S.H.Sohmer; W.L.Wagner","1989-01-01T00:00:00",NA,NA,"BPBM","BISH"
"5956645067","Metrosideros macropus Hook. & Arn.","Takeuchi, W.N.; et al.","3722",1987,"1987-11-22","Hawaii","Kalauao",NA,NA,NA,NA,488,"1600 ft","koa, uluhe","yellow flower",NA,NA,NA,NA,"Herbst, D.R.; Sohmer, S.H.; Wagner, W.L.",NA,"NotAType",NA,"BISH",NA
"5956664376","Metrosideros tremuloides (A.Heller) Knuth","Leu, M.","45",1987,"1987-11-30","Hawaii","Manoa Cliffs trail, slope below",NA,NA,NA,NA,457.5,"1400-1600 ft",NA,"~10' tree",NA,NA,NA,NA,"Herbst, D.R.; Sohmer, S.H.; Wagner, W.L.",NA,"NotAType",NA,"BISH",NA
"37569051","Metrosideros polymorpha Gaudich.","Flynn, T. Lorence, D.H.; Wood, K.R.; Wichman, C.","Collector Number: 2668",1987,"1987-12-10","Hawaii","Hanalei District, Limahuli Valley. W side of ridge seperating Limahuli and Hanakapiai valleys, above waterfall","[Hawaiian Islands; U.S.A.; Kaua`i; Hawai`i; Hanalei District, Limahuli Valley. W side of ridge seperating Limahuli and Hanakapiai valleys, above waterfall.]",NA,NA,NA,NA,"1600 ft-2060 ft","Almost undisturbed low elevation rain forest. Predominantly Metrosideros, Antidesma, Cibotium, and Dicranopteris.",NA,NA,NA,NA,NA,"J.W.Dawson","1997-10-01T00:00:00",NA,NA,"BPBM","BISH"
"37573195","Metrosideros waialealae (Rock) Rock","Flynn, T. Lorence, D.H.; Wood, K.R.; Wichman, C.","Collector Number: 2667",1987,"1987-12-10","Hawaii","Hanalei District, Limahuli Valley. W side of ridge seperating Limahuli and Hanakapiai valleys, above waterfall","[Hawaiian Islands; U.S.A.; Kaua`i; Hawai`i; Hanalei District, Limahuli Valley. W side of ridge seperating Limahuli and Hanakapiai valleys, above waterfall.]",NA,NA,NA,NA,"1600 ft-2060 ft","Almost undisturbed low elevation rain forest. Predominantly Metrosideros, Antidesma, Cibotium, and Dicranopteris.","Small trees of 8-12 ft.",NA,NA,NA,NA,"J.W.Dawson","1997-10-01T00:00:00",NA,NA,"BPBM","BISH"
"5956193450","Metrosideros polymorpha Gaudich.","Flynn, T.W.; Lorence, D.H.; Wood, K.R.; Wichman, C.","2668",1987,"1987-12-10","Hawaii","Hanalei District, Limahuli Valley. W side of ridge seperating Limahuli and Hanakapiai valleys, above waterfall",NA,NA,NA,NA,558,"1600-2060 ft","Almost undisturbed low elevation rain forest. Predominantly Metrosideros, Antidesma, Cibotium, and Dicranopteris.","Dominant tree in upper valley.",NA,NA,NA,NA,"Dawson, J.W.",NA,"NotAType",NA,"BISH",NA
"5956354941","Metrosideros waialealae (Rock) Rock","Flynn, T.W.; Lorence, D.H.; Wood, K.R.; Wichman, C.","2667",1987,"1987-12-10","Hawaii","Hanalei District, Limahuli Valley. W side of ridge seperating Limahuli and Hanakapiai valleys, above waterfall",NA,NA,NA,NA,558,"1600-2060 ft","Almost undisturbed low elevation rain forest. Predominantly Metrosideros, Antidesma, Cibotium, and Dicranopteris.","Occasional along spine of ridge; mixed with M. pol; Small trees of 8-12 ft.",NA,NA,NA,NA,"Dawson, J.W.",NA,"NotAType",NA,"BISH",NA
"37573160","Metrosideros rugosa A.Gray","Takeuchi, W.N.","Collector Number: s.n.",1986,"1986-01","Hawaii","Pupukea-Laie crestline","[Hawaiian Islands; U.S.A.; O`ahu; Hawai`i; Pupukea-Laie crestline.]",NA,NA,NA,NA,"ca. 2100 ft","Dwarfed vegetation.","Cluster of about 10 plants, most fertile.",NA,NA,NA,NA,"W.L.Wagner; D.R.Herbst; S.H.Sohmer","1989-01-01T00:00:00",NA,NA,"BPBM","BISH"
"5956362859","Metrosideros rugosa A.Gray","Takeuchi, W.N.","s.n.",1986,"1986-01-01","Hawaii","Pupukea-Laie crestline",NA,NA,NA,NA,640,"2100 ft","Dwarfed vegetation.","Cluster of about 10 plants, most fertile.",NA,NA,NA,NA,"Wagner, W.L.; Herbst, D.R.; Sohmer, S.H.",NA,"NotAType",NA,"BISH",NA
"37573382","Metrosideros polymorpha Gaudich.","Lau, J. Cory, C.","Collector Number: 1976",1986,"1986-02-10","Hawaii","Honolulu Diamond Head area, the residence of Mr. and Mrs. Charles Pietsch, 3049 Noela Street","[Hawaiian Islands; U.S.A.; O`ahu; Hawai`i; Honolulu Daimond Head area, the residence of Mr. and Mrs. Charles Pietch, 3049 Noela Street.]",NA,NA,NA,NA,"2050 ft",NA,"A tree 2.5 m tall recently transplanted and severely pruned.  Stamens orange red.  Flowers odorless.  In full sun.",NA,NA,NA,NA,"J.W.Dawson","1994-01-01T00:00:00",NA,NA,"BPBM","BISH"
"5956315079","Metrosideros polymorpha Gaudich.","Lau, J.; Cory, C.","1976",1986,"1986-02-10","Hawaii","Honolulu Diamond Head area, the residence of Mr. and Mrs. Charles Pietsch, 3049 Noela Street",NA,NA,NA,NA,625,"2050 ft",NA,"A tree 2.5 m tall recently transplanted and severely pruned. Stamens orange red. Flowers odorless. In full sun.",NA,NA,NA,NA,"Dawson, J.W.","1994-01-01T00:00:00","NotAType",NA,"BISH",NA
"1090239557","Metrosideros Banks ex Gaertn.","Montgomery, S.L.","Collector Number: s.n.",1986,"1986-04-24","Hawaii","NW Lanai, Paomai, W. of Keoneheehee","[Hawaiian Islands; U.S.A.; Lana`i; NW Lanai, Paomai, W. of Keoneheehee]",NA,NA,NA,NA,"1600 ft","Trees in patch of Osmanthus dry forest on W. half of island","Only 2.  8 in dbl.  Many flowers of 1 tree with wide flat pistils.  2nd tree with….",NA,NA,NA,NA,NA,NA,NA,NA,"BPBM","BISH"
"2610079972","Metrosideros collina (Forst.) A.Gray","J. O. Wentworth","12",1986,"1986-04-25","Hawaii","Jeep road to head of Honokane Gulch complex, north of Kahua Ranch, Kohala Mts.",NA,NA,NA,NA,1295.5,"4000-4500ft.",NA,NA,NA,NA,NA,NA,NA,NA,NA,"herbarium sheet","RSA","RSA"
"5956570793","Metrosideros Banks ex Gaertn.","Montgomery, S.L.","s.n.",1986,"1986-04-24","Hawaii","NW Lanai, Paomai, W. of Keoneheehee",NA,NA,NA,NA,488,"1600 ft","Trees in patch of Osmanthus dry forest on W. half of island","Only 2. 8 in dbl. Many flowers of 1 tree with wide flat pistils. 2nd tree with normal flowers grew 10 m away (1 stem collected with 2 blossoms).",NA,NA,NA,NA,NA,NA,"NotAType",NA,"BISH",NA
"6339333356","Metrosideros polymorpha Gaudich.","W. L. Halvorson","86-1",1986,"1986-04-12","Hawaii","Pacific Island, Hawaii Volcanoes National Park; Ohia, Koa forest.",NA,NA,NA,NA,NA,NA,NA,NA,NA,NA,NA,NA,NA,NA,NA,NA,"SBBG",NA
"37573749","Metrosideros polymorpha Gaudich.","Takeuchi, W.N. Pyle","Collector Number: 2674",1986,"1986-06-01/1986-06-30","Hawaii","Wailupe, central ridge","[Hawaiian Islands; U.S.A.; O`ahu; Hawai`i; Wailupe, central ridge.]",NA,NA,NA,NA,"800 ft","Arid crestline near the convergence of the two major gulches.","Small tree to 3 m height.",NA,NA,NA,NA,"W.L.Wagner; D.R.Herbst; S.H.Sohmer","1989-01-01T00:00:00",NA,NA,"BPBM","BISH"
"3059676016","Metrosideros kermadecensis W.R.B.Oliv.","Austin Griffiths","s.n.",1986,"1986-06-09","California","Native Sons Wholesale Nursery, Arroyo Grande, CA. Cultivated Plants.",NA,35.08,-120.57,1000,NA,NA,"Cultivated","tree",NA,NA,NA,NA,"D. Kelch 9-15-06",NA,NA,"Standard sheet","CDA",NA
"5956688938","Metrosideros polymorpha Gaudich.","Takeuchi, W.N.; Pyle, L.","2674",1986,"1986-06-01","Hawaii","Wailupe, central ridge",NA,NA,NA,NA,244,"800 ft","Arid crestline near the convergence of the two major gulches.","Field no. Koolau_927.; Small tree to 3 m height.",NA,NA,NA,NA,"Wagner, W.L.; Herbst, D.R.; Sohmer, S.H.",NA,"NotAType",NA,"BISH",NA
"37568163","Metrosideros polymorpha Gaudich.","Takeuchi, W.N. Shimabukuro, K.","Collector Number: 2692",1986,"1986-07-19","Hawaii","Waiakea mauka","[Hawaiian Islands; U.S.A.; Hawai`i; Waiakea mauka.]",19.6,-155.133,NA,NA,"1500 ft","Open clearing in native rainforest.",NA,NA,NA,NA,NA,"W.L.Wagner; D.R.Herbst; S.H.Sohmer","1989-01-01T00:00:00",NA,NA,"BPBM","BISH"
"37568325","Metrosideros polymorpha Gaudich.","Takeuchi, W.N.","Collector Number: 2686",1986,"1986-07-04","Hawaii","Waialae nui","[Hawaiian Islands; U.S.A.; O`ahu; Waialae nui]",NA,NA,NA,NA,"1100 ft","recent burn","small tree",NA,NA,NA,NA,"D.R.Herbst; S.H.Sohmer; W.L.Wagner","1989-01-01T00:00:00",NA,NA,"BPBM","BISH"
"37572794","Metrosideros polymorpha Gaudich.","Takeuchi, W.N.","Collector Number: 2685",1986,"1986-07-04","Hawaii","Waialae nui, burn area","[Hawaiian Islands; U.S.A.; O`ahu; Hawai`i; Waialae nui, burn area.]",NA,NA,NA,NA,"1100 ft","Small tree on arid, windblown slopes in Schinus/Psidium zone.",NA,NA,NA,NA,NA,"D.R.Herbst; S.H.Sohmer; W.L.Wagner","1989-01-01T00:00:00",NA,NA,"BPBM","BISH"
"37573442","Metrosideros polymorpha Gaudich.","Takeuchi, W.N. Pyle, L.; Davis, B.","Collector Number: 2689",1986,"1986-07-12","Hawaii","Kaipapau-Koloa divide","[Hawaiian Islands; U.S.A.; O`ahu; Hawai`i; Kaipapau-Koloa divide.]",NA,NA,NA,NA,NA,"On arid slopes dominated by extremely variable phenotypes of Wikstroemia oahuensis.","Blossom being heavily worked by bees.",NA,NA,NA,NA,"W.L.Wagner; D.R.Herbst; S.H.Sohmer","1989-01-01T00:00:00",NA,NA,"BPBM","BISH"
"37574476","Metrosideros polymorpha Gaudich.","Takeuchi, W.N. Pyle, L.","Collector Number: 2687",1986,"1986-07-01/1986-07-31","Hawaii","Kapakahi","[Hawaiian Islands; U.S.A.; O`ahu; Hawai`i; Kapakahi]",NA,NA,NA,NA,"1200 ft","Arid slopes with Schinus and Diospyros",NA,NA,NA,NA,NA,"N. Snow","2010-09-03T00:00:00",NA,NA,"BPBM","BISH"
"5956137875","Metrosideros polymorpha Gaudich.","Takeuchi, W.N.; Pyle, L.; Davis, B.","2689",1986,"1986-07-12","Hawaii","Kaipapau-Koloa divide",NA,NA,NA,NA,NA,NA,"On arid slopes dominated by extremely variable phenotypes of Wikstroemia oahuensis.","Takeuchi field # Koolau 942b.; Blossom being heavily worked by bees.",NA,NA,NA,NA,"Wagner, W.L.; Herbst, D.R.; Sohmer, S.H.",NA,"NotAType",NA,"BISH",NA
"5956429986","Metrosideros polymorpha Gaudich.","Takeuchi, W.N.; Pyle, L.","2687",1986,"1986-07-01","Hawaii","Kapakahi",NA,NA,NA,NA,366,"1200 ft","Arid slopes with Schinus and Diospyros","field no. Koolau 940a",NA,NA,NA,NA,"Snow, N.",NA,"NotAType",NA,"BISH",NA
"5956430270","Metrosideros polymorpha Gaudich.","Takeuchi, W.N.","2686",1986,"1986-07-04","Hawaii","Waialae nui",NA,NA,NA,NA,335,"1100 ft","recent burn","small tree",NA,NA,NA,NA,"Herbst, D.R.; Sohmer, S.H.; Wagner, W.L.",NA,"NotAType",NA,"BISH",NA
"5956442958","Metrosideros polymorpha Gaudich.","Takeuchi, W.N.","2685",1986,"1986-07-04","Hawaii","Waialae nui, burn area",NA,NA,NA,NA,335,"1100 ft","Small tree on arid, windblown slopes in Schinus/Psidium zone.","field no. Koolau 938",NA,NA,NA,NA,"Herbst, D.R.; Sohmer, S.H.; Wagner, W.L.",NA,"NotAType",NA,"BISH",NA
"5956658914","Metrosideros polymorpha Gaudich.","Takeuchi, W.N.; Shimabukuro, K.","2692",1986,"1986-07-19","Hawaii","Waiakea mauka",NA,19.6,-155.133333,NA,457,"1500 ft","Open clearing in native rainforest.","Takeuchi field no. Hawaii 61b.",NA,NA,NA,NA,"Wagner, W.L.; Herbst, D.R.; Sohmer, S.H.","1989-01-01T00:00:00","NotAType",NA,"BISH",NA
"37567740","Metrosideros polymorpha Gaudich.","Takeuchi, W.N.","Collector Number: 2741",1986,"1986-08-10","Hawaii","Kaipapau, ridge","[Hawaiian Islands; U.S.A.; O`ahu; Kaipapau, ridge]",NA,NA,NA,NA,NA,"Psidium cattleianum","7-8' shrub",NA,NA,NA,NA,"D.R.Herbst; S.H.Sohmer; W.L.Wagner","1989-01-01T00:00:00",NA,NA,"BPBM","BISH"
"37567779","Metrosideros polymorpha Gaudich.","Takeuchi, W.N. Shimabukoro, C.","Collector Number: 2769",1986,"1986-08-22","Hawaii","upper Manini","[Hawaiian Islands; U.S.A.; O`ahu; upper Manini]",NA,NA,NA,NA,"475 m","Styphelia, Bonamia","dwarf shrub",NA,NA,NA,NA,"D.R.Herbst; S.H.Sohmer; W.L.Wagner","1989-01-01T00:00:00",NA,NA,"BPBM","BISH"
"37568975","Metrosideros polymorpha Gaudich.","Takeuchi, W.N. Pyle, L.; S.van der Kloet","Collector Number: 2798",1986,"1986-08-30","Hawaii","Laie","[Hawaiian Islands; U.S.A.; O`ahu; Laie]",NA,NA,NA,NA,"640 m","steep hillside, uluhe","9-10'",NA,NA,NA,NA,"D.R.Herbst; S.H.Sohmer; W.L.Wagner","1989-01-01T00:00:00",NA,NA,"BPBM","BISH"
"37569365","Metrosideros polymorpha Gaudich.","Takeuchi, W.N. Shimabukuro, K.","Collector Number: 2716",1986,"1986-08-02","Hawaii","Kulepiamoa","[Hawaiian Islands; U.S.A.; O`ahu; Kulepiamoa]",NA,NA,NA,NA,"800 ft","edge of landslide scar, arid; Schinus, Psidium","gnarled tree",NA,NA,NA,NA,"D.R.Herbst; S.H.Sohmer; W.L.Wagner","1989-01-01T00:00:00",NA,NA,"BPBM","BISH"
"37572855","Metrosideros rugosa A.Gray","Takeuchi, W.N. Pyle, L.; van der Kloet,S.","Collector Number: 2796",1986,"1986-08-30","Hawaii","Summoit divide between Kawailoa and Laie","[Hawaiian Islands; U.S.A.; O`ahu; Hawai`i; Summoit divide between Kawailoa and Laie]",NA,NA,NA,NA,"650 m","On steep slopes near Metrosideros rugosa 2795",NA,NA,NA,NA,NA,"W.L.Wagner; D.R.Herbst; S.H.Sohmer","1989-01-01T00:00:00",NA,NA,"BPBM","BISH"
"37573223","Metrosideros polymorpha Gaudich.","Takeuchi, W.N.","Collector Number: 2736",1986,"1986-08-10","Hawaii","Kahana","[Hawaiian Islands; U.S.A.; O`ahu; Kahana]",NA,NA,NA,NA,"700 ft","dry grass; Wikstroemia oahuensis, Bidens populifolia","small shrub",NA,NA,NA,NA,"D.R.Herbst; S.H.Sohmer; W.L.Wagner","1989-01-01T00:00:00",NA,NA,"BPBM","BISH"
"37573320","Metrosideros rugosa A.Gray","Takeuchi, W.N. Pyle, L.; S.van.der.Kloet","Collector Number: 2795",1986,"1986-08-30","Hawaii","Summit divide between Kawai Loa and Laie","[Hawaiian Islands; U.S.A.; O`ahu; Hawai`i; Honolulu; Summit divide between Kawai Loa and Laie.]",NA,NA,NA,NA,"650 m","On steep clay slopes, locally common in wind expos",NA,NA,NA,NA,NA,"W.L.Wagner; D.R.Herbst; S.H.Sohmer","1989-01-01T00:00:00",NA,NA,"BPBM","BISH"
"37573483","Metrosideros polymorpha Gaudich.","Takeuchi, W.N.","Collector Number: 2737",1986,"1986-08-10","Hawaii","Kahana, stature = 10', slopes of Schefflera overgrown gully","[Hawaiian Islands; U.S.A.; O`ahu; Hawai`i; Kahana, stature = 10', slopes of Schefflera overgrown gully]",NA,NA,NA,NA,"200 ft",NA,NA,NA,NA,NA,NA,"D.R.Herbst; S.H.Sohmer; W.L.Wagner","1989-01-01T00:00:00",NA,NA,"BPBM","BISH"
"37573598","Metrosideros polymorpha Gaudich.","Takeuchi, W.N.","Collector Number: 2737",1986,"1986-08-10","Hawaii","Kahana, stature = 10' slopes of Schefflera overgrown gully","[Hawaiian Islands; U.S.A.; O`ahu; Hawai`i; Kahana, stature = 10' slopes of Schefflera overgrown gully.]",NA,NA,NA,NA,"200 ft",NA,NA,NA,NA,NA,NA,"D.R.Herbst; S.H.Sohmer; W.L.Wagner","1989-01-01T00:00:00",NA,NA,"BPBM","BISH"
"37573606","Metrosideros rugosa A.Gray","Takeuchi, W.N. Pyle, L.; vander Kloet,S.","Collector Number: 2790",1986,"1986-08-30","Hawaii","Summit divide at the head of Wailele","[Hawaiian Islands; U.S.A.; O`ahu; Hawai`i; Summit divide at the head of Wailele]",NA,NA,NA,NA,"655 m","Uluhe covered slope with numerous ohia stumps; no canopy","A gnarled shrub blasted by roiling and mist-laden winds",NA,NA,NA,NA,"W.L.Wagner; D.R.Herbst; S.H.Sohmer","1989-01-01T00:00:00",NA,NA,"BPBM","BISH"
"37573633","Metrosideros polymorpha Gaudich.","Takeuchi, W.N.","Collector Number: 2740",1986,"1986-08-10","Hawaii","Kaipapau","[Hawaiian Islands; U.S.A.; O`ahu; Hawai`i; Kaipapau]",NA,NA,NA,NA,"1050 ft",NA,"7-8 in shrub in Psidium catlelianum zone.",NA,NA,NA,NA,"D.R.Herbst; S.H.Sohmer; W.L.Wagner","1989-01-01T00:00:00",NA,NA,"BPBM","BISH"
"37573779","Metrosideros polymorpha Gaudich.","Takeuchi, W.N. Shimabukuro, K.","Collector Number: 2717",1986,"1986-08-02","Hawaii","Kulepiamoa, edge of landslide scar","[Hawaiian Islands; U.S.A.; O`ahu; Kulepiamoa, edge of landslide scar]",NA,NA,NA,NA,"800 ft","arid; Schinus, Psidium","7-8' shrub",NA,NA,NA,NA,"D.R.Herbst; S.H.Sohmer; W.L.Wagner","1989-01-01T00:00:00",NA,NA,"BPBM","BISH"
"694494309","Metrosideros polymorpha Gaudich.","Takeuchi, W.|Pyle, L.|van der Kloet, S.",NA,1986,"1986-08-30","Hawaii",NA,"Hawaiian Islands. Oahu. field n° Koolau 999 b",21.38907,-157.82499,NA,NA,NA,NA,NA,"2798",NA,NA,NA,NA,NA,NA,"hb","MNHN","P"
"5956198537","Metrosideros rugosa A.Gray","Takeuchi, W.N.; Pyle, L.; van der Kloet,S.","2796",1986,"1986-08-30","Hawaii","Summoit divide between Kawailoa and Laie",NA,NA,NA,NA,650,"650 m","On steep slopes near Metrosideros rugosa 2795","field no. Koolau 997 a",NA,NA,NA,NA,"Wagner, W.L.; Herbst, D.R.; Sohmer, S.H.",NA,"NotAType",NA,"BISH",NA
"5956375184","Metrosideros rugosa A.Gray","Takeuchi, W.N.; Pyle, L.; vander Kloet,S.","2790",1986,"1986-08-30","Hawaii","Summit divide at the head of Wailele",NA,NA,NA,NA,655,"655 m","Uluhe covered slope with numerous ohia stumps; no canopy","Collected with Laborida 2789, Nertera 2797, and Myrsine 2793. field no. Koolau 991 a; A gnarled shrub blasted by roiling and mist-laden winds",NA,NA,NA,NA,"Wagner, W.L.; Herbst, D.R.; Sohmer, S.H.",NA,"NotAType",NA,"BISH",NA
"5956414450","Metrosideros rugosa A.Gray","Takeuchi, W.N.; Pyle, L.; van.der Kloet, S.","2795",1986,"1986-08-30","Hawaii","Summit divide between Kawai Loa and Laie",NA,NA,NA,NA,650,"650 m","On steep clay slopes, locally common in wind expos",NA,NA,NA,NA,NA,"Wagner, W.L.; Herbst, D.R.; Sohmer, S.H.",NA,"NotAType",NA,"BISH",NA
"5956414713","Metrosideros polymorpha Gaudich.","Takeuchi, W.N.; Pyle, L.; van der Kloet, S.","2798",1986,"1986-08-30","Hawaii","Laie",NA,NA,NA,NA,640,"640 m","steep hillside, uluhe","9-10'",NA,NA,NA,NA,"Herbst, D.R.; Sohmer, S.H.; Wagner, W.L.",NA,"NotAType",NA,"BISH",NA
"5956421992","Metrosideros polymorpha Gaudich.","Takeuchi, W.N.","2736",1986,"1986-08-10","Hawaii","Kahana",NA,NA,NA,NA,213,"700 ft","dry grass; Wikstroemia oahuensis, Bidens populifolia","small shrub",NA,NA,NA,NA,"Herbst, D.R.; Sohmer, S.H.; Wagner, W.L.",NA,"NotAType",NA,"BISH",NA
"5956428787","Metrosideros polymorpha Gaudich.","Takeuchi, W.N.; Shimabukuro, K.","2716",1986,"1986-08-02","Hawaii","Kulepiamoa",NA,NA,NA,NA,244,"800 ft","edge of landslide scar, arid; Schinus, Psidium","gnarled tree",NA,NA,NA,NA,"Herbst, D.R.; Sohmer, S.H.; Wagner, W.L.",NA,"NotAType",NA,"BISH",NA
"5956428788","Metrosideros polymorpha Gaudich.","Takeuchi, W.N.","2741",1986,"1986-08-10","Hawaii","Kaipapau, ridge",NA,NA,NA,NA,NA,NA,"Psidium cattleianum","7-8' shrub",NA,NA,NA,NA,"Herbst, D.R.; Sohmer, S.H.; Wagner, W.L.",NA,"NotAType",NA,"BISH",NA
"5956460544","Metrosideros polymorpha Gaudich.","Takeuchi, W.N.","2740",1986,"1986-08-10","Hawaii","Kaipapau",NA,NA,NA,NA,320,"1050 ft",NA,"field no. Koolau 978 b; 7-8 in shrub in Psidium catlelianum zone.",NA,NA,NA,NA,"Herbst, D.R.; Sohmer, S.H.; Wagner, W.L.",NA,"NotAType",NA,"BISH",NA
"5956462618","Metrosideros polymorpha Gaudich.","Takeuchi, W.N.","2737",1986,"1986-08-10","Hawaii","Kahana, stature = 10' slopes of Schefflera overgrown gully",NA,NA,NA,NA,61,"200 ft",NA,NA,NA,NA,NA,NA,"Herbst, D.R.; Sohmer, S.H.; Wagner, W.L.","1989-01-01T00:00:00","NotAType",NA,"BISH",NA
"5956463077","Metrosideros polymorpha Gaudich.","Takeuchi, W.N.; Shimabukuro, K.","2717",1986,"1986-08-02","Hawaii","Kulepiamoa, edge of landslide scar",NA,NA,NA,NA,244,"800 ft","arid; Schinus, Psidium","7-8' shrub",NA,NA,NA,NA,"Herbst, D.R.; Sohmer, S.H.; Wagner, W.L.","1989-01-01T00:00:00","NotAType",NA,"BISH",NA
"5956496848","Metrosideros polymorpha Gaudich.","Takeuchi, W.N.","2737",1986,"1986-08-10","Hawaii","Kahana, stature = 10', slopes of Schefflera overgrown gully",NA,NA,NA,NA,61,"200 ft",NA,"field no. Koolau 975 c",NA,NA,NA,NA,"Herbst, D.R.; Sohmer, S.H.; Wagner, W.L.",NA,"NotAType",NA,"BISH",NA
"5956663208","Metrosideros polymorpha Gaudich.","Takeuchi, W.N.; Shimabukoro, C.","2769",1986,"1986-08-22","Hawaii","upper Manini",NA,NA,NA,NA,475,"475 m","Styphelia, Bonamia","dwarf shrub",NA,NA,NA,NA,"Herbst, D.R.; Sohmer, S.H.; Wagner, W.L.",NA,"NotAType",NA,"BISH",NA
"37567844","Metrosideros macropus Hook. & Arn.","Takeuchi, W.N.","Collector Number: 2925",1986,"1986-10-19","Hawaii","Kamooalii, Kaneohe","[Hawaiian Islands; U.S.A.; O`ahu; Kamooalii, Kaneohe]",NA,NA,NA,NA,NA,"hillside","4 m tree, dense foliage",NA,NA,NA,NA,"D.R.Herbst; S.H.Sohmer; W.L.Wagner","1989-01-01T00:00:00",NA,NA,"BPBM","BISH"
"37567913","Metrosideros macropus Hook. & Arn.","Takeuchi, W.N.","Collector Number: 2925",1986,"1986-10-19","Hawaii","Kamooalii, Kaneohe","[Hawaiian Islands; U.S.A.; O`ahu; Kamooalii, Kaneohe]",NA,NA,NA,NA,NA,"hillside","4 m tree, dense foliage",NA,NA,NA,NA,"D.R.Herbst; S.H.Sohmer; W.L.Wagner","1989-01-01T00:00:00",NA,NA,"BPBM","BISH"
"37568043","Metrosideros macropus Hook. & Arn.","Takeuchi, W.N.","Collector Number: 2925",1986,"1986-10-19","Hawaii","Kamooalii, Kaneohe","[Hawaiian Islands; U.S.A.; O`ahu; Kamooalii, Kaneohe]",NA,NA,NA,NA,NA,"hillside","4 m tree, dense foliage",NA,NA,NA,NA,"D.R.Herbst; S.H.Sohmer; W.L.Wagner","1989-01-01T00:00:00",NA,NA,"BPBM","BISH"
"37568213","Metrosideros macropus Hook. & Arn.","Takeuchi, W.N.","Collector Number: 2925",1986,"1986-10-19","Hawaii","Kamooalii, Kaneohe","[Hawaiian Islands; U.S.A.; O`ahu; Kamooalii, Kaneohe]",NA,NA,NA,NA,NA,"hillside","4 m tree, dense foliage",NA,NA,NA,NA,"D.R.Herbst; S.H.Sohmer; W.L.Wagner","1989-01-01T00:00:00",NA,NA,"BPBM","BISH"
"37568243","Metrosideros macropus Hook. & Arn.","Takeuchi, W.N.","Collector Number: 2925",1986,"1986-10-19","Hawaii","Kamooalii, Kaneohe","[Hawaiian Islands; U.S.A.; O`ahu; Kamooalii, Kaneohe]",NA,NA,NA,NA,NA,"hillside","4 m tree, dense foliage",NA,NA,NA,NA,"D.R.Herbst; S.H.Sohmer; W.L.Wagner","1989-01-01T00:00:00",NA,NA,"BPBM","BISH"
"37572863","Metrosideros tremuloides (A.Heller) Knuth","Takeuchi, W.N.","Collector Number: 2915",1986,"1986-10-01/1986-10-31","Hawaii","Kamooalii, Kaneohe, Koolau divide","[Hawaiian Islands; U.S.A.; O`ahu; Kamooalii, Kaneohe, Koolau divide]",NA,NA,NA,NA,"190 m","uluhe","3 m tree, lax branches",NA,NA,NA,NA,"D.R.Herbst; S.H.Sohmer; W.L.Wagner","1989-01-01T00:00:00",NA,NA,"BPBM","BISH"
"37573262","Metrosideros tremuloides (A.Heller) Knuth","Takeuchi, W.N.","Collector Number: 2915",1986,"1986-10-01/1986-10-31","Hawaii","Kamooalii, Kaneohe, Koolau divide","[Hawaiian Islands; U.S.A.; O`ahu; Kamooalii, Kaneohe, Koolau divide]",NA,NA,NA,NA,"190 m","uluhe","3 m tree, lax branches",NA,NA,NA,NA,"D.R.Herbst; S.H.Sohmer; W.L.Wagner","1989-01-01T00:00:00",NA,NA,"BPBM","BISH"
"37573356","Metrosideros tremuloides (A.Heller) Knuth","Takeuchi, W.N.","Collector Number: 2923",1986,"1986-10-19","Hawaii","Kuou, Kaneohe","[Hawaiian Islands; U.S.A.; O`ahu; Kuou, Kaneohe]",NA,NA,NA,NA,"125 m","uluhe, guava","3-4 m tree, branches hanging",NA,NA,NA,NA,"D.R.Herbst; S.H.Sohmer; W.L.Wagner","1989-01-01T00:00:00",NA,NA,"BPBM","BISH"
"1318604034","Metrosideros macropus Hook. & Arn.","W. N. Takeuchi","2925",1986,"1986-10-19","Hawaii","Kamooalii, Kaneohe.",NA,NA,NA,NA,NA,NA,"On hillside",NA,NA,NA,NA,NA,"Wagner, W. L., (BOT), Smithsonian Institution - National Museum of Natural History (UNITED STATES)",NA,NA,NA,"US","US"
"4858961918","Metrosideros macropus Hook. & Arn.","Takeuchi, W.","2925",1986,"1986-10-19T00:00",NA,"Hawaiian Islands; Oahu; Kamooalii; Kaneohe",NA,NA,NA,NA,NA,NA,NA,NA,NA,NA,NA,NA,NA,NA,NA,NA,"K","Herbarium"
"5956343544","Metrosideros tremuloides (A.Heller) Knuth","Takeuchi, W.N.","2923",1986,"1986-10-19","Hawaii","Kuou, Kaneohe",NA,NA,NA,NA,125,"125 m","uluhe, guava","3-4 m tree, branches hanging",NA,NA,NA,NA,"Herbst, D.R.; Sohmer, S.H.; Wagner, W.L.","1989-01-01T00:00:00","NotAType",NA,"BISH",NA
"5956448184","Metrosideros tremuloides (A.Heller) Knuth","Takeuchi, W.N.","2915",1986,"1986-10-01","Hawaii","Kamooalii, Kaneohe, Koolau divide",NA,NA,NA,NA,190,"190 m","uluhe","sheet 1 of 2; 3 m tree, lax branches",NA,NA,NA,NA,"Herbst, D.R.; Sohmer, S.H.; Wagner, W.L.",NA,"NotAType",NA,"BISH",NA
"5956474461","Metrosideros tremuloides (A.Heller) Knuth","Takeuchi, W.N.","2915",1986,"1986-10-01","Hawaii","Kamooalii, Kaneohe, Koolau divide",NA,NA,NA,NA,190,"190 m","uluhe","sheet 2 of 2; 3 m tree, lax branches",NA,NA,NA,NA,"Herbst, D.R.; Sohmer, S.H.; Wagner, W.L.",NA,"NotAType",NA,"BISH",NA
"5956578825","Metrosideros macropus Hook. & Arn.","Takeuchi, W.N.","2925",1986,"1986-10-19","Hawaii","Kamooalii, Kaneohe",NA,NA,NA,NA,NA,NA,"hillside","4 m tree, dense foliage",NA,NA,NA,NA,"Herbst, D.R.; Sohmer, S.H.; Wagner, W.L.","1989-01-01T00:00:00","NotAType",NA,"BISH",NA
"5956639925","Metrosideros macropus Hook. & Arn.","Takeuchi, W.N.","2925",1986,"1986-10-19","Hawaii","Kamooalii, Kaneohe",NA,NA,NA,NA,NA,NA,"hillside","4 m tree, dense foliage",NA,NA,NA,NA,"Herbst, D.R.; Sohmer, S.H.; Wagner, W.L.","1989-01-01T00:00:00","NotAType",NA,"BISH",NA
"5956653311","Metrosideros macropus Hook. & Arn.","Takeuchi, W.N.","2925",1986,"1986-10-19","Hawaii","Kamooalii, Kaneohe",NA,NA,NA,NA,NA,NA,"hillside","sheet 1 of 3. See BISH 505924, 505923.; 4 m tree, dense foliage",NA,NA,NA,NA,"Herbst, D.R.; Sohmer, S.H.; Wagner, W.L.","1989-01-01T00:00:00","NotAType",NA,"BISH",NA
"5956663212","Metrosideros macropus Hook. & Arn.","Takeuchi, W.N.","2925",1986,"1986-10-19","Hawaii","Kamooalii, Kaneohe",NA,NA,NA,NA,NA,NA,"hillside","sheet 2 of 3. See BISH 505922, 505924.; 4 m tree, dense foliage",NA,NA,NA,NA,"Herbst, D.R.; Sohmer, S.H.; Wagner, W.L.","1989-01-01T00:00:00","NotAType",NA,"BISH",NA
"5956675738","Metrosideros macropus Hook. & Arn.","Takeuchi, W.N.","2925",1986,"1986-10-19","Hawaii","Kamooalii, Kaneohe",NA,NA,NA,NA,NA,NA,"hillside","sheet 2 of 3. See BISH 505922, 505923.; 4 m tree, dense foliage",NA,NA,NA,NA,"Herbst, D.R.; Sohmer, S.H.; Wagner, W.L.",NA,"NotAType",NA,"BISH",NA
"37568900","Metrosideros macropus Hook. & Arn.","Takeuchi, W.N. Pyle, L.","Collector Number: 1939",1985,"1985-01-26","Hawaii","Waialae Nui, heliopad","[Hawaiian Islands; U.S.A.; O`ahu; Waialae Nui, heliopad]",NA,NA,NA,NA,"2000 ft",NA,"yellow flower",NA,NA,NA,NA,"D.R.Herbst; S.H.Sohmer; W.L.Wagner","1989-01-01T00:00:00",NA,NA,"BPBM","BISH"
"5956250779","Metrosideros macropus Hook. & Arn.","Takeuchi, W.N.; Pyle, L.","1939",1985,"1985-01-26","Hawaii","Waialae Nui, heliopad",NA,NA,NA,NA,610,"2000 ft",NA,"yellow flower",NA,NA,NA,NA,"Herbst, D.R.; Sohmer, S.H.; Wagner, W.L.","1989-01-01T00:00:00","NotAType",NA,"BISH",NA
"37567569","Metrosideros macropus Hook. & Arn.","Takeuchi, W.N.","Collector Number: 2134",1985,"1985-02-24","Hawaii","Near head of Kahana Balley","[Hawaiian Islands; U.S.A.; O`ahu; Hawai`i; Near head of Kahana Balley]",NA,NA,NA,NA,"1100 ft","Gully slopes in mixed native-exotic forest","3-4 m tree",NA,NA,NA,NA,"W.L.Wagner; D.R.Herbst; S.H.Sohmer","1989-01-01T00:00:00",NA,NA,"BPBM","BISH"
"37574496","Metrosideros rugosa A.Gray","Takeuchi, W.N. Imada, C.; Hill, B.; Obata,J.","Collector Number: 1976",1985,"1985-02-03","Hawaii","Lai trail, at the summit","[Hawaiian Islands; U.S.A.; O`ahu; Hawai`i; Lai trail, at the summit]",NA,NA,NA,NA,"2400 ft",NA,"A squat 2 ft. shrub, common, only several in flower",NA,NA,NA,NA,"W.L.Wagner; D.R.Herbst; S.H.Sohmer","1989-01-01T00:00:00",NA,NA,"BPBM","BISH"
"37574500","Metrosideros polymorpha Gaudich.","Stemmermann, R.L. Jacobi, J.D.; P.K.H.; H.K.S.; Rosehill, B.; Vincent, K.; Store, C.; Thompson, A.; Tulang, M.","Collector Number: 6924",1985,"1985-02-19","Hawaii","Keauhou Ranch, above Volcano. Koa reforestation area","[Hawaiian Islands; U.S.A.; Hawai`i; Keauhou Ranch, above Volcano.  Koa reforestation area.]",19.4333,-155.267,NA,NA,"5600 ft","Clearcut area.","Fallen tree.",NA,NA,NA,NA,"W.L.Wagner; D.R.Herbst; S.H.Sohmer","1989-01-01T00:00:00",NA,NA,"BPBM","BISH"
"5956317008","Metrosideros macropus Hook. & Arn.","Takeuchi, W.N.","2134",1985,"1985-02-24","Hawaii","Near head of Kahana Balley",NA,NA,NA,NA,335,"1100 ft","Gully slopes in mixed native-exotic forest","field no. Koolau_552a; 3-4 m tree",NA,NA,NA,NA,"Wagner, W.L.; Herbst, D.R.; Sohmer, S.H.","1989-01-01T00:00:00","NotAType",NA,"BISH",NA
"5956409320","Metrosideros polymorpha Gaudich.","Stemmermann, R.L.; Jacobi, J.D.; P.K.H.; H.K.S.; Rosehill, B.; Vincent, K.; Store, C.; Thompson, A.; Tulang, M.","6924",1985,"1985-02-19","Hawaii","Keauhou Ranch, above Volcano. Koa reforestation area",NA,19.433333,-155.266667,NA,1707,"5600 ft","Clearcut area.","Most individuals in area not 'imbricata'.; Fallen tree.",NA,NA,NA,NA,"Wagner, W.L.; Herbst, D.R.; Sohmer, S.H.","1989-01-01T00:00:00","NotAType",NA,"BISH",NA
"5956528170","Metrosideros rugosa A.Gray","Takeuchi, W.N.; Imada, C.; Hill, B.; Obata,J.","1976",1985,"1985-02-03","Hawaii","Lai trail, at the summit",NA,NA,NA,NA,732,"2400 ft",NA,"field no. Koolau_499, PRC 910; A squat 2 ft. shrub, common, only several in flower",NA,NA,NA,NA,"Wagner, W.L.; Herbst, D.R.; Sohmer, S.H.",NA,"NotAType",NA,"BISH",NA
"37568333","Metrosideros polymorpha Gaudich.","Takeuchi, W.N. Korthalsella","Collector Number: 2108",1985,"1985-03-31","Hawaii","Kamaileunu ridge, Pinnacle Rock","[Hawaiian Islands; U.S.A.; O`ahu; Kamaileunu ridge, Pinnacle Rock]",NA,NA,NA,NA,"2475 ft",NA,NA,NA,NA,NA,NA,"D.R.Herbst; S.H.Sohmer; W.L.Wagner","1989-01-01T00:00:00",NA,NA,"BPBM","BISH"
"37573565","Metrosideros tremuloides (A.Heller) Knuth","Takeuchi, W.N. Pyle, L.","Collector Number: 2085",1985,"1985-03-16","Hawaii","road to Kaala","[Hawaiian Islands; U.S.A.; O`ahu; road to Kaala]",NA,NA,NA,NA,"3400 ft",NA,NA,NA,NA,NA,NA,"D.R.Herbst; S.H.Sohmer; W.L.Wagner","1989-01-01T00:00:00",NA,NA,"BPBM","BISH"
"3125260089","Metrosideros polymorpha Gaudich.","Bruce Hanson","10",1985,"1985-03-26","Hawaii","Kauai, Kalalau Valley",NA,22.15833,-159.64167,NA,40,NA,"With Aleurites moluccana and Stachytarpheta urticifolia. Rocky cliff face",NA,NA,NA,"FL",NA,NA,NA,NA,NA,"SD",NA
"5956243409","Metrosideros tremuloides (A.Heller) Knuth","Takeuchi, W.N. Pyle, L.","2085",1985,"1985-03-16","Hawaii","road to Kaala",NA,NA,NA,NA,1036,"3400 ft",NA,NA,NA,NA,NA,NA,"D.R.Herbst; S.H.Sohmer; W.L.Wagner","1989-01-01T00:00:00",NA,NA,"BPBM","BISH"
"5956304253","Metrosideros tremuloides (A.Heller) Knuth","Takeuchi, W.N.; Pyle, L.","2085",1985,"1985-03-16","Hawaii","road to Kaala",NA,NA,NA,NA,1036,"3400 ft",NA,NA,NA,NA,NA,NA,"Herbst, D.R.; Sohmer, S.H.; Wagner, W.L.",NA,"NotAType",NA,"BISH",NA
"5956525093","Metrosideros polymorpha Gaudich.","Takeuchi, W.N.; Korthalsella","2108",1985,"1985-03-31","Hawaii","Kamaileunu ridge, Pinnacle Rock",NA,NA,NA,NA,754,"2475 ft",NA,NA,NA,NA,NA,NA,"Herbst, D.R.; Sohmer, S.H.; Wagner, W.L.",NA,"NotAType",NA,"BISH",NA
"37567819","Metrosideros polymorpha Gaudich.","Corn, C.","Collector Number: s.n.",1985,"1985-04-15","Hawaii","Above Kau Forest Reserve on Kahuku Ranch","[Hawaiian Islands; U.S.A.; Hawai`i; Above Kau Forest Reserve on Kahuku Ranch.]",19.3,-155.533,NA,NA,"6700 ft",NA,NA,NA,NA,NA,NA,NA,NA,NA,NA,"BPBM","BISH"
"37568997","Metrosideros polymorpha Gaudich.","Corn, C.",NA,1985,"1985-04-15","Hawaii","above Kau Forest Reserve on Kahuku Ranch","[Hawaiian Islands; U.S.A.; Hawai`i; above Kau Forest Reserve on Kahuku Ranch]",NA,NA,NA,NA,NA,NA,NA,NA,NA,NA,NA,"W.L.Wagner; D.R.Herbst; S.H.Sohmer","1989-01-01T00:00:00",NA,NA,"BPBM","BISH"
"5956169399","Metrosideros polymorpha Gaudich.","Corn, C.","s.n.",1985,"1985-04-15","Hawaii","above Kau Forest Reserve on Kahuku Ranch",NA,NA,NA,NA,NA,NA,NA,NA,NA,NA,NA,NA,"Wagner, W.L.; Herbst, D.R.; Sohmer, S.H.",NA,"NotAType",NA,"BISH",NA
"5956541313","Metrosideros polymorpha Gaudich.","Corn, C.","s.n.",1985,"1985-04-15","Hawaii","Above Kau Forest Reserve on Kahuku Ranch",NA,19.3,-155.533333,NA,2042,"6700 ft",NA,"SESP",NA,NA,NA,NA,NA,NA,"NotAType",NA,"BISH",NA
"37567862","Metrosideros macropus Hook. & Arn.","Takeuchi, W.N. Pyle, L.; Lau, J.; Tanaka, A.","Collector Number: 2225",1985,"1985-06-09","Hawaii","Poamoho, summit divide","[Hawaiian Islands; U.S.A.; O`ahu; Poamoho, summit divide]",NA,NA,NA,NA,NA,NA,"5' shrub, yellow flower",NA,NA,NA,NA,"D.R.Herbst; S.H.Sohmer; W.L.Wagner","1989-01-01T00:00:00",NA,NA,"BPBM","BISH"
"37568343","Metrosideros Banks ex Gaertn.","Lau, J.","Collector Number: 1058",1985,"1985-06-06","Hawaii","Bishop Museum","[Hawaiian Islands; U.S.A.; O`ahu; Bishop Museum]",NA,NA,NA,NA,NA,"full sun","2 m tree, multi-trunked; stamens and styles crimson",NA,NA,NA,NA,NA,NA,NA,NA,"BPBM","BISH"
"37568752","Metrosideros Banks ex Gaertn.","Lau, J.","Collector Number: 1058",1985,"1985-06-06","Hawaii","Bishop Museum","[Hawaiian Islands; U.S.A.; O`ahu; Bishop Museum]",NA,NA,NA,NA,NA,"full sun","2 m tree, multi-trunked; stamens and styles crimson",NA,NA,NA,NA,NA,NA,NA,NA,"BPBM","BISH"
"37568946","Metrosideros Banks ex Gaertn.","Lau, J.","Collector Number: 1058",1985,"1985-06-06","Hawaii","Bishop Museum","[Hawaiian Islands; U.S.A.; O`ahu; Bishop Museum]",NA,NA,NA,NA,NA,"full sun","2 m tree, multi-trunked; stamens and styles crimson",NA,NA,NA,NA,NA,NA,NA,NA,"BPBM","BISH"
"37569273","Metrosideros polymorpha var. polymorpha","Takeuchi, W.N. Tate, B.","Collector Number: 2258",1985,"1985-06-30","Hawaii","Pauoa, wind-beaten slopes above Nuuanu Valley","[Hawaiian Islands; U.S.A.; O`ahu; Hawai`i; Pauoa, wind-beaten slopes above Nuuanu Valley.]",NA,NA,NA,NA,"1775 ft","Area dominated by Metrosideros tremuloides; this and the present collection the dominant ohia phenotypes.",NA,NA,NA,NA,NA,"W.L.Wagner; D.R.Herbst; S.H.Sohmer","1989-01-01T00:00:00",NA,NA,"BPBM","BISH"
"1318398692","Metrosideros polymorpha Gaudich.","J. Lau","1058",1985,"1985-06-06","Hawaii","Bishop Museum.",NA,NA,NA,NA,NA,NA,NA,NA,NA,NA,NA,NA,"Herbst, D. R.; Staples, G. W.",NA,NA,NA,"US","US"
"5956367033","Metrosideros polymorpha var. polymorpha","Takeuchi, W.N.; Tate, B.","2258",1985,"1985-06-30","Hawaii","Pauoa, wind-beaten slopes above Nuuanu Valley",NA,NA,NA,NA,541,"1775 ft","Area dominated by Metrosideros tremuloides; this and the present collection the dominant ohia phenotypes.","Takeuchi field # Koolau 659.",NA,NA,NA,NA,"Wagner, W.L.; Herbst, D.R.; Sohmer, S.H.","1989-01-01T00:00:00","NotAType",NA,"BISH",NA
"5956489274","Metrosideros Banks ex Gaertn.","Lau, J.","1058",1985,"1985-06-06","Hawaii","Bishop Museum",NA,NA,NA,NA,NA,NA,"full sun","2 m tree, multi-trunked; stamens and styles crimson",NA,NA,NA,NA,NA,NA,"NotAType",NA,"BISH",NA
"5956541892","Metrosideros Banks ex Gaertn.","Lau, J.","1058",1985,"1985-06-06","Hawaii","Bishop Museum",NA,NA,NA,NA,NA,NA,"full sun","2 m tree, multi-trunked; stamens and styles crimson",NA,NA,NA,NA,NA,NA,"NotAType",NA,"BISH",NA
"5956606231","Metrosideros macropus Hook. & Arn.","Takeuchi, W.N.; Pyle, L.; Lau, J.; Tanaka, A.","2225",1985,"1985-06-09","Hawaii","Poamoho, summit divide",NA,NA,NA,NA,NA,NA,NA,"5' shrub, yellow flower",NA,NA,NA,NA,"Herbst, D.R.; Sohmer, S.H.; Wagner, W.L.","1989-01-01T00:00:00","NotAType",NA,"BISH",NA
"5956663962","Metrosideros Banks ex Gaertn.","Lau, J.","1058",1985,"1985-06-06","Hawaii","Bishop Museum",NA,NA,NA,NA,NA,NA,"full sun","2 m tree, multi-trunked; stamens and styles crimson",NA,NA,NA,NA,NA,NA,"NotAType",NA,"BISH",NA
"37567488","Metrosideros polymorpha Gaudich.","Stemmermann, R.L. Canfield, J.","Collector Number: 6680",1985,"1985-07-19","Hawaii","overlooking Koukouai Gulch","[Hawaiian Islands; U.S.A.; Maui; Hawai`i; overlooking Koukouai Gulch]",NA,NA,NA,NA,"ca.  1700 ft","Growing in Dicranopteris along fenceline",NA,NA,NA,NA,NA,"W.L.Wagner; D.R.Herbst; S.H.Sohmer","1989-01-01T00:00:00",NA,NA,"BPBM","BISH"
"37567847","Metrosideros macropus Hook. & Arn.","Takeuchi, W.N. Pyle, L.","Collector Number: 2271",1985,"1985-07-08","Hawaii","Aiea","[Hawaiian Islands; U.S.A.; O`ahu; Aiea]",NA,NA,NA,NA,"1825 ft","koa","8' shrub, drooping branches; red flowers",NA,NA,NA,NA,"D.R.Herbst; S.H.Sohmer; W.L.Wagner","1989-01-01T00:00:00",NA,NA,"BPBM","BISH"
"37573303","Metrosideros polymorpha var. polymorpha","Takeuchi, W.N. Tate, B.","Collector Number: 2264",1985,"1985-07-01/1985-07-31","Hawaii","Manoa Cliffs trail","[Hawaiian Islands; ""; O`ahu; Hawai`i; Manoa Cliffs trail]",NA,NA,NA,NA,"1750 ft",NA,NA,NA,NA,NA,NA,"W.L.Wagner; D.R.Herbst; S.H.Sohmer","1989-01-01T00:00:00",NA,NA,"BPBM","BISH"
"37573355","Metrosideros polymorpha Gaudich.","Takeuchi, W.N.","Collector Number: 2351",1985,"1985-07-27","Hawaii","Lanipo","[Hawaiian Islands; U.S.A.; O`ahu; Hawai`i; Lanipo.]",NA,NA,NA,NA,"1150 ft","On the ridgeline above Palolo subdivision; area generally in Schinus and Grevillea.","Isolated tree.",NA,NA,NA,NA,"W.L.Wagner; D.R.Herbst; S.H.Sohmer","1989-01-01T00:00:00",NA,NA,"BPBM","BISH"
"5956317811","Metrosideros polymorpha var. polymorpha","Takeuchi, W.N.; Tate, B.","2264",1985,"1985-07-01","Hawaii","Manoa Cliffs trail",NA,NA,NA,NA,533,"1750 ft",NA,"field no. Koolau_663; Pollen Reference Collection Thecla Bennett, Ward and Cranwell",NA,NA,NA,NA,"Wagner, W.L.; Herbst, D.R.; Sohmer, S.H.","1989-01-01T00:00:00","NotAType",NA,"BISH",NA
"5956341749","Metrosideros macropus Hook. & Arn.","Takeuchi, W.N.; Pyle, L.","2271",1985,"1985-07-08","Hawaii","Aiea",NA,NA,NA,NA,556,"1825 ft","koa","8' shrub, drooping branches; red flowers",NA,NA,NA,NA,"Herbst, D.R.; Sohmer, S.H.; Wagner, W.L.",NA,"NotAType",NA,"BISH",NA
"5956343488","Metrosideros polymorpha Gaudich.","Takeuchi, W.N.","2351",1985,"1985-07-27","Hawaii","Lanipo",NA,NA,NA,NA,351,"1150 ft","On the ridgeline above Palolo subdivision; area generally in Schinus and Grevillea.","Isolated tree.",NA,NA,NA,NA,"Wagner, W.L.; Herbst, D.R.; Sohmer, S.H.","1989-01-01T00:00:00","NotAType",NA,"BISH",NA
"5956462842","Metrosideros polymorpha Gaudich.","Stemmermann, R.L.; Canfield, J.","6680",1985,"1985-07-19","Hawaii","overlooking Koukouai Gulch",NA,NA,NA,NA,518,"1700 ft","Growing in Dicranopteris along fenceline",NA,NA,NA,NA,NA,"Wagner, W.L.; Herbst, D.R.; Sohmer, S.H.","1989-01-01T00:00:00","NotAType",NA,"BISH",NA
"37568008","Metrosideros polymorpha Gaudich.","Takeuchi, W.N. Pyle, L.","Collector Number: 2270",1985,"1985-08-07","Hawaii","Aiea","[Hawaiian Islands; U.S.A.; O`ahu; Hawai`i; Honolulu; Aiea]",NA,NA,NA,NA,"1925 ft","In a large colony of ""good"" Metrosideros macropus. Dense ulu",NA,NA,NA,NA,NA,"W.L.Wagner; D.R.Herbst; S.H.Sohmer",NA,NA,NA,"BPBM","BISH"
"1897831184","Metrosideros macropus Hook. & Arn.","A A Heller",NA,1985,"1985-08-24",NA,NA,"Hawaiian Islands, Island of Kauai, between  the Hanapepe and Wahiawa Rivers",21.902667,-159.582361,1e+05,NA,NA,NA,NA,NA,NA,NA,NA,NA,NA,NA,NA,"AK","AK"
"5956142043","Metrosideros polymorpha Gaudich.","Takeuchi, W.N.; Pyle, L.","2270",1985,"1985-08-07","Hawaii","Aiea",NA,NA,NA,NA,587,"1925 ft","In a large colony of ""good"" Metrosideros macropus. Dense ulu","Field no. Koolau _669a, toward M. macropus. Gestalt was very similar to M. macropus, but pubescence is wrong; also could not find stipules.",NA,NA,NA,NA,"Wagner, W.L.; Herbst, D.R.; Sohmer, S.H.",NA,"NotAType",NA,"BISH",NA
"37567894","Metrosideros polymorpha Gaudich.","Howard, R.A.","Collector Number: 20237",1985,"1985-10-20","Hawaii","above Wailua, game reserve","[Hawaiian Islands; U.S.A.; Kaua`i; above Wailua, game reserve]",NA,NA,NA,NA,NA,NA,"3 m shrub, few flowers, red",NA,NA,NA,NA,"D.R.Herbst; S.H.Sohmer; W.L.Wagner","1989-01-01T00:00:00",NA,NA,"BPBM","BISH"
"5956323242","Metrosideros polymorpha Gaudich.","Howard, R.A.","20237",1985,"1985-10-20","Hawaii","above Wailua, game reserve",NA,NA,NA,NA,NA,NA,NA,"3 m shrub, few flowers, red",NA,NA,NA,NA,"Herbst, D.R.; Sohmer, S.H.; Wagner, W.L.",NA,"NotAType",NA,"BISH",NA
"37567919","Metrosideros polymorpha Gaudich.","Stemmermann, R.L.","Collector Number: 7040",1985,"1985-11-03","Hawaii","Side valley of 'Iao Valley","[Hawaiian Islands; U.S.A.; Maui; Side valley of 'Iao Valley.]",NA,NA,NA,NA,"ca. 2000 ft","Shrubs on steep slope and valley walls with Eragrostis, Pritchardia, Plantago.",NA,NA,NA,NA,NA,"W.L.Wagner; D.R.Herbst; S.H.Sohmer","1989-01-01T00:00:00",NA,NA,"BPBM","BISH"
"37574295","Metrosideros polymorpha var. pumila (A.Heller) J.W.Dawson & Stemmerm.","Stemmermann, R.L.","Collector Number: 7027",1985,"1985-11-02","Hawaii","'Eke crater","[Hawaiian Islands; U.S.A.; Maui; Hawai`i; 'Eke crater.]",NA,NA,NA,NA,"4400 ft",NA,"Low statured Ohia appears intermediated between M. p. var. rugosa (L.S. 7026) and a larger if rubbery stemmed Ohia present in some of 'Eke's depressions.",NA,NA,NA,NA,"W.L.Wagner; D.R.Herbst; S.H.Sohmer",NA,NA,NA,"BPBM","BISH"
"37574616","Metrosideros polymorpha var. pseudorugosa Skottsb.","Stemmermann, R.L.","Collector Number: 7026",1985,"1985-11-02","Hawaii","West Maui, Eke crater","[Hawaiian Islands; U.S.A.; Maui; Hawai`i; West, Eke crater]",NA,NA,NA,NA,"ca. 4400 ft",NA,"up to 30 cm",NA,NA,NA,NA,"D.R.Herbst; S.H.Sohmer; W.L.Wagner","1989-01-01T00:00:00",NA,NA,"BPBM","BISH"
"5956495718","Metrosideros polymorpha var. pumila (A.Heller) J.W.Dawson & Stemmerm.","Stemmermann, R.L.","7027",1985,"1985-11-02","Hawaii","'Eke crater",NA,NA,NA,NA,1341,"4400 ft",NA,"See L.S. 7028, 7029. This one appeared most commo; Low statured Ohia appears intermediated between M. p. var. rugosa (L.S. 7026) and a larger if rubbery stemmed Ohia present in some of 'Eke's depressions.",NA,NA,NA,NA,"Wagner, W.L.; Herbst, D.R.; Sohmer, S.H.",NA,"NotAType",NA,"BISH",NA
"5956495980","Metrosideros polymorpha var. pseudorugosa Skottsb.","Stemmermann, R.L.","7026",1985,"1985-11-02","Hawaii","West Maui, Eke crater",NA,NA,NA,NA,1341,"4400 ft",NA,"up to 30 cm",NA,NA,NA,NA,"Herbst, D.R.; Sohmer, S.H.; Wagner, W.L.",NA,"NotAType",NA,"BISH",NA
"5956560716","Metrosideros polymorpha Gaudich.","Stemmermann, R.L.","7040",1985,"1985-11-03","Hawaii","Side valley of 'Iao Valley",NA,NA,NA,NA,610,"2000 ft","Shrubs on steep slope and valley walls with Eragrostis, Pritchardia, Plantago.",NA,NA,NA,NA,NA,"Wagner, W.L.; Herbst, D.R.; Sohmer, S.H.",NA,"NotAType",NA,"BISH",NA
"37567719","Metrosideros polymorpha Gaudich.","Stemmermann, R.L. Stemmermann, M.; L.Powell","Collector Number: 7057",1985,"1985-12-28","Hawaii","Hanalilolilo trail to pepeopae","[Hawaiian Islands; U.S.A.; Moloka`i; Hanalilolilo trail to pepeopae]",NA,NA,NA,NA,NA,NA,"10 m x 20 cm",NA,NA,NA,NA,"D.R.Herbst; S.H.Sohmer; W.L.Wagner","1989-01-01T00:00:00",NA,NA,"BPBM","BISH"
"37567806","Metrosideros polymorpha Gaudich.","Stemmermann, R.L. Canfield, J.; Kramer, W.","Collector Number: 7041",1985,"1985-12-27","Hawaii","Koolau Mts., 1st hill past Pauoa Flats, trail to Konahuanui","[Hawaiian Islands; U.S.A.; O`ahu; Koolau Mts., 1st hill past Pauoa Flats, trail to Konahuanui]",NA,NA,NA,NA,NA,NA,NA,NA,NA,NA,NA,"D.R.Herbst; S.H.Sohmer; W.L.Wagner","1989-01-01T00:00:00",NA,NA,"BPBM","BISH"
"37567973","Metrosideros polymorpha Gaudich.","Stemmermann, R.L. Stemmermann, M.; L.Powell","Collector Number: 7052",1985,"1985-12-28","Hawaii","road to Waikolu overlook, sandalwood pit","[Hawaiian Islands; U.S.A.; Moloka`i; road to Waikalu overlook, sandalwood pit]",NA,NA,NA,NA,"3150 ft",NA,NA,NA,NA,NA,NA,"D.R.Herbst; S.H.Sohmer; W.L.Wagner","1989-01-01T00:00:00",NA,NA,"BPBM","BISH"
"37568126","Metrosideros polymorpha Gaudich.","Stemmermann, R.L. Canfield, J.; Kramer, W.","Collector Number: 7046",1985,"1985-12-27","Hawaii","Konahuanui, Koolau summit","[Hawaiian Islands; U.S.A.; O`ahu; Konahuanui, Koolau summit]",NA,NA,NA,NA,NA,NA,"glabrous leafed; rubbery stem; sericeous peduncles",NA,NA,NA,NA,"D.R.Herbst; S.H.Sohmer; W.L.Wagner","1989-01-01T00:00:00",NA,NA,"BPBM","BISH"
"37568251","Metrosideros polymorpha Gaudich.","Stemmermann, R.L. Stemmermann, M.; L.Powell","Collector Number: 7058",1985,"1985-12-28","Hawaii","Hanalilolilo trail to pepeopae","[Hawaiian Islands; U.S.A.; Moloka`i; Hanalilolilo trail to pepeopae]",NA,NA,NA,NA,NA,NA,"10 m x 20 cm",NA,NA,NA,NA,"D.R.Herbst; S.H.Sohmer; W.L.Wagner","1989-01-01T00:00:00",NA,NA,"BPBM","BISH"
"37568264","Metrosideros polymorpha Gaudich.","Stemmermann, R.L. Stemmermann, M.; L.Powell","Collector Number: 7051",1985,"1985-12-28","Hawaii","road to Waikolu overlook, sandalwood pit","[Hawaiian Islands; U.S.A.; Moloka`i; road to Waikalu overlook, sandalwood pit]",NA,NA,NA,NA,"3150 ft",NA,NA,NA,NA,NA,NA,"D.R.Herbst; S.H.Sohmer; W.L.Wagner","1989-01-01T00:00:00",NA,NA,"BPBM","BISH"
"37568303","Metrosideros polymorpha Gaudich.","Stemmermann, R.L. Canfield, J.; Kramer, W.","Collector Number: 7044",1985,"1985-12-27","Hawaii","2nd hill past Pauoa flats, trail to Konahuanui","[Hawaiian Islands; U.S.A.; O`ahu; 2nd hill past Pauoa Flats, trail to Konahuanui]",NA,NA,NA,NA,NA,NA,"5-6 m tree",NA,NA,NA,NA,"D.R.Herbst; S.H.Sohmer; W.L.Wagner","1989-01-01T00:00:00",NA,NA,"BPBM","BISH"
"37568910","Metrosideros polymorpha Gaudich.","Stemmermann, R.L. Canfield, J.; Kramer, W.","Collector Number: 7047",1985,"1985-12-27","Hawaii","Konahuanui, Koolau summit","[Hawaiian Islands; U.S.A.; O`ahu; Konahuanui, Koolau summit]",NA,NA,NA,NA,NA,NA,"glabrous leafed; rubbery stem; sericeous peduncles",NA,NA,NA,NA,"D.R.Herbst; S.H.Sohmer; W.L.Wagner","1989-01-01T00:00:00",NA,NA,"BPBM","BISH"
"37572596","Metrosideros polymorpha var. pumila (A.Heller) J.W.Dawson & Stemmerm.","Stemmermann, R.L. Stemmermann, M.; L.Powell","Collector Number: 7060",1985,"1985-12-28","Hawaii","Pepeopae bog","[Hawaiian Islands; U.S.A.; Moloka`i; Pepopae bog]",NA,NA,NA,NA,NA,NA,"~50 cm; glabrous",NA,NA,NA,NA,"D.R.Herbst; S.H.Sohmer; W.L.Wagner","1989-01-01T00:00:00",NA,NA,"BPBM","BISH"
"37572617","Metrosideros rugosa A.Gray","Takeuchi, W.N.","Collector Number: s.n.",1985,"1985-12-01/1985-12-31","Hawaii","Near Puu Kainapuaa, N. Koolau Mts","[Hawaiian Islands; U.S.A.; O`ahu; Hawai`i; Near Puu Kainapuaa, N. Koolau Mts.]",NA,NA,NA,NA,"2200 ft","A colony along the crestline","5 ft. individual",NA,NA,NA,NA,"W.L.Wagner; D.R.Herbst; S.H.Sohmer","1989-01-01T00:00:00",NA,NA,"BPBM","BISH"
"37572743","Metrosideros waialealae (Rock) Rock","Stemmermann, R.L. Stemmermann, R.L.; Powell","Collector Number: 7048",1985,"1985-12-28","Hawaii","Along road between scout camp and Sandalwood Pit","[Hawaiian Islands; U.S.A.; Moloka`i; Hawai`i; Maui; Along road between scout camp and Sandalwood Pit.]",NA,NA,NA,NA,"2280 ft","Understorey of exotic tree plantation.",NA,NA,NA,NA,NA,"W.L.Wagner; D.R.Herbst; S.H.Sohmer",NA,NA,NA,"BPBM","BISH"
"37572805","Metrosideros polymorpha Gaudich.","Kepler, A.K. Boynton, D.","Collector Number: 511",1985,"1985-12-13","Hawaii","Wailuku, Wailuku River. Away from stream, up to 150 ft","[Hawaiian Islands; U.S.A.; Hawai`i; Wailuku, Wailuku River.  Away from stream, up to 150 ft.]",19.7,-155.133,NA,NA,"1160 ft",NA,NA,NA,NA,NA,NA,"W.L.Wagner; D.R.Herbst; S.H.Sohmer","1989-01-01T00:00:00",NA,NA,"BPBM","BISH"
"37572836","Metrosideros polymorpha var. polymorpha","Stemmermann, R.L. Canfield, J.; Kramer, W.","Collector Number: 7043",1985,"1985-12-27","Hawaii","Second hill l past Pauoa Flats along trail to Konahuanui","[Hawaiian Islands; U.S.A.; O`ahu; Hawai`i; Second hill l past Pauoa Flats along trail to Konahuanui]",NA,NA,NA,NA,NA,NA,"6 m tree",NA,NA,NA,NA,"W.L.Wagner; D.R.Herbst; S.H.Sohmer","1989-01-01T00:00:00",NA,NA,"BPBM","BISH"
"37572843","Metrosideros polymorpha var. polymorpha","Stemmermann, R.L. Stemmermann, M.; L.Powell","Collector Number: 7053",1985,"1985-12-28","Hawaii","Hanalilolilo trail near Waikolu overlook","[Hawaiian Islands; U.S.A.; Moloka`i; Hanalilolilo trail near Waikolu overlook]",NA,NA,NA,NA,NA,NA,NA,NA,NA,NA,NA,"D.R.Herbst; S.H.Sohmer; W.L.Wagner","1989-01-01T00:00:00",NA,NA,"BPBM","BISH"
"37573097","Metrosideros polymorpha var. newellii (Rock) H.St.John","Kepler, A.K. Boynton, D.","Collector Number: 520",1985,"1985-12-13","Hawaii","Wailuku District. Wailuku River","[Hawaiian Islands; U.S.A.; Hawai`i; Wailuku District. Wailuku River.]",NA,NA,NA,NA,"1160 ft","Streambank, 6 foot above water level.","Scrub.",NA,NA,NA,NA,"W.L.Wagner; D.R.Herbst; S.H.Sohmer","1989-01-01T00:00:00",NA,NA,"BPBM","BISH"
"37573188","Metrosideros polymorpha var. pumila (A.Heller) J.W.Dawson & Stemmerm.","Stemmermann, R.L. Stemmermann, M.; L.Powell","Collector Number: 7061",1985,"1985-12-28","Hawaii","Pepeopae bog","[Hawaiian Islands; U.S.A.; Moloka`i; Pepopae bog]",NA,NA,NA,NA,NA,NA,"pubescent",NA,NA,NA,NA,"D.R.Herbst; S.H.Sohmer; W.L.Wagner","1989-01-01T00:00:00",NA,NA,"BPBM","BISH"
"37573261","Metrosideros tremuloides (A.Heller) Knuth","Stemmermann, R.L. Canfield, J.; Kramer, W.","Collector Number: 7042",1985,"1985-12-27","Hawaii","2nd hill past Pauoa flats, trail to Konahuanui","[Hawaiian Islands; U.S.A.; O`ahu; 2nd hill past Pauoa flats, trail to Konahuanui]",NA,NA,NA,NA,NA,NA,"shrubs and trees",NA,NA,NA,NA,"D.R.Herbst; S.H.Sohmer; W.L.Wagner","1989-01-01T00:00:00",NA,NA,"BPBM","BISH"
"37573377","Metrosideros polymorpha var. polymorpha","Stemmermann, R.L. Canfield, J.; Kramer, W.","Collector Number: 7045",1985,"1985-12-27","Hawaii","Trail to Konahuanui just before last climb to Koolau summit","[Hawaiian Islands; U.S.A.; O`ahu; Hawai`i; Trail to Konahuanui just before last climb to Koolau summit]",NA,NA,NA,NA,NA,NA,"Tree 3-4 m.",NA,NA,NA,NA,"W.L.Wagner; D.R.Herbst; S.H.Sohmer","1989-01-01T00:00:00",NA,NA,"BPBM","BISH"
"37573739","Metrosideros polymorpha var. polymorpha","Stemmermann, R.L. Stemmermann, M.; L.Powell","Collector Number: 7050",1985,"1985-12-28","Hawaii","road to Waikolu overlook at Sandalwood Pit","[Hawaiian Islands; U.S.A.; Moloka`i; road to Waikolu overlook at Sandalwood Pit]",NA,NA,NA,NA,"3150 ft",NA,"5 m tree",NA,NA,NA,NA,"D.R.Herbst; S.H.Sohmer; W.L.Wagner","1989-01-01T00:00:00",NA,NA,"BPBM","BISH"
"37573763","Metrosideros polymorpha var. newellii (Rock) H.St.John","Kepler, A.K. Boynton, D.","Collector Number: 515",1985,"1985-12-12","Hawaii","Wailuku River","[Hawaiian Islands; U.S.A.; Hawai`i; Wailuku River]",19.7,-155.083,NA,NA,"1180 ft","Growing a few feet above stream level.","Scrubby",NA,NA,NA,NA,"W.L.Wagner; D.R.Herbst; S.H.Sohmer","1989-01-01T00:00:00",NA,NA,"BPBM","BISH"
"37574179","Metrosideros polymorpha var. pumila (A.Heller) J.W.Dawson & Stemmerm.","Stemmermann, R.L. Stemmermann, M.; L.Powell","Collector Number: 7059",1985,"1985-12-28","Hawaii","Pepeopae bog","[Hawaiian Islands; U.S.A.; Moloka`i; Pepopae bog]",NA,NA,NA,NA,NA,NA,"~50 cm; glabrous",NA,NA,NA,NA,"D.R.Herbst; S.H.Sohmer; W.L.Wagner","1989-01-01T00:00:00",NA,NA,"BPBM","BISH"
"37574842","Metrosideros polymorpha var. newellii (Rock) H.St.John","Kepler, A.K. Boynton, D.","Collector Number: 531",1985,"1985-12-12","Hawaii","Wailuku District, Wailuku River","[Hawaiian Islands; U.S.A.; Hawai`i; Wailuku District, Wailuku River.]",19.7,-155.083,NA,NA,"1160 ft","Growing on stream bank, roots in water.","Tree, 20 feet high.",NA,NA,NA,NA,"W.L.Wagner; D.R.Herbst; S.H.Sohmer","1989-01-01T00:00:00",NA,NA,"BPBM","BISH"
"5956134339","Metrosideros polymorpha var. polymorpha","Stemmermann, R.L.; Canfield, J.; Kramer, W.","7043",1985,"1985-12-27","Hawaii","Second hill l past Pauoa Flats along trail to Konahuanui",NA,NA,NA,NA,NA,NA,NA,"6 m tree",NA,NA,NA,NA,"Wagner, W.L.; Herbst, D.R.; Sohmer, S.H.",NA,"NotAType",NA,"BISH",NA
"5956279307","Metrosideros waialealae (Rock) Rock","Stemmermann, R.L.; Stemmermann, R.L.; Powell","7048",1985,"1985-12-28","Hawaii","Along road between scout camp and Sandalwood Pit",NA,NA,NA,NA,695,"2280 ft","Understorey of exotic tree plantation.","fauriei is the appropriate epithet though typical",NA,NA,NA,NA,"Wagner, W.L.; Herbst, D.R.; Sohmer, S.H.",NA,"NotAType",NA,"BISH",NA
"5956279308","Metrosideros polymorpha Gaudich.","Stemmermann, R.L.; Canfield, J.; Kramer, W.","7047",1985,"1985-12-27","Hawaii","Konahuanui, Koolau summit",NA,NA,NA,NA,NA,NA,NA,"glabrous leafed; rubbery stem; sericeous peduncles",NA,NA,NA,NA,"Herbst, D.R.; Sohmer, S.H.; Wagner, W.L.","1989-01-01T00:00:00","NotAType",NA,"BISH",NA
"5956416808","Metrosideros polymorpha var. polymorpha","Stemmermann, R.L.; Canfield, J.; Kramer, W.","7045",1985,"1985-12-27","Hawaii","Trail to Konahuanui just before last climb to Koolau summit",NA,NA,NA,NA,NA,NA,NA,"Tree 3-4 m.",NA,NA,NA,NA,"Wagner, W.L.; Herbst, D.R.; Sohmer, S.H.",NA,"NotAType",NA,"BISH",NA
"5956421723","Metrosideros polymorpha var. newellii (Rock) H.St.John","Kepler, A.K.; Boynton, D.","531",1985,"1985-12-12","Hawaii","Wailuku District, Wailuku River",NA,19.7,-155.083333,NA,354,"1160 ft","Growing on stream bank, roots in water.","Tree, 20 feet high.",NA,NA,NA,NA,"Wagner, W.L.; Herbst, D.R.; Sohmer, S.H.","1989-01-01T00:00:00","NotAType",NA,"BISH",NA
"5956422005","Metrosideros polymorpha var. newellii (Rock) H.St.John","Kepler, A.K.; Boynton, D.","515",1985,"1985-12-12","Hawaii","Wailuku River",NA,19.7,-155.083333,NA,360,"1180 ft","Growing a few feet above stream level.","Scrubby",NA,NA,NA,NA,"Wagner, W.L.; Herbst, D.R.; Sohmer, S.H.","1989-01-01T00:00:00","NotAType",NA,"BISH",NA
"5956422361","Metrosideros waialealae (Rock) Rock","Stemmermann, L.; Stemmermann, M.; Powel, L.","7049",1985,"1985-12-28","Hawaii","Along road between scout camp and sandalwood pit",NA,NA,NA,NA,695,"2280 ft",NA,"'Fauriei' is probably the appropriate epithet for this though typical 'F' in this area w/ longer petioles and more pendant leaves were not blooming; Understory tree to 8 m of exotic tree plantation",NA,NA,NA,NA,"Wagner, W.L.; Herbst, D.R.; Sohmer, S.","1989-01-01T00:00:00","NotAType",NA,"BISH",NA
"5956447882","Metrosideros polymorpha var. polymorpha","Stemmermann, R.L.; Stemmermann, M.; Powell, L.","7050",1985,"1985-12-28","Hawaii","road to Waikolu overlook at Sandalwood Pit",NA,NA,NA,NA,960,"3150 ft",NA,"5 m tree",NA,NA,NA,NA,"Herbst, D.R.; Sohmer, S.H.; Wagner, W.L.","1989-01-01T00:00:00","NotAType",NA,"BISH",NA
"5956447894","Metrosideros polymorpha Gaudich.","Stemmermann, R.L.; Canfield, J.; Kramer, W.","7044",1985,"1985-12-27","Hawaii","2nd hill past Pauoa flats, trail to Konahuanui",NA,NA,NA,NA,NA,NA,NA,"5-6 m tree",NA,NA,NA,NA,"Herbst, D.R.; Sohmer, S.H.; Wagner, W.L.","1989-01-01T00:00:00","NotAType",NA,"BISH",NA
"5956449093","Metrosideros polymorpha Gaudich.","Stemmermann, R.L.; Stemmermann, M.; Powell, L.","7051",1985,"1985-12-28","Hawaii","road to Waikolu overlook, sandalwood pit",NA,NA,NA,NA,960,"3150 ft",NA,NA,NA,NA,NA,NA,"Herbst, D.R.; Sohmer, S.H.; Wagner, W.L.",NA,"NotAType",NA,"BISH",NA
"5956449094","Metrosideros polymorpha Gaudich.","Stemmermann, R.L.; Canfield, J.; Kramer, W.","7046",1985,"1985-12-27","Hawaii","Konahuanui, Koolau summit",NA,NA,NA,NA,NA,NA,NA,"glabrous leafed; rubbery stem; sericeous peduncles",NA,NA,NA,NA,"Herbst, D.R.; Sohmer, S.H.; Wagner, W.L.","1989-01-01T00:00:00","NotAType",NA,"BISH",NA
"5956461081","Metrosideros polymorpha var. newellii (Rock) H.St.John","Kepler, A.K.; Boynton, D.","514",1985,"1985-12-01","Hawaii","Wailuku. Wailuku River, growing a few feet above stream level",NA,19.7,-155.083333,NA,354,"1160 ft","Growing a few feet above stream level.","Scrubby",NA,NA,NA,NA,"Wagner, W.L.; Herbst, D.R.; Sohmer, S.H.","1989-01-01T00:00:00","NotAType",NA,"BISH",NA
"5956462331","Metrosideros polymorpha var. pumila (A.Heller) J.W.Dawson & Stemmerm.","Stemmermann, R.L.; Stemmermann, M.; Powell, L.","7061",1985,"1985-12-28","Hawaii","Pepeopae bog",NA,NA,NA,NA,NA,NA,NA,"pubescent",NA,NA,NA,NA,"Herbst, D.R.; Sohmer, S.H.; Wagner, W.L.","1989-01-01T00:00:00","NotAType",NA,"BISH",NA
"5956462602","Metrosideros polymorpha var. pumila (A.Heller) J.W.Dawson & Stemmerm.","Stemmermann, R.L.; Stemmermann, M.; Powell, L.","7060",1985,"1985-12-28","Hawaii","Pepeopae bog",NA,NA,NA,NA,NA,NA,NA,"~50 cm; glabrous",NA,NA,NA,NA,"Herbst, D.R.; Sohmer, S.H.; Wagner, W.L.",NA,"NotAType",NA,"BISH",NA
"5956504969","Metrosideros polymorpha Gaudich.","Kepler, A.K.; Boynton, D.","511",1985,"1985-12-13","Hawaii","Wailuku, Wailuku River. Away from stream, up to 150 ft",NA,19.7,-155.133333,NA,354,"1160 ft",NA,"Collected from same area as M.c.newellii.",NA,NA,NA,NA,"Wagner, W.L.; Herbst, D.R.; Sohmer, S.H.","1989-01-01T00:00:00","NotAType",NA,"BISH",NA
"5956514887","Metrosideros tremuloides (A.Heller) Knuth","Stemmermann, R.L.; Canfield, J.; Kramer, W.","7042",1985,"1985-12-27","Hawaii","2nd hill past Pauoa flats, trail to Konahuanui",NA,NA,NA,NA,NA,NA,NA,"shrubs and trees",NA,NA,NA,NA,"Herbst, D.R.; Sohmer, S.H.; Wagner, W.L.",NA,"NotAType",NA,"BISH",NA
"5956530361","Metrosideros polymorpha var. pumila (A.Heller) J.W.Dawson & Stemmerm.","Stemmermann, R.L.; Stemmermann, M.; Powell, L.","7059",1985,"1985-12-28","Hawaii","Pepeopae bog",NA,NA,NA,NA,NA,NA,NA,"~50 cm; glabrous",NA,NA,NA,NA,"Herbst, D.R.; Sohmer, S.H.; Wagner, W.L.","1989-01-01T00:00:00","NotAType",NA,"BISH",NA
"5956541666","Metrosideros polymorpha Gaudich.","Stemmermann, R.L.; Canfield, J.; Kramer, W.","7041",1985,"1985-12-27","Hawaii","Koolau Mts., 1st hill past Pauoa Flats, trail to Konahuanui",NA,NA,NA,NA,NA,NA,NA,NA,NA,NA,NA,NA,"Herbst, D.R.; Sohmer, S.H.; Wagner, W.L.",NA,"NotAType",NA,"BISH",NA
"5956567684","Metrosideros polymorpha var. newellii (Rock) H.St.John","Kepler, A.K.; Boynton, D.","520",1985,"1985-12-13","Hawaii","Wailuku District. Wailuku River",NA,NA,NA,NA,354,"1160 ft","Streambank, 6 foot above water level.","Scrub.",NA,NA,NA,NA,"Wagner, W.L.; Herbst, D.R.; Sohmer, S.H.","1989-01-01T00:00:00","NotAType",NA,"BISH",NA
"5956577107","Metrosideros polymorpha var. polymorpha","Stemmermann, R.L.; Stemmermann, M.; Powell, L.","7053",1985,"1985-12-28","Hawaii","Hanalilolilo trail near Waikolu overlook",NA,21.125,-156.91152,1344,NA,NA,NA,NA,NA,NA,NA,NA,"Herbst, D.R.; Sohmer, S.H.; Wagner, W.L.","1989-01-01T00:00:00","NotAType",NA,"BISH",NA
"5956604370","Metrosideros polymorpha Gaudich.","Stemmermann, R.L.; Stemmermann, M.; Powell, L.","7052",1985,"1985-12-28","Hawaii","road to Waikolu overlook, sandalwood pit",NA,NA,NA,NA,960,"3150 ft",NA,NA,NA,NA,NA,NA,"Herbst, D.R.; Sohmer, S.H.; Wagner, W.L.","1989-01-01T00:00:00","NotAType",NA,"BISH",NA
"5956664617","Metrosideros rugosa A.Gray","Takeuchi, W.N.","s.n.",1985,"1985-12-01","Hawaii","Near Puu Kainapuaa, N. Koolau Mts",NA,NA,NA,NA,671,"2200 ft","A colony along the crestline","5 ft. individual",NA,NA,NA,NA,"Wagner, W.L.; Herbst, D.R.; Sohmer, S.H.","1989-01-01T00:00:00","NotAType",NA,"BISH",NA
"5956674679","Metrosideros polymorpha Gaudich.","Stemmermann, R.L.; Stemmermann, M.; Powell, L.","7058",1985,"1985-12-28","Hawaii","Hanalilolilo trail to Pepeopae",NA,NA,NA,NA,NA,NA,NA,"10 m x 20 cm",NA,NA,NA,NA,"Herbst, D.R.; Sohmer, S.H.; Wagner, W.L.","1989-01-01T00:00:00","NotAType",NA,"BISH",NA
"5956675265","Metrosideros polymorpha Gaudich.","Stemmermann, R.L.; Stemmermann, M.; Powell, L.","7057",1985,"1985-12-28","Hawaii","Hanalilolilo trail to Pepeopae",NA,NA,NA,NA,NA,NA,NA,"10 m x 20 cm",NA,NA,NA,NA,"Herbst, D.R.; Sohmer, S.H.; Wagner, W.L.","1989-01-01T00:00:00","NotAType",NA,"BISH",NA
