geoid,population,longitude,latitude
06065041704,3746,-117.57853,33.87673
06065041703,5760,-117.5885,33.87768
06065041002,3283,-117.4721,33.95098
06065041203,3442,-117.45802,33.93219
06037300100,6060,-118.23635,34.24027
06037620601,5869,-118.3626,33.8709
06037291210,5162,-118.2873,33.89071
06037573902,2263,-118.07829,33.81262
06037571502,5067,-118.18418,33.84186
06037570003,4617,-118.14027,33.86405
06037603301,3914,-118.30654,33.88348
06037603500,3083,-118.32185,33.89843
06037554516,3821,-118.06627,33.85656
06037554517,4737,-118.05496,33.86227
06037554201,4096,-118.13829,33.88378
06037554802,6045,-118.08119,33.86956
06037542401,5049,-118.21095,33.89295
06037543502,4424,-118.29533,33.83853
06037600702,4182,-118.33082,33.9517
06037532102,3835,-118.11083000000001,33.99816
06037277200,1969,-118.38222,33.95397
06037128302,4654,-118.46181,34.18356
06037276500,4982,-118.41928,33.9666
06037553601,4839,-118.1715,33.90852
06037551900,5561,-118.10429,33.90885
06037240700,6573,-118.25936,33.94836
06037434001,4715,-118.01434,34.05215
06037123104,4309,-118.36494,34.18391
06037534201,4232,-118.16748,33.95898
06037534404,3555,-118.19076,33.96599
06037532700,2878,-118.24115,33.98388
06037238310,5087,-118.28616,33.96606
06037531602,4134,-118.16444,34.01799
06037533603,6106,-118.19531,33.97313
06037540902,4918,-118.27376,33.90918
06037231210,3793,-118.29804,34.01479
06037229100,4523,-118.2521,33.9928
06037600501,2632,-118.32207,33.93478
06037534700,4108,-118.21478,33.96809
06037601900,5091,-118.33952,33.9405
06037575401,4530,-118.19964,33.78753
06037576401,4060,-118.17851,33.77896
06037576501,3094,-118.17866,33.77272
06037101220,3344,-118.28191,34.25054
06037293304,4150,-118.30432,33.79356
06037271300,4779,-118.4426,34.02423
06037218110,3120,-118.3262,34.04412
06037407301,4593,-117.95928,34.0459
06037481102,4083,-118.09506,34.09958
06037480803,3418,-118.1528,34.09092
06037481300,2938,-118.08284,34.07604
06037463000,2706,-118.075,34.15349
06037214700,2731,-118.36617,34.06689
06037191610,4271,-118.30666,34.08744
06037191810,3028,-118.32771,34.08893
06037191620,2628,-118.30228,34.08744
06037190902,3608,-118.31901,34.09358
06037187300,3456,-118.25461,34.10192
06037137502,4441,-118.59702,34.1637
06037302302,5417,-118.26207,34.14072
06037104620,3200,-118.42247,34.25791
06037302002,3998,-118.25054,34.14904
06037301204,4934,-118.25989,34.16192
06037405900,4423,-117.89021,34.10317
06037123303,3091,-118.4116,34.19757
06037920041,1473,-118.43042,34.41873
06037123204,3125,-118.39433,34.19394
06037123205,2503,-118.38341,34.1958
06037121600,2996,-118.41061,34.21013
06037120030,2591,-118.45201,34.21546
06037405001,5761,-117.96653,34.10309
06037117404,4548,-118.47905,34.23015
06037113234,4542,-118.5953,34.22774
06037311100,4010,-118.35458,34.18755
06037222600,5141,-118.29587,34.02152
06037310701,2482,-118.31363,34.18545
06037134520,5601,-118.59933,34.1974
06037134101,4991,-118.56665,34.21375
06037127920,4212,-118.43562,34.19669
06037107010,3205,-118.44758,34.30222
06037482301,4989,-118.0978,34.07373
06037481604,3863,-118.12622,34.08521
06037213401,4806,-118.28791,34.05357
06037212410,3560,-118.30253,34.05971
06037481714,2485,-118.12894,34.06472
06037211410,2956,-118.30731,34.07102
06037236400,4346,-118.34908,34.00531
06037208902,2570,-118.27237,34.05645
06037402501,5362,-117.76423,34.05475
06037228900,3420,-118.24291,33.99083
06037227020,3508,-118.25181,34.01622
06037204410,2174,-118.21551,34.04586
06037530902,3820,-118.18134,34.04498
06037702201,4475,-118.47324,34.01327
06037222500,4702,-118.30455,34.02148
06037701501,5283,-118.49043,34.02815
06037219300,3757,-118.33167,34.02661
06059110603,8556,-117.99146,33.86635
06059011503,1851,-117.89272,33.88199
06059001102,3314,-117.97227,33.93411
06059021812,6433,-117.8079,33.87172
06059001301,7755,-117.96786,33.92297
06059088701,6307,-117.95848,33.77767
06059001101,4611,-117.96348,33.94271
06059110117,6392,-118.0589,33.82594
06059110106,3779,-118.05875,33.81259
06059099905,3801,-118.02818,33.76624
06059110003,3175,-118.01994,33.78393
06059110011,3020,-118.01966,33.80099
06059089102,7012,-117.90898,33.76349
06059099801,6122,-117.99446,33.76785
06059099601,6654,-118.00704,33.74776
06059099506,1167,-118.076,33.72186
06059099604,3597,-118.01993,33.73702
06059088904,5687,-117.95489,33.74927
06059074109,3392,-117.89866,33.72118
06059099305,7419,-117.99306,33.67913
06059099238,3982,-117.95804,33.66454
06059099231,5536,-117.97377,33.69764
06059099214,3716,-117.9626,33.68164
06059062637,5875,-117.72284,33.5774
06059062626,2827,-117.83999,33.65255
06059063605,5630,-117.92756,33.637
06059075805,4354,-117.83773,33.794670000000004
06059075513,5071,-117.81502,33.72832
06059075507,5476,-117.81066,33.73503
06059075808,3456,-117.82042,33.77688
06059074107,5856,-117.89483,33.69828
06059032054,5703,-117.59564,33.63657
06059032039,6519,-117.64851,33.57605
06059052502,6132,-117.81117,33.71948
06059075202,5427,-117.89085,33.7548
06059075004,4765,-117.86579,33.75838
06059032030,3778,-117.65885,33.64332
06111008202,4331,-118.72412,34.27605
06071000820,3979,-117.64715,34.13426
06071001002,5283,-117.67544,34.06961
06071000605,4829,-117.68928,34.01552
06071000606,4325,-117.67403,34.0156
06071000603,5068,-117.68287,34.0283
06071002011,4058,-117.61643,34.15243
06071002019,4816,-117.56717,34.14536
06071001504,5545,-117.61977,34.06787
06071000304,6163,-117.6949,34.05395
06059087505,4742,-117.93057,33.81246
06065041101,5411,-117.4633,33.94208
06065041302,4317,-117.47599,33.92131
06037113237,3921,-118.61466,34.2459
06037117101,5195,-118.46237,34.2374
06037124204,2753,-118.37466,34.17397
06037104704,4760,-118.40884,34.26256
06037127603,2949,-118.48002,34.19546
06037139001,5125,-118.51224,34.17489
06037402804,4027,-117.73245,34.04696
06037461902,2142,-118.14849,34.14873
06037125501,3249,-118.36588,34.16214
06037189201,3256,-118.29616,34.10358
06037195803,2457,-118.27624,34.08263
06037207103,2099,-118.24132,34.06441
06037405302,5603,-117.94315,34.07652
06037502004,4088,-118.04838,33.96135
06037134904,4368,-118.5797,34.18986
06037211704,2941,-118.31157,34.0644
06037221304,3032,-118.31465,34.04504
06037237401,3765,-118.2948,33.9788
06037554203,3635,-118.12442,33.87942
06037191301,2076,-118.28624,34.09274
06037265602,3318,-118.43317,34.06064
06037272201,2394,-118.43437,34.00072
06037302505,3766,-118.25413,34.12546
06037199201,3584,-118.21148,34.07687
06037209103,3079,-118.26438,34.05648
06037216402,2644,-118.38044,34.0612
06037221401,3362,-118.31332,34.03448
06037237101,4144,-118.29143,33.98611
06037267403,3093,-118.45588,34.04743
06037408139,4290,-117.9137,34.01213
06037124902,2893,-118.40087,34.17022
06037570403,4556,-118.20452,33.87667
06037104822,2345,-118.42092,34.24583
06037550601,5861,-118.11783,33.96276
06037104203,4874,-118.41155,34.27906
06037600304,3781,-118.29392,33.93552
06037701304,6462,-118.50384,34.03115
06037602505,4427,-118.34166,33.90556
06037650004,4262,-118.33079,33.87654
06037651102,3750,-118.34577,33.82085
06037481711,4606,-118.11983,34.06618
06037603802,3937,-118.34809,33.89102
06037554204,4600,-118.12908,33.88522
06071002312,5638,-117.47881,34.11219
06071001911,5583,-117.65468,34.00839
06071002051,5149,-117.56706,34.11141
06071000307,3198,-117.71411,34.05406
06111008307,3248,-118.68705,34.27537
06059052435,6906,-117.76845,33.7308
06059052533,7268,-117.77301,33.71103
06059052431,4826,-117.75333,33.69941
06059076104,6189,-117.88335,33.79683
06037132301,3577,-118.52731,34.19925
06037104322,2233,-118.42338,34.2734
06037271804,2565,-118.41543,34.01994
06037224702,3287,-118.2798,34.02504
06037224701,2077,-118.28137,34.02936
06037207308,1407,-118.2508,34.04527
06037207306,2227,-118.24575,34.04955
06037206054,2670,-118.22573,34.05066
06037264303,2733,-118.46630999999999,34.05174
06037209105,2665,-118.26799,34.0579
06037214504,3871,-118.35033,34.067
06037207307,1160,-118.24927,34.04601
06037408900,5821,-117.78203,34.11245
06037431701,6763,-118.04306,34.12209
06037602512,2442,-118.33054,33.91159
06037980012,0,-118.16332,33.92491
06037189704,2786,-118.34424,34.13484
06037189501,2183,-118.31924,34.1092
06037431004,3414,-117.99805,34.14865
06037137202,3588,-118.61015,34.17349
06037577700,4672,-118.20825,33.82145
06037603007,4080,-118.29602,33.90337
06037570306,3010,-118.18932,33.86444
06037620802,3185,-118.39166,33.88011
06037134802,3196,-118.56661,34.19738
06037555105,6245,-118.07699,33.8405
06037551204,4067,-118.13568,33.92794
06037131023,2628,-118.53998,34.20496
06037243001,3304,-118.2364,33.94102
06037119004,2830,-118.42452,34.24254
06037232701,2228,-118.2893,33.99211
06037232602,4540,-118.29584,33.99238
06037273404,1558,-118.47885,33.99528
06037980030,0,-118.41046,33.90947
06037542200,6898,-118.19659,33.88522
06037601801,3462,-118.35043,33.94297
06037530301,2308,-118.15609,34.02751
06037433804,4497,-118.03757,34.05032
06037430802,4248,-118.02028,34.12725
06037405702,5285,-117.91213,34.09246
06065040904,3970,-117.4978,33.93142
06065041804,4332,-117.59973,33.84849
06065040604,5670,-117.53199,33.98767
06065041813,6599,-117.55237,33.86629
06065041806,4112,-117.58711,33.85167
06065040807,3429,-117.59188,33.90488
06065041001,2725,-117.46444,33.95111
06065040605,3410,-117.51466,33.99728
06065040606,3337,-117.51457,33.97911
06037135202,4399,-118.6371,34.18824
06037135201,2592,-118.62743,34.18819
06037920313,5304,-118.55078,34.37036
06037131100,3264,-118.5055,34.21436
06037920328,1987,-118.57079,34.41695
06037111100,3047,-118.49498,34.26665
06037128500,4294,-118.44434,34.17015
06037264000,3284,-118.48231,34.05567
06037214800,2843,-118.37307,34.07009
06037212800,4121,-118.3306,34.05083
06037404903,2742,-117.97223,34.08641
06037482702,2404,-118.13187,34.04225
06037532101,6686,-118.10531,34.00426
06037212204,3227,-118.28664,34.05979
06037211910,4223,-118.2985,34.06811
06037211320,2899,-118.29414,34.0708
06037209810,2385,-118.28214,34.049
06037403402,3549,-117.85599,34.01716
06037480901,4611,-118.13977,34.08608
06037232120,5019,-118.28391,33.9997
06037231500,4725,-118.31083,34.00554
06037208710,4147,-118.28223,34.06594
06037402801,4911,-117.73104,34.05559
06037531604,3453,-118.16232,34.02406
06037531102,3233,-118.18163,34.03617
06037231400,4590,-118.31299,34.01503
06037228310,4491,-118.262,34.01192
06037203710,3087,-118.20061,34.04991
06037222200,3878,-118.30241,34.03004
06037221500,3864,-118.30461,34.03455
06037199202,2785,-118.20429,34.08133
06037407400,2126,-117.95776,34.05237
06037701302,4951,-118.49784,34.02741
06037218900,5329,-118.32302,34.03353
06037218800,2633,-118.32259,34.0382
06037192510,3508,-118.30688,34.07989
06059087404,3764,-117.90951,33.82515
06059086305,4015,-117.87912,33.82911
06059011502,4206,-117.88906,33.87084
06059011722,2350,-117.87333,33.86432
06059075812,6200,-117.82883,33.80863
06059110606,4991,-118.0048,33.87682
06059001403,3290,-117.91998,33.94117
06059021814,7662,-117.86466,33.91704
06059011000,6754,-117.95505,33.87366
06059110012,5167,-118.0571,33.77943
06059110203,5620,-118.01942,33.81405
06059088801,8252,-117.97463,33.77044
06059011200,4275,-117.93531,33.87443
06059001402,5261,-117.92869,33.9375
06059110201,8372,-118.01527,33.83467
06059087801,5280,-118.00636,33.81049
06059110001,4509,-118.03508,33.78965
06059087103,8582,-117.9502,33.82644
06059001103,4754,-117.96359,33.93363
06059110303,5185,-118.01077,33.84287
06059088101,2252,-118.0051,33.79012
06059110111,6410,-118.05316,33.83433
06059089106,3972,-117.91632,33.76968
06059089105,6179,-117.91401,33.75118
06059088501,7282,-117.92469,33.7737
06059099508,4840,-118.04807,33.72334
06059099410,5104,-117.99796,33.72826
06059088502,5252,-117.91485,33.77807
06059087106,4793,-117.93105,33.82081
06059088903,8479,-117.94188,33.75142
06059075806,6393,-117.83782,33.77942
06059075603,3880,-117.80336,33.74879
06059075512,3719,-117.82174,33.73169
06059075902,6617,-117.85093,33.78077
06059052411,5012,-117.70341,33.62464
06059074006,5379,-117.88129,33.69805
06059052526,4182,-117.78318,33.70267
06059052505,4973,-117.77617,33.69328
06059052408,6111,-117.70561,33.65078
06037670413,4825,-118.39758,33.76988
06037504101,5095,-118.03352,33.9114
06037651001,5776,-118.31438,33.81182
06037650501,3024,-118.35828,33.85283
06037103102,4752,-118.30825,34.26144
06037620602,5454,-118.36549,33.86269
06037293302,4809,-118.30396,33.80281
06037574201,3287,-118.12962,33.80476
06037571701,6495,-118.19989,33.85017
06037570601,5235,-118.1811,33.85623
06037555211,5773,-118.07693,33.82639
06037570001,4430,-118.11675,33.86296
06037603302,4454,-118.30654,33.87739
06037603600,3963,-118.32216,33.88832
06037603004,1846,-118.29924,33.89208
06037554001,4426,-118.13242,33.89846
06037554801,3281,-118.08311,33.87664
06037554514,4496,-118.06712,33.87313
06037554515,3641,-118.07712,33.85177
06037540600,4440,-118.23412,33.92465
06037541604,5993,-118.2116,33.90881
06037601301,1958,-118.36401,33.97906
06037600400,3988,-118.31337,33.93701
06059074102,6278,-117.89018,33.72124
06059099308,5667,-118.0187,33.67784
06059099250,2918,-117.9587,33.70889
06059099246,3507,-117.97565,33.67949
06059099215,5381,-117.96255,33.67753
06059099203,5832,-117.94168,33.7354
06059063006,2490,-117.89327,33.6063
06059062900,1716,-117.91926,33.61362
06059052518,7470,-117.76118,33.66221
06059062638,6531,-117.73512,33.57958
06059062625,4492,-117.70558,33.59356
06059063604,4061,-117.93771,33.63858
06059063301,3001,-117.91686,33.63671
06037503601,4189,-118.0113,33.92183
06037620002,3629,-118.40484,33.9209
06037291130,3454,-118.28697,33.89975
06037277100,3017,-118.37801,33.96609
06037602103,6931,-118.35688,33.92913
06037407001,5623,-117.97764,34.06114
06037501503,5215,-118.03617,33.98631
06037275311,4955,-118.42309,33.98848
06037403702,3884,-117.85866,34.09089
06037503000,5675,-118.05081,33.92319
06037273600,2189,-118.45918,33.99317
06037242300,4958,-118.24613,33.94861
06037553602,4922,-118.16447,33.90897
06059074801,5313,-117.88907,33.74357
06059074300,3972,-117.86005,33.72103
06059032032,2972,-117.65598,33.63235
06059074111,5277,-117.89144,33.711
06059074103,4570,-117.88088,33.72111
06111008302,5458,-118.67239,34.27544
06037240800,4438,-118.25981,33.93858
06037238200,5848,-118.2981,33.96364
06037500500,2954,-118.08481,34.01556
06037540102,6833,-118.19407,33.92281
06037536000,3471,-118.19102,33.95558
06037535606,1833,-118.22679,33.94802
06037240010,3818,-118.26379,33.95832
06037237500,2856,-118.28931,33.97659
06037535701,6001,-118.20414,33.96018
06037533702,3380,-118.18281,33.98271
06037533403,2778,-118.18755,33.98883
06037533601,4414,-118.19452,33.98086
06037232500,5066,-118.3108,33.99075
06037541605,5132,-118.21156,33.90155
06037533104,3923,-118.22446,33.97567
06037532606,4125,-118.22087,33.9826
06037534101,2100,-118.16572,33.97084
06037229300,5642,-118.26958,33.99792
06037702700,3798,-118.40198,34.00567
06037127220,4993,-118.45311,34.20573
06037540000,6678,-118.18315,33.92034
06037534501,5077,-118.20774,33.96736
06037191000,5893,-118.32117,34.099850000000004
06037601211,2833,-118.35752,33.96232
06037576502,4190,-118.17416,33.77331
06037577100,7051,-118.14806,33.77073
06037577400,3173,-118.13554,33.76233
06037670002,3906,-118.31298,33.79359
06037297110,4298,-118.28419,33.73471
06037272301,3000,-118.4233,34.00461
06037271100,2569,-118.42691,34.03331
06037218400,4364,-118.35893,34.03747
06037219020,4590,-118.32299,34.0224
06037701602,4356,-118.47527,34.03514
06037269100,4752,-118.39512,34.05341
06037407102,5336,-117.97597,34.04315
06037430600,4435,-118.0351,34.1588
06037480702,4723,-118.16983,34.10501
06037191203,2531,-118.29391,34.09215
06037463700,3912,-118.15905,34.13873
06037462600,2293,-118.11418,34.16143
06037462100,4877,-118.13697,34.16574
06037201501,4974,-118.16465,34.08681
06037199120,3777,-118.19984,34.07208
06037123420,4481,-118.4181,34.19391
06037183610,2813,-118.19571,34.11422
06037213100,2507,-118.31229,34.05166
06037141400,4705,-118.47634,34.15737
06037139302,4734,-118.53837,34.17665
06037131600,5366,-118.55312,34.21383
06037124600,3223,-118.42687,34.16305
06037106113,3939,-118.42235,34.30642
06037302201,4017,-118.24843,34.14529
06037104401,3022,-118.4345,34.26622
06037920322,2998,-118.54829,34.38413
06037301702,5639,-118.26962,34.15082
06037301501,1861,-118.28736,34.17558
06037131900,4382,-118.50986,34.20472
06037124300,3830,-118.36417,34.17404
06037123410,3967,-118.42119,34.19657
06037920112,4220,-118.53903,34.4359
06037403901,3198,-117.8728,34.12071
06037401901,5428,-117.70975,34.09867
06037120300,5550,-118.44157,34.21432
06037401002,4164,-117.86589,34.1415
06037404401,3838,-117.91303,34.12696
06037117530,5888,-118.46359,34.22639
06037117301,3917,-118.48941,34.24292
06037311500,5921,-118.33795,34.16389
06037113212,3211,-118.60283,34.26013
06037106010,3390,-118.44069,34.32263
06037311200,3270,-118.35324,34.17178
06037311000,3872,-118.34371,34.18555
06059980000,30,-117.91979,33.81159
06065040814,4941,-117.51985,33.89654
06065041912,6158,-117.64166,33.87069
06037117408,2843,-118.47035,34.22643
06037119202,4394,-118.44158,34.25452
06037120107,3760,-118.45653,34.2264
06037123902,2596,-118.39214,34.17564
06037310602,2956,-118.31855,34.19308
06037102105,1855,-118.35004,34.21099
06037104821,3498,-118.41472,34.24508
06037127605,3314,-118.48583000000001,34.19148
06037132001,3335,-118.5142,34.19206
06037134521,2972,-118.59518,34.20467
06037183103,3839,-118.17408,34.11508
06037186301,2679,-118.24041,34.12207
06037402705,3432,-117.7315,34.0717
06037461502,5748,-118.1462,34.17511
06037462001,3501,-118.14384,34.16384
06037111206,4716,-118.53425,34.26751
06037121802,3192,-118.39215,34.22008
06037189905,2462,-118.35144,34.10073
06037481606,4824,-118.1257,34.07702
06037127804,4422,-118.46182,34.19682
06037134002,3483,-118.58569,34.20205
06037211122,2877,-118.28923,34.07158
06037211803,3602,-118.30223,34.06719
06037214501,3104,-118.35837,34.07045
06037215102,3123,-118.34562,34.06357
06037237402,3640,-118.30133,33.97778
06037239201,3819,-118.27718,33.98713
06037408505,2711,-117.98057,34.00165
06037433306,3111,-118.00801,34.0705
06037554301,3499,-118.1448,33.88427
06037141303,3191,-118.45522,34.15497
06037187101,3011,-118.25847,34.11555
06037265201,2108,-118.43659,34.06657
06037269601,3122,-118.37945,34.04197
06037275102,3816,-118.40995,33.99703
06037293307,2460,-118.30211,33.78617
06037297201,3879,-118.29128,33.72476
06037302401,6484,-118.25913,34.1296
06037503105,3618,-118.03259,33.92607
06037503106,3822,-118.02421,33.92168
06037221402,2700,-118.309,34.03847
06037239602,3487,-118.27512,33.96937
06037302503,4011,-118.24833,34.13783
06037265601,3140,-118.43314,34.0559
06037571504,4935,-118.17031,33.84032
06037533001,4439,-118.24552,33.98022
06037134522,4015,-118.60169,34.20642
06037190401,2857,-118.30278,34.10357
06037552302,3599,-118.05782,33.90777
06037262601,3783,-118.554,34.07386
06037104403,2947,-118.43604,34.26024
06037183104,2095,-118.17263,34.12054
06037551401,4425,-118.15678,33.94319
06037207102,3374,-118.23958,34.05821
06037106406,6173,-118.45728,34.32126
06037620904,2829,-118.407,33.88118
06037602504,4670,-118.33733,33.90556
06037602506,4429,-118.33084,33.90737
06037650003,3237,-118.33983,33.87644
06037700502,4442,-118.38034,34.09003
06037600602,2370,-118.33078,33.94051
06037980005,3,-118.32705,33.85293
06037533002,2370,-118.24115,33.97877
06037603801,4630,-118.34809,33.89981
06037552301,4471,-118.06358,33.91129
06037573004,4670,-118.19647,33.79349
06065041301,3585,-117.48451,33.92924
06071000818,5531,-117.66067,34.11606
06071000814,3867,-117.66086,34.14147
06071000826,4183,-117.66055,34.08993
06071000207,4194,-117.70675,34.07051
06071000901,4912,-117.63978,34.10162
06071000604,5667,-117.68282,34.02275
06071001706,6259,-117.66031,34.05294
06071001812,3811,-117.64742,34.04308
06071001308,4943,-117.61545,34.07945
06071000815,3612,-117.68122,34.12519
06071002027,5598,-117.59624,34.11414
06071001101,4161,-117.66299,34.06516
06071000107,2806,-117.72196,33.98526
06071001813,4048,-117.64067,34.04484
06065040622,6140,-117.54949,33.97169
06071009121,2825,-117.6272,34.41555
06071002045,2799,-117.5271,34.1287
06071002111,4066,-117.57925,34.09325
06071002049,3207,-117.5693,34.11539
06071001907,11611,-117.63134,33.94662
06065040619,5933,-117.57134,33.96407
06037573102,3245,-118.20224,33.80254
06037800205,3816,-118.69747,34.15837
06037555106,3696,-118.07369,33.8358
06037543606,3854,-118.29313,33.82127
06037570503,3789,-118.18019,33.86485
06037604101,3973,-118.34729,33.88317
06037125101,3979,-118.39213,34.16853
06037139505,2565,-118.52319,34.16698
06037131802,2552,-118.52296,34.20471
06037293205,3873,-118.30402,33.81801
06037603705,2589,-118.33173,33.9002
06037602511,3602,-118.33732,33.91281
06037980037,0,-118.28203,33.80275
06037551001,3920,-118.11285,33.9343
06037650607,2910,-118.35797,33.84677
06037240301,2831,-118.28384,33.95755
06037242201,3696,-118.23795,33.95071
06037131021,2972,-118.54035,34.21654
06037231602,2148,-118.29803,34.00668
06037265203,2228,-118.43778,34.0625
06037980025,518,-118.2426,33.84113
06037980039,0,-118.35064,34.13703
06037543100,6988,-118.25258,33.88153
06037602700,3674,-118.31777,33.92198
06037601700,4931,-118.35041,33.93558
06037501002,4882,-118.06126,33.98183
06037408141,5180,-117.89239,34.0092
06037405800,5755,-117.91216,34.10367
06037431300,2611,-118.00657,34.12476
06037500204,2343,-117.97117,33.96048
06037135115,4698,-118.61021,34.18468
06037119003,3893,-118.43283,34.25035
06037231901,2741,-118.27614,33.99785
06037409100,5239,-117.96352,34.00877
06037551002,3765,-118.1132,33.94194
06037533108,5133,-118.21736,33.97672
06037533204,4143,-118.20983,33.97644
06037407202,3612,-117.95544,34.03196
06037264305,3712,-118.47963,34.04767
06037217102,2930,-118.3535,34.05164
06037216202,2838,-118.3487,34.05513
06037402601,3545,-117.73925,34.06984
06037199801,3036,-118.21031,34.0689
06037402602,4079,-117.747,34.071040000000004
06037214903,1542,-118.38917,34.07443
06037404804,4404,-117.97957,34.07728
06037432001,2627,-118.04431,34.10265
06037190701,1867,-118.33267,34.0998
06037910815,5142,-118.15503,34.44922
06037480601,4241,-118.14625,34.12007
06037300503,5321,-118.22862,34.21132
06037555300,3980,-118.0728,33.92172
06037240901,2697,-118.25872,33.93282
06037920046,2914,-118.44908,34.41625
06037115204,4228,-118.5393,34.24517
06037104823,3024,-118.41143,34.24748
06037143302,3367,-118.3835,34.15071
06037143102,2294,-118.36201,34.14858
06037128703,3317,-118.44433,34.16037
06037135116,1718,-118.60164,34.191
06037269908,1861,-118.41272,34.02908
06059052531,4217,-117.78637,33.66513
06059052429,9524,-117.74068,33.70646
06059062657,2618,-117.8576,33.6355
06037120106,4377,-118.45664,34.22281
06037106405,3968,-118.44874,34.31427
06037135113,3240,-118.60599,34.18102
06037115404,2956,-118.54112,34.22642
06037190801,2500,-118.32446,34.09438
06037208802,2942,-118.27911,34.0616
06037128101,3635,-118.43562,34.19039
06037212102,2579,-118.2985,34.06358
06037239601,3631,-118.27513,33.97297
06037552002,3419,-118.08642,33.9131
06037269905,2661,-118.40156,34.02216
06037571704,3947,-118.18638,33.8503
06037209104,2380,-118.26603,34.05895
06037221601,3175,-118.2959,34.03478
06037239701,4415,-118.27512,33.96632
06037553503,2730,-118.15402,33.91271
06037207101,3233,-118.24482,34.06067
06037604002,4863,-118.35683,33.87548
06037600303,3813,-118.29825,33.93596
06037603006,2272,-118.30446,33.89056
06071000821,4929,-117.6914,34.10139
06071002103,4681,-117.60808,34.10441
06071002025,5079,-117.58258,34.13038
06037601001,2274,-118.34863,33.96315
06037503202,4350,-118.0352,33.93953
06037408212,4519,-117.87917,33.99403
06037242600,4794,-118.25025,33.93259
06037240500,6505,-118.27558,33.94639
06037123206,2857,-118.37468,34.19507
06037532500,3838,-118.22247,33.99017
06037535502,4740,-118.21544,33.96037
06037533902,3840,-118.15233,33.96873
06037534102,5742,-118.16167,33.96974
06037534301,4423,-118.1844,33.959
06037575802,4544,-118.1972,33.77897
06037575901,3278,-118.20178,33.77375
06037576802,3989,-118.15758,33.7717
06065040808,6939,-117.57698,33.90015
06037407101,4645,-117.97162,34.04745
06037481401,5725,-118.10392,34.08299
06037461600,5435,-118.15588,34.16207
06037195600,3056,-118.26558,34.08114
06037195720,1896,-118.26381,34.07362
06037183620,2912,-118.18952,34.11458
06037224010,3621,-118.26577,34.03676
06037104201,4377,-118.41509,34.28722
06037301203,4417,-118.26028,34.1655
06037405101,5057,-117.96141,34.09412
06037401201,3188,-117.83325,34.12352
06037122120,4559,-118.37136,34.21117
06059032040,2611,-117.65385,33.58076
06059074902,5850,-117.87974,33.73698
06059074702,5775,-117.88227,33.73267
06071001104,5338,-117.66541,34.0797
06037134305,3769,-118.60171,34.21661
06037530802,3240,-118.18153,34.05216
06037106641,2330,-118.50788,34.29852
06037481603,3737,-118.11999,34.08476
06037212610,4049,-118.31391,34.06012
06037211500,4230,-118.3155,34.071
06037208720,3810,-118.28098,34.06285
06037206020,5577,-118.23181,34.05769
06037227010,4506,-118.24799,34.01885
06037404702,5662,-117.98494,34.07302
06037224410,2906,-118.28061,34.03465
06037701802,4207,-118.47774,34.01909
06059086404,6119,-117.89796,33.85057
06059001801,5275,-117.9807,33.86815
06059087001,5633,-117.98025,33.82121
06059087901,3540,-117.99181,33.79856
06059110109,5143,-118.02817,33.81942
06059087105,4729,-117.93454,33.8283
06059087803,5599,-117.9889,33.8102
06059099404,4449,-118.01946,33.70568
06059088901,6450,-117.95929,33.75772
06059099241,4835,-117.98044,33.7248
06059099233,3390,-117.97602,33.70488
06059099217,2465,-117.951,33.66097
06059062639,7917,-117.72888,33.55936
06059032050,4950,-117.59892,33.64837
06037575201,4664,-118.17633,33.78782
06037650102,2185,-118.33169,33.86825
06037573700,4790,-118.10958,33.8264
06037570204,4133,-118.1556,33.87088
06037554513,2540,-118.06839,33.88315
06037543703,3429,-118.27,33.80223
06037542501,4283,-118.23714,33.89191
06065041408,4566,-117.46588,33.90535
06065040701,2167,-117.5731,33.93268
06065048200,4251,-117.54101,33.89015
06037181400,4134,-118.20938,34.13652
06037302102,6221,-118.23904,34.13264
06037127300,3735,-118.46972,34.20867
06037123700,4142,-118.40952,34.18482
06037403802,5857,-117.84624,34.10233
06037120020,4037,-118.45697,34.21701
06037460502,4495,-118.19206,34.2051
06037267700,3834,-118.4441,34.03864
06037405203,3285,-117.95645,34.0764
06037208610,3878,-118.28157,34.07167
06037402902,6856,-117.74495,34.03523
06037531202,4518,-118.18621,34.02565
06059086306,3975,-117.869,33.82708
06059011402,2473,-117.90974,33.88271
06065040611,8431,-117.58875,33.96082
06059088602,4535,-117.93505,33.77423
06059087601,4839,-117.94143,33.81609
06059088601,6752,-117.94531,33.77413
06059086702,7200,-117.94602,33.84074
06071000816,4069,-117.66071,34.12694
06071001310,5600,-117.63671,34.07977
06059087403,3144,-117.90841,33.81118
06059088403,6676,-117.91054,33.78892
06059099406,4550,-118.01542,33.72549
06059099605,5091,-118.00909,33.73726
06037117102,2733,-118.45992,34.24799
06037119342,3076,-118.44732,34.24124
06037121801,3854,-118.39324,34.21205
06059052506,2456,-117.78071,33.68569
06059052416,3940,-117.68791,33.63536
06037620501,5786,-118.37,33.88738
06037620901,2639,-118.39996,33.88194
06037570203,4051,-118.15999,33.87829
06037462302,3314,-118.12688,34.14873
06037109603,4203,-118.4654,34.25487
06037117202,2711,-118.47893,34.24286
06037501804,2247,-118.03502,33.96975
06037571400,4950,-118.16071,33.83473
06037543503,6080,-118.2932,33.83362
06037600801,3206,-118.32211,33.96547
06037543322,6844,-118.2569,33.85136
06059062636,3758,-117.71751,33.58278
06037239702,4224,-118.27511,33.9619
06037433305,4622,-118.01386,34.06831
06037554406,5191,-118.11224,33.87383
06037241202,5148,-118.28573,33.93283
06037205120,3858,-118.21142999999999,34.01778
06037408624,3167,-117.94904,33.99424
06037241120,4902,-118.27678,33.93627
06037302504,3927,-118.25041,34.13596
06037408138,6131,-117.91513,34.0195
06037550901,4497,-118.12904,33.94222
06037302003,3496,-118.24395,34.14894
06037533803,6152,-118.18414,33.97588
06037533804,4331,-118.17899,33.97552
06037294410,5310,-118.28992,33.79383
06037651222,6123,-118.35915,33.81204
06037980007,5,-118.1034,33.76379
06037620522,5068,-118.375,33.87759
06037702102,6447,-118.47887,34.00127
06037430101,5011,-117.97646,34.13601
06065041407,5936,-117.47272,33.91083
06037702900,11373,-118.44554,33.97524
06059063910,4356,-117.91238,33.69461
06059001709,2563,-117.96778,33.9122
06071002404,3412,-117.48,34.10342
06071012202,2898,-117.66974,33.98019
06037232402,3163,-118.31302,33.99949
06037113427,3024,-118.58718,34.22319
06037207303,2311,-118.25386,34.04387
06037206052,3296,-118.23411,34.04756
06037216902,2331,-118.3616,34.0541
06037265521,1948,-118.44456,34.05651
06037503705,3222,-117.98544,33.91548
06037111304,3359,-118.52637,34.25927
06037143801,2926,-118.38597,34.13788
06037297001,1662,-118.3124,33.73263
06037573101,4220,-118.19289,33.80079
06037604102,2862,-118.34807,33.87868
06037310704,4989,-118.30474,34.18312
06037551801,3225,-118.13256,33.91434
06037240302,3114,-118.2893,33.95767
06037113428,3397,-118.57868,34.2223
06037232401,3702,-118.30674,33.99955
06037265204,1182,-118.44462,34.06193
06037602105,4302,-118.34815,33.92011
06037434004,2746,-118.03207,34.03996
06037407902,1922,-117.92344,34.03932
06037480102,4325,-118.08546,34.11088
06037121101,2936,-118.3656,34.22633
06037127606,3253,-118.47781,34.19154
06037186404,2266,-118.23516,34.10744
06037207501,2489,-118.25302,34.05698
06037211922,3182,-118.2954,34.06632
06037183402,2997,-118.21643,34.1258
06037297202,3546,-118.29901,33.72467
06037531503,2985,-118.17472,34.02902
06071000203,4189,-117.70274,34.07874
06071002038,5598,-117.49452,34.11492
06071002041,5179,-117.51472,34.13861
06037503802,5139,-118.004,33.89606
06037621102,3049,-118.38827,33.85917
06037570100,2950,-118.15331,33.8643
06037551300,5450,-118.13382,33.9352
06037554404,4509,-118.12953,33.87391
06037701502,3665,-118.48726,34.02544
06037273700,2748,-118.45286,33.99879
06037134303,5166,-118.61403,34.20545
06037535607,4521,-118.22133,33.94168
06037296220,4449,-118.28375,33.74101
06037294510,4057,-118.27173,33.78658
06037271200,2592,-118.43962,34.03205
06037482502,3213,-118.10376,34.05764
06037195400,4244,-118.27324,34.08889
06037183510,2368,-118.20242,34.11585
06037127910,5209,-118.44435,34.19579
06037401202,4439,-117.83509,34.11269
06037228420,3041,-118.27217,34.00735
06037111302,4633,-118.51284,34.25557
06037482401,3535,-118.0863,34.06703
06037265420,1887,-118.45996,34.07099
06037231710,4311,-118.28938,34.00895
06037204420,2870,-118.21176,34.04431
06037224310,2090,-118.28288,34.0433
06037221120,3030,-118.28785,34.04189
06059001802,7488,-117.97222,33.86255
06059110118,2470,-118.05002,33.82014
06059011710,3649,-117.86217,33.89075
06059089004,7230,-117.92456,33.75067
06059099249,3939,-117.91632,33.73988
06059099232,5602,-117.96071,33.69782
06059063805,2458,-117.93244,33.69279
06059052419,3413,-117.76492,33.76503
06071002105,5402,-117.60453,34.09712
06037503501,6485,-118.01531,33.93235
06037482403,3310,-118.08623,34.05828
06037234301,1918,-118.33133,34.00712
06037231302,2733,-118.30617,34.01462
06037930400,1285,-117.96662,34.29237
06037271704,2878,-118.41779,34.02812
06037189802,2005,-118.35606,34.09891
06037199001,2552,-118.21755,34.07749
06037276606,3353,-118.43822,33.95513
06071002311,5102,-117.47131,34.12864
06071002610,3589,-117.45354,34.04656
06059062651,2879,-117.80393,33.66143
06059001603,3960,-117.92257,33.89305
06037125322,2222,-118.37378,34.16654
06037292002,1688,-118.30338,33.8393
06071000305,5660,-117.70779,34.06541
06037128704,2594,-118.4356,34.16033
06037133101,2091,-118.54912,34.18476
06037543804,4835,-118.27469,33.82788
06037301602,3904,-118.3003,34.16234
06037124102,3627,-118.3834,34.17743
06037121020,3781,-118.40172,34.21028
06037115401,5980,-118.51498,34.22605
06037503104,2561,-118.043,33.92159
06037131801,3104,-118.53169,34.20473
06071001501,3974,-117.64166,34.06567
06071000208,4145,-117.68956,34.07042
06059063008,2408,-117.87836,33.61659
06037120105,2855,-118.44879,34.2304
06071002013,4120,-117.60728,34.13745
06071002018,5240,-117.58455,34.14658
06037139401,2894,-118.53777,34.17003
06037463601,6231,-118.13686,34.14289
06037127103,3203,-118.42907,34.20581
06037218702,2199,-118.33472,34.03345
06037551501,4920,-118.15733,33.93619
06037226002,3587,-118.24867,34.03295
06037241002,3941,-118.26162,33.92548
06037550202,5358,-118.08923,33.92289
06037102103,2107,-118.35289,34.22409
06037650605,2908,-118.34914,33.84549
06037603005,5628,-118.30475,33.89835
06037702002,5989,-118.48441,34.00645
06037209402,4056,-118.27708,34.05487
06037530901,3674,-118.1886,34.04298
06037204300,4433,-118.20856,34.03819
06037197420,3376,-118.25728,34.08279
06059011401,2118,-117.91811,33.88029
06059087703,6462,-117.96324,33.80891
06059110116,4760,-118.04165,33.84814
06037571101,4654,-118.1163,33.84501
06037603703,2572,-118.33949,33.89828
06037542900,3184,-118.24649,33.89187
06037600703,2326,-118.33692,33.95895
06059062627,3184,-117.83194,33.65276
06037132302,3005,-118.52731,34.19487
06037275605,3581,-118.42088,33.97856
06037264304,2616,-118.4615,34.05042
06037267102,3163,-118.42107,34.05363
06037108204,1857,-118.56717,34.28288
06037301902,3140,-118.24323,34.15551
06037206303,2858,-118.24174,34.0396
06037620704,3727,-118.37585,33.86079
06037101222,2808,-118.28938,34.25124
06037535300,6511,-118.23672,33.96222
06037204920,2537,-118.19751,34.01766
06037602104,5541,-118.34816,33.92935
06037530202,4056,-118.1381,34.02456
06037601501,3500,-118.3635,33.94354
06037482521,5577,-118.09927,34.04974
06059086902,5705,-117.99778,33.8247
06059099412,4689,-118.01083,33.70466
06037578100,2094,-118.11517,33.78176
06065041905,3005,-117.60584,33.86986
06037291110,4213,-118.28688,33.91829
06037503201,4002,-118.02635,33.93058
06059074406,3789,-117.84976,33.74941
06037504001,5053,-118.01532,33.90767
06037540101,6281,-118.19001,33.92929
06037534406,4238,-118.17389,33.96543
06065040903,2739,-117.49977,33.92
06037271600,4826,-118.43067,34.02024
06037408134,2640,-117.89828,34.0229
06037481002,5878,-118.11947,34.09564
06037183820,3626,-118.19471,34.10438
06059075701,7228,-117.82796,33.76658
06059075303,3357,-117.87436,33.76622
06037577000,7264,-118.13962,33.77824
06037620521,4313,-118.36562,33.87614
06037310400,3555,-118.33452,34.20169
06037131400,6149,-118.5317,34.21474
06059052535,5603,-117.78328,33.71721
06071002405,5500,-117.46242,34.09013
06059052432,8996,-117.74624,33.69336
06037122121,2629,-118.37162,34.21474
06037106648,4815,-118.45592,34.29318
06037208801,3566,-118.27722,34.05955
06037408504,5336,-117.97022,33.99993
06037195201,3080,-118.2749,34.10809
06037402406,4739,-117.78284,34.06741
06037602507,5321,-118.33084,33.90375
06037601212,6319,-118.35697,33.95471
06037532607,5694,-118.23336,33.98451
06037265524,2751,-118.44498,34.05029
06037432501,4746,-118.01235,34.09315
06037430005,3835,-117.94799,34.14011
06037431003,3831,-118.013,34.14848
06037650903,4499,-118.31715,33.82683
06037125403,2181,-118.37736,34.16188
06037320102,3573,-118.42447,34.29292
06037462900,3775,-118.09028,34.15407
06037482002,7194,-118.14959,34.04932
06037402706,3962,-117.72028,34.07264
06037264102,3064,-118.46909,34.05922
06059087503,6031,-117.91959,33.80022
06059032027,6264,-117.67795,33.62879
06059032035,2307,-117.64247,33.63245
06111008101,3379,-118.73716,34.27742
06037577602,3370,-118.11071,33.76878
06037119400,4881,-118.43666,34.23861
06059001705,4315,-117.93955,33.91066
06071000823,6839,-117.67086,34.10149
06071001307,3966,-117.61987,34.08857
06065040821,5825,-117.52851,33.89073
06037124105,2425,-118.38341,34.18123
06059063802,2934,-117.92757,33.6766
06065041412,4599,-117.50582,33.88514
06071000404,5037,-117.69172,34.04396
06071002015,4749,-117.6072,34.1297
06037620301,4753,-118.4054,33.89738
06037553801,4021,-118.16874,33.89271
06037243100,5692,-118.23478,33.93292
06037540202,6497,-118.2055,33.93322
06037188300,3271,-118.26399,34.12
06037294200,4658,-118.26945,33.79612
06037575102,4064,-118.16219,33.78356
06037574300,6044,-118.1183,33.79922
06037480903,3023,-118.13938,34.07297
06037192300,2863,-118.32842,34.07963
06037124500,2880,-118.4278,34.17401
06037401203,5386,-117.85508,34.11033
06037122410,3824,-118.39212,34.2031
06037104610,3645,-118.42037,34.26174
06037134304,3001,-118.61029,34.21372
06037482304,3409,-118.09891,34.06443
06037530204,3528,-118.12739,34.01839
06037204910,3184,-118.19584,34.02533
06059001202,3766,-117.94177,33.93388
06059110010,4486,-118.01978,33.79203
06037226702,2884,-118.25878,34.01721
06037207902,7405,-118.25926,34.03977
06037209201,2852,-118.26212,34.05256
06037406201,3731,-117.90552,34.07911
06037404805,2706,-117.9722,34.08015
06037550101,3974,-118.07715,33.92692
06037104824,2207,-118.40796,34.25001
06037206053,3261,-118.2239,34.04406
06037920115,4144,-118.55288,34.42813
06037650904,2673,-118.32311,33.823480000000004
06037134801,3177,-118.57644,34.19594
06037601303,4959,-118.36131,33.97331
06037237710,3992,-118.28613,33.97327
06037294810,3729,-118.27154,33.77948
06037402002,4168,-117.71375,34.08605
06037236206,2571,-118.3545,34.01531
06037191720,3534,-118.31244,34.08834
06071000813,3481,-117.67818,34.14106
06059052425,5915,-117.68067,33.6559
06037570603,5391,-118.16199,33.8567
06059062800,3806,-117.89852,33.60213
06037430003,4553,-117.93365,34.17326
06037135111,3118,-118.61023,34.19263
06037432801,2620,-118.04614,34.07721
06037221210,2917,-118.30293,34.04244
06037571703,3505,-118.19172,33.84986
06037601402,4782,-118.36574,33.95142
06071000503,5150,-117.70671,34.01578
06037242202,3387,-118.24257,33.95071
06059021807,4268,-117.77003,33.86766
06059099310,4286,-118.01107,33.66795
06059052528,3453,-117.79075,33.69269
06037115301,4236,-118.55035,34.23989
06037535803,4242,-118.21006,33.94809
06037407901,4339,-117.93009,34.04181
06037265523,1884,-118.43878,34.0519
06037211123,2097,-118.28713,34.06233
06037143402,1791,-118.40084,34.15282
06037670001,3417,-118.31635,33.80291
06037620001,4029,-118.40371,33.92887
06059087301,4526,-117.91181,33.83832
06065041808,6771,-117.57194,33.84521
06037229200,4636,-118.26083,33.99734
06037531502,3279,-118.1707,34.02067
06037194402,3146,-118.37197,34.08515
06037269903,3815,-118.4063,34.02068
06037115104,4409,-118.5216,34.24104
06037121222,5376,-118.3944,34.23431
06037127806,3505,-118.45745,34.18908
06037402803,3273,-117.74546,34.04923
06037502003,2745,-118.03861,33.96202
06037703200,5800,-118.33981,33.99807
06037273200,3596,-118.46577,33.99616
06059074601,7471,-117.87108,33.7371
06037241400,3612,-118.27525,33.92552
06037540400,2224,-118.22831,33.93331
06037533501,2958,-118.20048,33.98622
06037137104,2725,-118.58417,34.17454
06037212501,1944,-118.30537,34.05677
06037234501,3062,-118.32448,33.99815
06037554105,4509,-118.11965,33.88542
06037271901,2861,-118.42461,34.01448
06037576302,3901,-118.18285,33.77896
06037264103,2605,-118.46605,34.05552
06037533103,3233,-118.23333,33.97823
06037550602,4444,-118.1231,33.95521
06037106649,2754,-118.46011,34.28865
06037294520,3459,-118.26594,33.78884
06037272302,3897,-118.42803,34.00193
06037218210,3951,-118.34171,34.04357
06037481103,5340,-118.09781,34.09332
06037462400,4040,-118.12696,34.16301
06037224420,2068,-118.27749,34.03203
06037602802,4365,-118.30029,33.92014
06037600911,3282,-118.35223,33.97849
06037536103,5438,-118.18462,33.94355
06037214400,2980,-118.35733,34.07817
06065046601,4560,-117.56878,33.9218
06037402101,4748,-117.73281,34.08634
06037111204,5865,-118.54891,34.26095
06071000825,4311,-117.67553,34.09114
06071000109,6483,-117.72303,33.97142
06071001400,3258,-117.651,34.06521
06037214000,3808,-118.34862,34.07355
06037482503,3957,-118.09499,34.05901
06037212305,2533,-118.29816,34.05681
06037212203,3216,-118.29036,34.05923
06037211000,5268,-118.33345,34.06693
06037531800,4740,-118.14068,34.01906
06037204200,3393,-118.20508,34.04363
06065040621,4230,-117.56263,33.96769
06037199900,2641,-118.21224,34.06412
06059087200,7538,-117.92922,33.83503
06059021920,7179,-117.76577,33.83787
06059086803,8254,-117.98063,33.83766
06059001201,5200,-117.95266,33.93369
06059088702,6022,-117.95799,33.76927
06071002021,5252,-117.55828,34.15249
06065040303,4072,-117.45123,34.00721
06065040501,7196,-117.47906,34.00843
06059075514,3553,-117.82877,33.73631
06059052417,6727,-117.76277,33.70498
06065041102,4524,-117.48592,33.93979
06037620303,4704,-118.40113,33.89352
06037574000,5322,-118.10146,33.81627
06037572500,4244,-118.21839,33.81688
06037601502,3374,-118.3635,33.94013
06037552900,7018,-118.09114,33.88944
06059099311,3496,-118.00337,33.66106
06059062635,4102,-117.73965,33.60203
06037203601,2662,-118.20735,34.05131
06037190303,2470,-118.31145,34.10295
06037273403,1564,-118.47475,33.99142
06037530400,4066,-118.15378,34.03913
06037310201,5521,-118.30454,34.19223
06059110604,8278,-117.98666,33.88573
06071001309,4572,-117.6262,34.07605
06037275312,2201,-118.43151,33.9779
06037113426,2479,-118.57979,34.2333
06037503704,4598,-117.98542,33.90801
06065041906,6360,-117.59701,33.87034
06065041702,4643,-117.57628,33.8665
06065041909,5388,-117.52145,33.84075
06065040901,7668,-117.49004,33.91292
06065041406,5957,-117.48697,33.90325
06065040502,5995,-117.49341,34.01871
06065040503,3874,-117.51584,34.02019
06037109100,2958,-118.46193,34.277589999999996
06037502100,5079,-118.05363,33.97268
06037700600,5032,-118.40393,34.09165
06037602404,5848,-118.34811,33.90648
06037503301,3488,-118.01524,33.94776
06037501504,3580,-118.03734,33.9791
06037502500,4124,-118.11067,33.97642
06037275200,3850,-118.42193,33.99573
06037408625,4336,-117.96342,33.98885
06037403316,6784,-117.79806,34.03469
06037503302,6295,-118.02064,33.94126
06037181600,4247,-118.20907,34.12976
06059086901,8764,-118.00651,33.82558
06059099504,2696,-118.09741,33.75014
06059088302,6222,-117.93683,33.78871
06059011712,4923,-117.87039,33.87772
06059011714,1016,-117.85535,33.85739
06059021915,3967,-117.81679,33.84309
06059099511,3222,-118.10374,33.73953
06059099411,5569,-117.99786,33.72022
06059099407,2378,-118.02838,33.71998
06059021921,4338,-117.75733,33.85543
06059075814,3055,-117.80441,33.8314
06059074805,4783,-117.90245,33.7363
06037241300,2262,-118.28624,33.92556
06037502401,4772,-118.09779,33.97547
06037503701,4941,-117.99515,33.92709
06037125600,2599,-118.35678,34.15878
06037240200,5910,-118.27618,33.95565
06037238320,3975,-118.28614,33.96188
06037433402,4184,-118.03479,34.05965
06037433403,4783,-118.02664,34.06192
06037433901,5097,-118.02039,34.05844
06037481712,5076,-118.11208,34.06803
06037535101,7329,-118.24818,33.96406
06037533401,4677,-118.19317,33.99325
06037481201,3786,-118.07078,34.0969
06059099402,7663,-117.99782,33.70654
06059099307,2741,-117.99367,33.65606
06059099244,3829,-117.97541,33.66138
06059099240,5339,-117.95774,33.64373
06059099239,3792,-117.96657,33.64758
06059099234,3580,-117.9674,33.70867
06059099230,4511,-117.94987,33.69701
06059099227,6512,-117.92298,33.72254
06059099224,3596,-117.96758,33.72286
06059099204,4429,-117.95033,33.73524
06059063202,3693,-117.9106,33.6424
06059063010,6698,-117.89805,33.62805
06059063007,6699,-117.86931,33.63504
06037536102,3343,-118.16951,33.9404
06037535802,6481,-118.20804,33.94046
06037239310,4031,-118.27728,33.97804
06037535501,3711,-118.22168,33.96044
06037535804,5209,-118.20305,33.94775
06037534202,5373,-118.16113,33.95904
06037534405,4059,-118.18265,33.96628
06037533105,2423,-118.21642,33.98296
06037235100,4690,-118.34523,33.98621
06037232200,3204,-118.29804,34.00204
06037540901,5324,-118.27369,33.91882
06037534203,3088,-118.15612,33.95659
06037229420,4681,-118.26082,33.99267
06037702600,6459,-118.39455,33.99545
06059062610,11867,-117.86032,33.66904
06059052523,4088,-117.82664,33.67489
06059052513,5801,-117.78933,33.67834
06059062634,5441,-117.73197,33.59181
06059063903,4159,-117.90137,33.68338
06059063702,6131,-117.91998,33.64483
06059063302,4176,-117.91092,33.63187
06059075702,3363,-117.81616,33.7617
06059075606,6629,-117.78275,33.75191
06037702802,2278,-118.41624,34.00553
06037543601,3887,-118.28138,33.82085
06037532900,6358,-118.25204,33.97704
06037601100,6159,-118.34823,33.94908
06037601002,5457,-118.34759,33.95763
06037572700,5405,-118.21258,33.79899
06037575402,3454,-118.19155,33.78779
06037296210,2976,-118.28393,33.74763
06037575801,1961,-118.20243,33.78075
06037575803,2684,-118.19371,33.77897
06037575103,5088,-118.15349,33.786
06037576403,4830,-118.16981,33.77897
06037576503,4093,-118.16982,33.77063
06037576901,5366,-118.16439,33.77898
06037574602,1243,-118.10764,33.7778
06037651101,5050,-118.33947,33.80752
06059032012,3591,-117.66582,33.58886
06059075816,3626,-117.8207,33.79408
06059042335,6462,-117.6969,33.55988
06059042328,2443,-117.68046,33.58676
06059074004,7395,-117.87255,33.7013
06059052511,6066,-117.79827,33.68513
06059032051,4627,-117.58632,33.64967
06059032049,9627,-117.6177,33.6633
06059032045,3173,-117.59819,33.58286
06037296600,5305,-118.29231,33.74013
06037701000,5301,-118.40507,34.05971
06037139802,3858,-118.56193,34.14519
06037271400,3482,-118.44775,34.00984
06037218120,4250,-118.32069,34.04473
06037218220,4123,-118.33364,34.04366
06037702501,4952,-118.39702,34.01516
06037700700,3111,-118.4175,34.07946
06037408133,5598,-117.90746,34.02283
06037430701,5045,-118.06031,34.13907
06037430501,4154,-118.04788,34.17283
06037431002,3246,-117.98306,34.14592
06059032044,5588,-117.59241,33.60964
06059032042,5490,-117.5659,33.65427
06059032041,972,-117.49788,33.62598
06059032037,4939,-117.63788,33.62088
06059052428,7200,-117.63295,33.67973
06037480400,5698,-118.12843,34.10535
06037191120,3801,-118.30484,34.09324
06037464200,5747,-118.0989,34.12548
06037463900,3418,-118.15813,34.13108
06037463200,3478,-118.08952,34.13869
06037461700,1492,-118.16549,34.16073
06037104103,3811,-118.39326,34.28184
06037197200,3287,-118.23346,34.0897
06037197300,3650,-118.25272,34.08155
06037195500,4991,-118.26445,34.08937
06037195100,4974,-118.26629,34.10034
06037191820,3279,-118.3277,34.08529
06037191420,2837,-118.2881,34.08515
06059052422,11557,-117.67663,33.6688
06059032055,3864,-117.58564,33.63983
06059074502,5210,-117.86022,33.7304
06059074200,8608,-117.87006,33.72109
06059032033,3629,-117.6399,33.64485
06059032002,6071,-117.66908,33.61482
06059021914,4213,-117.80233,33.78195
06037191204,1862,-118.29829,34.09212
06037191110,3141,-118.30487,34.09684
06037189300,3216,-118.30917,34.11278
06037183220,3682,-118.18944,34.11919
06037212306,2793,-118.29407,34.05613
06037141600,4088,-118.4612,34.13788
06037143200,4377,-118.37189,34.14856
06037139701,5438,-118.49642,34.15735
06037131200,3549,-118.51424,34.21385
06037125200,4014,-118.38337,34.16489
06037224320,2962,-118.28082,34.04168
06037300901,6478,-118.20212,34.17046
06111008402,5302,-118.68638,34.32516
06037104310,4396,-118.42888,34.27672
06037103101,2712,-118.30879,34.27472
06037920043,8832,-118.44194,34.39465
06037301502,6718,-118.28885,34.1725
06037405102,4793,-117.96283,34.08747
06037123601,4985,-118.41831,34.17752
06037123602,3433,-118.42667,34.17969
06037920106,3096,-118.65877,34.44335
06111008201,4640,-118.70454,34.27612
06037401602,5792,-117.76456,34.10485
06037400402,4370,-117.8168,34.13869
06037404600,1472,-117.96564,34.10957
06037403902,5011,-117.87263,34.1122
06037401500,5027,-117.776,34.09683
06037401101,5433,-117.85579,34.12714
06037123020,3177,-118.3665,34.20482
06037122420,4623,-118.38341,34.20324
06037121210,3182,-118.4044,34.24016
06037117520,3961,-118.46328,34.22932
06037121010,4693,-118.40367,34.22514
06037403801,6346,-117.86827,34.10424
06037403722,5794,-117.87255,34.08904
06037119900,4774,-118.44051,34.22748
06037119320,4793,-118.45338,34.24082
06037311802,3881,-118.31082,34.1717
06037115202,5189,-118.53721,34.23283
06037113303,4160,-118.5795,34.24196
06037461000,5817,-118.15923,34.18764
06037460700,5035,-118.19622,34.1949
06037300501,3124,-118.24175,34.2217
06037310800,5098,-118.32084,34.17475
06071000103,4307,-117.75449,34.01678
06037137302,4341,-118.65559,34.17916
06037135102,3612,-118.619,34.18897
06037106020,5557,-118.42982,34.31948
06037531902,3953,-118.13222,34.01241
06037131300,4854,-118.52297,34.21475
06037111202,5489,-118.51471,34.26985
06037134104,4429,-118.57538,34.21195
06037109200,3153,-118.47541,34.27781
06037107020,5488,-118.45056,34.29804
06037106643,4084,-118.52307,34.29029
06037432700,5363,-118.03309,34.07491
06037134306,3553,-118.6017,34.21192
06037482600,7182,-118.11836,34.04802
06071002604,5569,-117.48721,34.03704
06037530005,4191,-118.1168,34.02836
06037481713,2731,-118.12914,34.06795
06037269500,4262,-118.39327,34.04279
06037214600,2600,-118.36576,34.07209
06037213402,5119,-118.28789,34.05031
06037212620,4111,-118.31343,34.05695
06037432401,3544,-118.0222,34.09122
06037482102,2846,-118.13326,34.05009
06037532002,3254,-118.1167,34.00428
06037262302,2870,-118.47555,34.07461
06037211310,3603,-118.29849,34.07031
06037208904,3882,-118.27033,34.05914
06037403403,4750,-117.8369,34.02967
06071000804,3441,-117.65873,34.15806
06071000812,4069,-117.61976,34.12007
06071000401,6359,-117.72496,34.01205
06071000104,6106,-117.74833,34.00665
06037403317,5098,-117.78255,34.03393
06037208903,3888,-118.27271,34.06043
06037208620,4052,-118.27807,34.06986
06037403321,5275,-117.7802,34.01613
06037531301,5365,-118.1831,34.02211
06037531101,4589,-118.1885,34.03521
06037530801,5511,-118.18895,34.05083
06037228210,3770,-118.25322,34.01022
06037204810,5166,-118.20307,34.02843
06037203720,3580,-118.20371,34.04729
06037203200,4264,-118.19682,34.05188
06037407702,6249,-117.94534,34.02136
06037403319,4214,-117.81428,34.01197
06071000115,9722,-117.66763,33.95376
06071001808,4340,-117.61965,34.02266
06071002037,7729,-117.49869,34.12541
06037670407,5913,-118.38728,33.77233
06037620102,3885,-118.41787,33.91968
06037650701,2626,-118.3532,33.83184
06037650200,5831,-118.33908,33.86702
06037621400,4845,-118.37992,33.82312
06037530700,2175,-118.18436,34.05915
06037702202,3890,-118.46678,34.00818
06037139600,5185,-118.50982,34.1637
06037187200,2801,-118.24537,34.10074
06037222700,4704,-118.28517,34.0196
06037222100,3712,-118.3024,34.02697
06037197600,2431,-118.25266,34.06986
06037190510,4362,-118.31136,34.0999
06037113213,4589,-118.60765,34.25257
06037219010,2749,-118.32294,34.02691
06037192610,4149,-118.29607,34.08264
06037192410,3573,-118.3181,34.0798
06059076206,4606,-117.84002,33.80576
06059011403,5822,-117.90691,33.87227
06059086501,4368,-117.91855,33.8465
06037620400,5360,-118.38736,33.89463
06037294110,3876,-118.26029,33.79834
06037291300,2839,-118.30345,33.86558
06037572600,5276,-118.21391,33.80643
06037555002,3563,-118.08783,33.83482
06037570602,6557,-118.17267,33.85515
06037570502,6558,-118.16766,33.86584
06037570202,6122,-118.17753,33.88075
06037555202,3551,-118.07249,33.82141
06037603101,4448,-118.29547,33.88632
06037106114,6643,-118.42689,34.30279
06037553702,4606,-118.18374,33.8971
06037106520,5670,-118.46131,34.30882
06059089107,5672,-117.90168,33.77058
06059086601,8735,-117.93302,33.85076
06059075813,5269,-117.82474,33.83316
06059011300,5510,-117.92885,33.87806
06059021826,2766,-117.69865,33.87557
06059110605,6704,-117.97113,33.88203
06059011102,4445,-117.93744,33.86066
06059011716,5401,-117.85279,33.87325
06059089003,3822,-117.92897,33.76166
06059001505,7115,-117.89581,33.90139
06059021821,7347,-117.83154,33.86694
06059021817,3506,-117.78565,33.871339999999996
06037553100,6536,-118.11275,33.88879
06037552700,6885,-118.07321,33.8979
06037554511,4013,-118.03767,33.87952
06037554403,5602,-118.13822,33.87387
06037553400,3926,-118.14797,33.908
06037106604,5378,-118.4741,34.30534
06037543701,2845,-118.2696,33.821
06037541100,3370,-118.26,33.89715
06037543304,6339,-118.24131,33.85023
06037542700,5684,-118.23721,33.90131
06037543801,5093,-118.27413,33.84434
06037201401,4701,-118.18434,34.0814
06037600802,2643,-118.33686,33.96718
06037602403,5172,-118.34812,33.91322
06059001507,5399,-117.89666,33.92718
06059088401,5190,-117.92816,33.79153
06059086903,6776,-117.98902,33.8227
06059088001,4928,-117.97992,33.79621
06059011717,2849,-117.84857,33.90133
06059110113,2745,-118.0369,33.80795
06059021824,2581,-117.76927,33.90003
06059087902,5599,-117.99164,33.79099
06059099509,3832,-118.08158,33.76828
06059086802,5640,-117.97123,33.84932
06059011709,4401,-117.86372,33.90099
06059011711,7481,-117.86931,33.88594
06059089104,5243,-117.90823,33.75609
06059088202,3184,-117.95509,33.79424
06111007511,2676,-118.68891,34.23115
06059032057,7641,-117.6401,33.57357
06065040404,3313,-117.46139,33.97193
06065040813,6155,-117.52647,33.92286
06065041910,7655,-117.49536,33.79273
06065046602,3497,-117.57281,33.91084
06071000111,2753,-117.76863,33.9514
06071000504,5414,-117.70208,33.99468
06071009201,4761,-117.6295,34.3545
06071001906,12054,-117.57573,34.00633
06071001806,4528,-117.63057,34.0246
06071002014,4770,-117.63088,34.14868
06071002017,5686,-117.59157,34.15234
06071001305,5287,-117.63318,34.08591
06071001810,4561,-117.64394,34.03454
06071002031,6318,-117.55194,34.12958
06037104204,3304,-118.39278,34.28903
06037533805,3493,-118.17496,33.974850000000004
06037551101,3966,-118.12843,33.92543
06037262301,2778,-118.4908,34.10055
06037113235,1815,-118.65741,34.23753
06037544002,3172,-118.21728,33.83185
06037208301,1878,-118.26569,34.06267
06037214902,2668,-118.38012,34.07275
06037111205,3864,-118.53559,34.25247
06037700501,3586,-118.38711,34.08723
06037701902,5478,-118.49199,34.01346
06037137000,4754,-118.63879,34.16823
06037670324,5160,-118.38092,33.79809
06037700101,5785,-118.35245,34.09335
06037980013,62,-118.38539,33.91638
06037980014,150,-118.23657,33.79727
06037980019,128,-118.55383,34.09224
06037920338,5642,-118.59698,34.38626
06037980006,2,-118.08616,33.80823
06037980020,2,-118.30165,34.22444
06037621324,3849,-118.38769,33.83545
06037550902,5675,-118.12503,33.94777
06037576904,3239,-118.15732,33.77801
06037701402,6494,-118.50242,34.02038
06037119001,4024,-118.41823,34.23222
06037119341,2867,-118.4462,34.23781
06037121221,2147,-118.3953,34.22805
06037124104,2519,-118.38341,34.18572
06037320201,3818,-118.43931,34.28572
06037402001,3693,-117.7236,34.0862
06037104124,4333,-118.3752,34.28851
06037131701,4794,-118.55789,34.20467
06037132002,3193,-118.50548,34.19388
06037132102,5618,-118.49726,34.20265
06037139504,3742,-118.52029,34.16766
06037402303,3986,-117.75678,34.06822
06037404201,3950,-117.89471,34.12687
06037462301,4407,-118.12694,34.15583
06037109604,2938,-118.46533,34.26263
06037113101,3461,-118.58627,34.2669
06037190201,2872,-118.32971,34.10348
06037190402,2388,-118.30714,34.10299
06037190802,2794,-118.32992,34.09438
06037195804,2459,-118.2729,34.07843
06037195903,1988,-118.28224,34.08085
06037208501,2283,-118.27193,34.06967
06037208502,3540,-118.27417,34.066160000000004
06037405301,3614,-117.94341,34.08826
06037481605,3178,-118.12576,34.0729
06037501001,3023,-118.06989,33.98812
06037125502,3572,-118.36544,34.15625
06037132501,4357,-118.54872,34.1983
06037134421,3851,-118.64754,34.20324
06037211121,2431,-118.28557,34.07258
06037212702,3687,-118.3273,34.0578
06037217001,2863,-118.38686,34.05138
06037234502,2912,-118.32454,34.00252
06037239202,5013,-118.26518,33.98689
06037239801,3873,-118.26295,33.96643
06037433307,3220,-118.00336,34.07328
06037551502,4255,-118.15225,33.92766
06037554302,4072,-118.14691,33.87294
06037141304,3015,-118.45277,34.15125
06037191901,3563,-118.33828,34.09071
06037194401,2559,-118.36416,34.08458
06037271801,3666,-118.41827,34.01705
06037294301,2501,-118.27971,33.79452
06037295103,4978,-118.29491,33.75988
06037300301,6289,-118.2555,34.24927
06037576301,4564,-118.18869,33.77897
06037195901,2248,-118.28259,34.08791
06037201601,2183,-118.17709,34.07237
06037208402,2590,-118.26634,34.06837
06037209401,4163,-118.28124,34.0564
06037217002,5084,-118.38051,34.04982
06037297601,2781,-118.28685,33.71336
06037400403,3993,-117.79244,34.14101
06037401312,5210,-117.82843,34.09847
06037301205,2211,-118.27321,34.16821
06037301802,5424,-118.2598,34.1494
06037262200,4553,-118.47061,34.10137
06037262802,3907,-118.5092,34.04322
06037274202,4903,-118.45883,33.97137
06111008308,4455,-118.66609,34.29594
06071002315,4712,-117.46172,34.1442
06065041414,4217,-117.46916,33.87569
06071001908,5106,-117.60795,33.98603
06071002046,6865,-117.51875,34.12117
06071002611,4380,-117.45077,34.04066
06037207712,4737,-118.2554,34.04767
06037206302,1375,-118.2457,34.04256
06037216901,2888,-118.36326,34.04849
06037207305,1181,-118.24936,34.04953
06037203602,2124,-118.21188,34.05133
06037433903,5619,-118.02773,34.05276
06037216302,3551,-118.35836,34.05852
06037265306,2081,-118.44901,34.06604
06037211124,4070,-118.28799,34.06605
06037214904,1696,-118.38575,34.07446
06037800104,3795,-118.64619,34.0957
06037401707,8320,-117.74269,34.10124
06037800103,3540,-118.6029,34.11769
06037401802,3967,-117.72852,34.11345
06037401705,3112,-117.74367,34.1176
06037460601,5488,-118.21951,34.22358
06037111402,5333,-118.49593,34.25941
06037320101,3632,-118.43265,34.30046
06037236102,3141,-118.33934000000001,34.00934
06037234001,2361,-118.3243,34.01129
06037276608,2106,-118.42934,33.9574
06037408707,6542,-117.85565,33.98492
06037703003,6037,-118.38857,33.98569
06037980016,222,-118.20497,33.99951
06037267504,3482,-118.45768,34.04063
06037407502,4052,-117.93706,34.0432
06037403409,4210,-117.84839,34.0507
06037264306,2228,-118.4695,34.04537
06059062650,4776,-117.81826,33.66333
06059062654,6785,-117.77119,33.64745
06059075517,6809,-117.83088,33.72375
06059052430,15755,-117.68965,33.71971
06059052434,7094,-117.76877,33.74343
06059075516,9045,-117.84645,33.69515
06059052529,3370,-117.80448,33.69427
06059052433,15465,-117.75648,33.68609
06059063909,3155,-117.87696,33.69099
06059099418,4681,-117.99495,33.6908
06059021831,6497,-117.83288,33.91233
06059062652,4875,-117.75703,33.61293
06037137203,2416,-118.61895,34.17324
06037131024,3422,-118.53999,34.19476
06037119802,3016,-118.42791,34.23281
06037650802,3483,-118.34203,33.82813
06037541402,3801,-118.23205,33.9092
06037207711,2280,-118.26319,34.04704
06037433506,3971,-118.06313,34.05797
06037276607,2974,-118.42102,33.95705
06037550802,2632,-118.15023,33.95382
06037113423,2639,-118.56667,34.22246
06037119801,2933,-118.43107,34.23579
06037134906,3115,-118.58951,34.19186
06037501301,3020,-118.06075,33.99188
06037232601,2052,-118.30234,33.99236
06037501302,4476,-118.04835,33.9927
06037236101,2823,-118.34053,34.01419
06037265701,2047,-118.42138,34.06164
06037980031,1748,-118.26116,33.73987
06037980038,4,-118.37444,34.00334
06037670201,4050,-118.33101,33.77811
06037543305,3251,-118.21812,33.86036
06037541200,6048,-118.2541,33.91035
06037542106,3532,-118.19089,33.89249
06037501900,4336,-118.02802,33.9563
06037504200,7528,-118.06242,33.93768
06037554106,4368,-118.11934,33.89572
06037602510,3510,-118.34167,33.91281
06037243002,3527,-118.23131,33.93864
06037920341,3287,-118.53086,34.38105
06037113323,3927,-118.59351,34.25263
06037501200,5114,-118.0618,33.99915
06037408302,4071,-118.01643,34.03841
06037408004,2544,-117.91621,34.03709
06037407601,4288,-117.94654,34.03743
06037408003,4768,-117.91747,34.04509
06037407501,4445,-117.94977,34.0473
06037434100,6509,-118.05174,34.0491
06037406903,7777,-117.96703,34.05731
06037402403,5272,-117.81337,34.05028
06037405701,3818,-117.92099,34.09436
06037431800,5246,-118.06232,34.1193
06037430004,3692,-117.96131,34.13743
06037143606,1581,-118.36816,34.14038
06037189703,2259,-118.33311,34.12918
06037463103,6074,-118.0757,34.13881
06037143802,2298,-118.37426,34.13294
06037400801,7039,-117.88122,34.13596
06037800328,1291,-118.71755,34.15377
06037461200,4555,-118.11586,34.17941
06037404503,2986,-117.91209,34.11061
06037189502,2251,-118.32408,34.10799
06037311601,2532,-118.33272,34.15352
06037403305,2076,-117.84867,33.97718
06037577606,3547,-118.13720000000001,33.76931
06037267406,2180,-118.46422,34.04355
06037543605,4609,-118.29318,33.8163
06037141306,2974,-118.46294,34.15028
06037301901,4857,-118.25096,34.15551
06037261104,1638,-118.40818,34.10974
06037543803,5173,-118.26633,33.83056
06037570703,3473,-118.16121,33.85115
06037570305,5291,-118.18824,33.87354
06065040806,2826,-117.60026,33.91227
06065041004,4475,-117.49513,33.95985
06065041411,3095,-117.51571,33.87869
06065041202,4454,-117.47329,33.93279
06065040902,5290,-117.51067,33.92431
06065041003,2627,-117.48753,33.9492
06065041405,4782,-117.48881,33.89229
06065040702,2685,-117.54836,33.93879
06065040603,2346,-117.5308,33.96696
06065041805,5832,-117.59036,33.86643
06065041500,3835,-117.61119,33.89327
06065041810,5895,-117.54658,33.84331
06065041807,2305,-117.57728,33.85998
06065041809,5852,-117.54743,33.85659
06065041201,4532,-117.46272,33.92425
06065041404,3799,-117.47229,33.89203
06037204110,2811,-118.19912,34.03818
06037203800,4502,-118.19594,34.04524
06037203100,4688,-118.19654,34.05845
06037407701,4956,-117.92999,34.01392
06037221810,2746,-118.29236,34.03095
06037201402,4046,-118.18786,34.06841
06037201200,2362,-118.17694,34.08925
06037199400,4470,-118.21014,34.08764
06037197410,3707,-118.2494,34.09443
06037195710,3939,-118.26848,34.07485
06037404701,5620,-117.99582,34.07376
06037139801,3523,-118.54558,34.15254
06037221110,3289,-118.28786,34.04576
06037219700,4186,-118.34955,34.02813
06037219800,2931,-118.35489,34.02958
06037194300,2972,-118.38731,34.10213
06037192700,3550,-118.28807,34.08059
06037432101,4113,-118.04283,34.0955
06037430200,1264,-117.97261,34.15471
06059076201,7167,-117.85383,33.83745
06059075811,3479,-117.82965,33.81818
06059087405,5509,-117.91023,33.82001
06059086402,5503,-117.88485,33.84659
06059086301,7486,-117.89679,33.83094
06059076202,5959,-117.8395,33.83945
06059086602,5967,-117.93214,33.84351
06059076208,5368,-117.84338,33.82296
06059011707,6240,-117.87781,33.9015
06059001501,6659,-117.90953,33.93593
06059075901,4356,-117.8531,33.79321
06059088002,3990,-117.97154,33.79674
06059001506,4544,-117.8906,33.93607
06059011504,7850,-117.88324,33.88183
06059021905,5689,-117.77749,33.85836
06059021923,6697,-117.73123,33.83903
06059075301,5512,-117.8802,33.77552
06059021827,3192,-117.72938,33.89343
06059086701,8776,-117.95709,33.85292
06059011101,4283,-117.94598,33.86108
06059001304,3702,-117.93959,33.922110000000004
06059021809,3304,-117.83534,33.8968
06059001504,4803,-117.8917,33.91486
06059089001,6727,-117.9332,33.7506
06059011708,4975,-117.87855,33.89353
06059001903,3539,-117.95891,33.85577
06059001706,4171,-117.93606,33.89668
06059001404,3770,-117.93094,33.92575
06059021829,5242,-117.78225,33.88084
06059021820,4128,-117.82862,33.87532
06059021810,3598,-117.83466,33.88558
06059088105,4194,-117.97569,33.78304
06059088201,4090,-117.96313,33.79583
06059099510,4359,-118.08865,33.76671
06059110007,4724,-118.0898,33.78251
06059099512,3091,-118.10345,33.74415
06059110008,4571,-118.07834,33.78261
06059087701,5518,-117.95889,33.82321
06037139303,4481,-118.53341,34.17596
06037137402,5663,-118.62635,34.15537
06037269000,5492,-118.40193,34.0428
06037134901,3266,-118.56105,34.18643
06037310300,3132,-118.31694,34.19928
06037920314,3142,-118.52131,34.40401
06037109601,4958,-118.45125,34.25836
06037531901,6228,-118.14215,34.01386
06037134422,4959,-118.63046,34.20361
06037134201,4271,-118.5912,34.21361
06037134103,4294,-118.58225,34.21357
06037221820,2797,-118.28639,34.03097
06037109800,4679,-118.48147,34.25493
06037132700,5038,-118.52668,34.18969
06037128210,4809,-118.44435,34.18207
06037109300,3120,-118.48365,34.27424
06037108103,3190,-118.53949,34.28608
06037267800,3034,-118.43061,34.04064
06037267300,4408,-118.44973,34.04523
06037213320,3006,-118.29372,34.05163
06037213310,3323,-118.29791,34.04907
06037212420,2875,-118.30198,34.05679
06037406601,5397,-117.91665,34.05755
06037189702,2389,-118.3402,34.11429
06037481901,5721,-118.15525,34.06988
06037482202,5184,-118.11241,34.05759
06037481800,2587,-118.14009,34.06547
06037210010,3190,-118.27166,34.04699
06037209510,2813,-118.28164,34.0529
06037209403,3850,-118.27384,34.05313
06037403407,2526,-117.87486,34.03972
06037403401,4984,-117.87931,34.01366
06037403318,6450,-117.76644,34.03073
06037234200,2459,-118.33098,34.01596
06037231800,5253,-118.27746,34.00781
06037209300,4712,-118.26793,34.05054
06037207400,2002,-118.24648,34.05678
06037206010,3335,-118.23049,34.06971
06037206050,2312,-118.22249,34.02873
06037402301,5444,-117.76981,34.06847
06037531603,3285,-118.16158,34.02969
06037531302,6411,-118.18125,34.01611
06037231220,3942,-118.28933,34.01488
06037228410,3129,-118.26846,34.01453
06037228100,4796,-118.24459,34.01079
06037226410,3456,-118.26203,34.02461
06037205110,3850,-118.21412,34.02448
06037203900,2611,-118.19464,34.03422
06037204120,2368,-118.20119,34.0339
06037265100,2835,-118.42889,34.07365
06037212304,1738,-118.2976,34.05874
06037212202,3364,-118.28792,34.05704
06037211802,4893,-118.30473,34.06354
06059063904,4661,-117.89876,33.67048
06059099309,4981,-118.00453,33.67457
06059099306,6060,-117.99353,33.66448
06059099248,5148,-117.92447,33.74331
06059099243,4298,-117.98403,33.66133
06059099220,5709,-117.97945,33.64879
06059099212,5023,-117.98475,33.70665
06059099202,8308,-117.92544,33.73508
06059063201,4006,-117.90358,33.65082
06059063009,1767,-117.89156,33.64597
06059063005,1447,-117.89927,33.61303
06059062701,2667,-117.87917,33.60358
06059062646,3718,-117.71459,33.60638
06037229410,3471,-118.26956,33.99124
06037703002,6907,-118.37123,33.98704
06037127210,5453,-118.46183,34.20744
06037702803,2986,-118.43376,33.99487
06037296300,4874,-118.30013,33.75403
06037127520,4226,-118.47001,34.21912
06037540300,4997,-118.21928,33.93344
06037541606,2415,-118.21831,33.89969
06037534403,2874,-118.1969,33.96738
06037532001,3296,-118.12331,34.00568
06037534002,4130,-118.14079,33.96693
06037601600,4164,-118.36348,33.93565
06037577501,3440,-118.12176,33.75415
06059052520,3539,-117.80662,33.67432
06037101110,4926,-118.29323,34.25924
06037573202,6250,-118.18502,33.79349
06037573403,3446,-118.16324,33.79702
06037575002,4760,-118.14389,33.78633
06037575001,4144,-118.1486,33.79509
06037577300,5535,-118.13718,33.75742
06037574800,3165,-118.12724,33.78229
06037670406,1857,-118.38545,33.76347
06037201700,5055,-118.17081,34.06771
06037576602,4403,-118.17067,33.76632
06037503702,5453,-117.98546,33.9216
06037503401,7036,-117.98482,33.93479
06037620101,5667,-118.41999,33.92903
06037703100,5619,-118.35425,33.99374
06037291120,2037,-118.28691,33.91385
06037296500,3796,-118.29338,33.74717
06037128220,3087,-118.43561,34.18334
06037408800,4795,-117.7501,34.05696
06037404703,2912,-117.99203,34.06365
06037109400,3752,-118.45613,34.27
06037501802,3438,-118.03005,33.96658
06037532200,6599,-118.12153,33.9865
06037532304,3660,-118.153,33.98596
06037238000,5969,-118.309,33.94553
06037240600,5457,-118.26843,33.94704
06037240020,5294,-118.26381,33.95392
06037238100,4683,-118.3112,33.96365
06037433601,4586,-118.07563,34.06673
06037540201,2113,-118.2145,33.94111
06037540502,6131,-118.21335,33.91596
06037124000,4786,-118.40442,34.16312
06037124201,3391,-118.37468,34.18401
06037502402,3789,-118.09038,33.97156
06037276400,4099,-118.40949,33.96775
06037276601,4058,-118.43359,33.96567
06037275400,4625,-118.43922,33.99099
06037274100,4824,-118.45064,33.98826
06037400205,3053,-117.7135,34.14319
06037403323,5275,-117.82414,33.99849
06037503602,3838,-118.00302,33.91288
06037310100,5885,-118.30141,34.20368
06037273300,3477,-118.47293,33.99608
06037242700,5932,-118.24265,33.93668
06037535901,5682,-118.19338,33.94755
06037535702,5429,-118.20506,33.9541
06037535604,4213,-118.22441,33.95118
06037237800,4335,-118.29809,33.97082
06037237720,3470,-118.28616,33.96866
06037550700,7215,-118.13384,33.96234
06037535603,4111,-118.22673,33.95689
06037534804,3718,-118.22783,33.96424
06037533402,3902,-118.19523,33.9895
06037534802,2759,-118.22151,33.97127
06037534803,4629,-118.22771,33.9694
06037237300,5531,-118.31116,33.97835
06037235201,2921,-118.32212,33.97275
06037234700,4209,-118.3277,33.98703
06037232300,4376,-118.29803,33.99736
06037241110,3295,-118.27169,33.93566
06037242100,2497,-118.2323,33.94488
06037552100,5995,-118.08827,33.90585
06037500700,6582,-118.09709,33.99463
06059075002,8236,-117.8678,33.74843
06059074901,8576,-117.87829,33.74385
06059074501,5790,-117.85694,33.73876
06059074408,5453,-117.83656,33.73837
06059074403,5389,-117.84504,33.73013
06059032034,5595,-117.62921,33.64016
06059032029,4486,-117.66108,33.64692
06059032003,4756,-117.66603,33.60618
06059021918,5035,-117.79673,33.79946
06059021917,3354,-117.78079,33.8036
06059021913,7702,-117.80799,33.79882
06059110006,3092,-118.07895,33.79818
06059052514,5288,-117.79722,33.66869
06059062640,3655,-117.72146,33.56303
06059062633,6623,-117.74244,33.56462
06059062631,3198,-117.81269,33.64213
06059062628,3495,-117.80893,33.6497
06059063808,5688,-117.9256,33.65431
06059063806,3943,-117.93772,33.67953
06059063803,4353,-117.94279,33.66208
06059063400,4776,-117.91832,33.62079
06037570303,3925,-118.19147,33.86087
06037571000,5792,-118.10148,33.83893
06037571102,4006,-118.11635,33.83518
06037571300,4638,-118.14943,33.83976
06037570002,2883,-118.12948,33.86481
06037555001,5579,-118.08969,33.84321
06037106112,6201,-118.4098,34.30346
06037603200,3199,-118.30419,33.86781
06037603102,4034,-118.29537,33.87758
06037600302,3472,-118.30465,33.936279999999996
06037602900,4293,-118.30698,33.90852
06037603400,4504,-118.31347,33.89326
06037554101,3778,-118.12365,33.89117
06037553502,4147,-118.15146,33.89942
06037553701,3861,-118.18043,33.9044
06037554600,4311,-118.08894,33.88393
06037552601,5227,-118.07763,33.89076
06037552800,6267,-118.09118,33.8967
06037554522,4906,-118.09162,33.85164
06037554518,5365,-118.03754,33.8661
06037542800,3336,-118.24743,33.89954
06037542601,2810,-118.22693,33.90518
06037543903,4090,-118.26055,33.8335
06037600912,5174,-118.34072,33.97556
06037600201,4690,-118.29703,33.9489
06037600100,7098,-118.29593,33.95468
06037600202,7071,-118.29841,33.94276
06037543603,3903,-118.29362,33.80526
06059074110,3438,-117.90081,33.71078
06059074108,4640,-117.91064,33.72006
06059063905,4349,-117.9135,33.66087
06037541300,6166,-118.24188,33.91096
06037532800,4204,-118.25208,33.98717
06037532605,3812,-118.22517,33.98431
06037534502,4074,-118.20139,33.96654
06037535200,6031,-118.25125,33.95017
06037231100,3148,-118.27514,34.01647
06037575202,4278,-118.1709,33.78622
06037297400,3760,-118.32112,33.72559
06037293301,2793,-118.30353,33.81009
06037503801,4085,-117.99644,33.89543
06037503902,4663,-118.02031,33.88798
06037651302,6234,-118.3723,33.80563
06059075302,4568,-117.88936,33.76524
06037651201,4876,-118.36709,33.82324
06037650702,4521,-118.36764,33.83183
06037650300,6898,-118.34813,33.8678
06037650001,5825,-118.31998,33.87902
06037621301,7291,-118.37986,33.83566
06037621001,4346,-118.39431,33.87135
06037620201,1550,-118.41996,33.90312
06037621201,8259,-118.38333,33.85098
06037103300,3953,-118.35871,34.25577
06037291220,3255,-118.28676,33.878
06037574400,5420,-118.10258,33.8026
06037573800,4371,-118.09776,33.82598
06037572001,5434,-118.17456,33.82273
06059110108,2784,-118.07127,33.80829
06059086304,5009,-117.87791,33.83612
06037543501,7053,-118.28269,33.84418
06059087101,4706,-117.9633,33.83236
06059110114,4779,-118.04127,33.81268
06059110500,8557,-118.0123,33.86515
06059087602,7807,-117.94143,33.80506
06059011715,6719,-117.85342,33.88286
06059075809,3109,-117.81053,33.82263
06059099904,6105,-118.00293,33.76916
06059110302,6153,-118.01112,33.85149
06059110110,6037,-118.02833,33.83128
06059110015,3546,-118.05455,33.79228
06059110304,4661,-118.02815,33.84273
06059088107,6103,-117.97564,33.77937
06059075703,4135,-117.80499,33.76307
06059021903,4430,-117.82379,33.8496
06059011721,5091,-117.8714,33.87066
06059032011,1613,-117.60671,33.75718
06059099602,3530,-118.01999,33.75218
06059099513,2006,-118.06844,33.72024
06059099417,4952,-118.04866,33.70899
06059099405,4555,-118.01533,33.72008
06059075201,5594,-117.90122,33.75388
06059099803,5911,-117.98097,33.75751
06059075607,6484,-117.78386,33.73955
06059075605,5748,-117.77014,33.77657
06059075506,3541,-117.8059,33.74107
06059075405,3204,-117.84127,33.76274
06059075404,6362,-117.85155,33.76679
06059032013,5065,-117.66517,33.57205
06059075815,5261,-117.82661,33.79474
06059075807,4274,-117.82043,33.78462
06059099702,8240,-117.98522,33.73932
06059001503,5302,-117.90845,33.91474
06059088802,5500,-117.97676,33.76301
06059074701,7611,-117.89528,33.7326
06059042327,4774,-117.69707,33.58618
06059074005,6733,-117.88116,33.70851
06059052521,5216,-117.81727,33.68436
06059052427,5069,-117.65422,33.68068
06059052423,6511,-117.66524,33.656
06059052421,9631,-117.75244000000001,33.71553
06059075401,3859,-117.86166,33.7683
06059075003,6493,-117.87003,33.7584
06037571600,2180,-118.17996,33.85014
06037570800,5661,-118.13373,33.85212
06037570402,3391,-118.19965,33.8671
06037464000,5832,-118.1406,34.12625
06037463300,2101,-118.10282,34.13908
06037463400,5918,-118.11583,34.13921
06037462700,5727,-118.11422,34.1522
06037670202,2626,-118.3578,33.78659
06037300200,5492,-118.23804,34.22877
06037297120,3425,-118.28577,33.72697
06037101400,3898,-118.29686,34.24407
06037462800,2939,-118.10276,34.15233
06037460900,6893,-118.1612,34.17874
06037460800,3219,-118.17774,34.16242
06037700400,5140,-118.37897,34.08249
06037400304,8163,-117.79924,34.1048
06037262100,3195,-118.45563,34.10215
06037197700,4565,-118.24526,34.06894
06037199110,2377,-118.19724,34.0796
06037190520,3489,-118.3038,34.09993
06037199700,3393,-118.22002,34.06921
06037302104,3859,-118.23167,34.14631
06037311700,6227,-118.32058,34.16233
06037302103,5334,-118.23778,34.14183
06037104701,4601,-118.41509,34.26857
06037104105,5999,-118.40405,34.27661
06037262303,3157,-118.48643,34.06748
06037271702,4527,-118.42537,34.02483
06037271500,3095,-118.43686,34.01626
06037141500,3089,-118.47945,34.13772
06037270300,2651,-118.3708,34.0398
06037269300,4096,-118.41389,34.04072
06037217200,3887,-118.34242,34.05012
06037216700,3938,-118.37174,34.04831
06037216100,2465,-118.33814,34.05678
06037189400,3575,-118.32191,34.12133
06037700902,6561,-118.39442,34.06125
06037189600,3738,-118.32797,34.11423
06037407302,3275,-117.96144,34.03999
06037430801,6778,-118.02591,34.13728
06037185320,2763,-118.22443,34.08894
06037185202,3682,-118.21605,34.09478
06037183300,3083,-118.20056,34.1214
06037181300,3613,-118.22258,34.13649
06037143700,3800,-118.35451,34.12809
06037141700,3096,-118.43843,34.13813
06037139703,2693,-118.53224,34.14478
06037137401,4708,-118.61201,34.15917
06037127102,5450,-118.44438,34.20628
06037124400,4308,-118.40955,34.17349
06037183810,4260,-118.19733,34.10792
06037311801,3066,-118.30677,34.16583
06037920029,5931,-118.48598,34.43003
06037920039,1808,-118.44087,34.42146
06037920017,4241,-118.5277,34.44179
06037300902,2012,-118.19771,34.15647
06037301000,5050,-118.23281,34.15768
06037301400,3936,-118.28487,34.1809
06037301100,6571,-118.24526,34.16287
06037404901,5279,-117.9769,34.0958
06037405600,5645,-117.91484,34.08099
06037267600,2709,-118.45269,34.03437
06037123301,4424,-118.39979,34.19905
06037123520,2669,-118.42506,34.18851
06037431600,4173,-118.04244,34.11185
06037432300,3873,-118.0454,34.08744
06037480011,5238,-118.07494,34.12607
06037430803,5363,-118.02325,34.11448
06037480201,3923,-118.11145,34.10934
06037480804,4866,-118.14578,34.09498
06037480500,5543,-118.14339,34.10779
06037480902,4024,-118.13898,34.08123
06037481001,4271,-118.13151,34.08705
06037481101,4100,-118.10649,34.09823
06037920331,3751,-118.54588,34.39715
06037920030,5399,-118.48974,34.41508
06037920035,8172,-118.46294,34.42015
06037920034,4152,-118.45491,34.43699
06037402200,7276,-117.7672,34.08315
06037405202,4894,-117.9627,34.08047
06037123103,4285,-118.36555,34.19215
06037461100,4894,-118.14119,34.18367
06037460501,5555,-118.19707,34.21574
06037300701,6263,-118.24893,34.20069
06037404100,6137,-117.89484,34.11417
06037460301,4733,-118.15328,34.20721
06037460302,4273,-118.15849,34.19516
06037119700,4893,-118.42626,34.21771
06037401102,4051,-117.86617,34.13106
06037403721,5429,-117.87695,34.09505
06037404301,5460,-117.90409,34.12717
06037405500,6623,-117.92838,34.08018
06037117405,3364,-118.47023,34.23372
06037119310,3983,-118.45042,34.24665
06037117510,4181,-118.46299,34.23343
06037117302,5414,-118.49934,34.2355
06037320300,7230,-118.44631,34.28252
06037311400,2454,-118.35094,34.16316
06037115302,4044,-118.54985,34.22551
06037113301,3655,-118.55884,34.2448
06037113211,4275,-118.61944,34.26345
06059032059,10060,-117.63842,33.55189
06065041913,5564,-117.62118,33.86468
06065040609,16631,-117.62672,33.92406
06065040815,3651,-117.50987,33.89376
06065041803,5998,-117.58247,33.83723
06037650502,4260,-118.37063,33.85324
06037980002,9,-118.2398,33.80887
06037980008,465,-118.49014,34.20653
06037980015,1267,-118.29455,33.77694
06037262704,3651,-118.53936,34.04281
06037621204,3110,-118.3944,33.84646
06037621326,3348,-118.38776,33.82298
06037980026,11,-118.26446,34.27472
06037651402,6012,-118.34647,33.79706
06037670326,3702,-118.40227,33.78628
06037577604,1300,-118.1105,33.75407
06037115103,2345,-118.52534,34.2457
06037543905,4344,-118.25761,33.81308
06037544001,4689,-118.21463,33.84153
06037207502,4113,-118.25309,34.0526
06037275101,1186,-118.40439,33.9979
06037102107,3984,-118.34066,34.2419
06037108202,8701,-118.58153,34.28856
06037800410,3847,-118.73477,34.05867
06037700102,4448,-118.35238,34.08978
06037980010,144,-118.23898,34.08185
06037269907,2671,-118.40644,34.02838
06037272202,3159,-118.43835,33.99825
06037275603,2731,-118.40844,33.98655
06037293306,2571,-118.30382,33.78286
06037294701,3110,-118.25535,33.77671
06037296401,3176,-118.31433,33.74182
06037406702,7040,-117.93917,34.06318
06037302506,3410,-118.24626,34.12765
06037573003,1790,-118.20224,33.79437
06037576001,5921,-118.19306,33.7616
06037400501,2051,-117.8661,34.16232
06037531504,4033,-118.16719,34.02848
06037218701,2455,-118.3331,34.0378
06037222001,3218,-118.31327,34.02689
06037301206,5275,-118.27219,34.16359
06037301801,6139,-118.25985,34.15515
06037240402,3856,-118.28564,33.94393
06037261200,4329,-118.44604,34.10796
06037269602,2964,-118.38469,34.04256
06037271902,4044,-118.43165,34.00951
06037273502,2680,-118.47045,33.98783
06037273902,4278,-118.46613,33.98246
06037106645,3501,-118.49506,34.2912
06037408724,5486,-117.90363,33.98416
06037533806,3941,-118.17034,33.97238
06037536104,4127,-118.17784,33.94318
06037141101,4903,-118.42687,34.15231
06037189903,2228,-118.34769,34.1022
06037550201,2853,-118.0845,33.92754
06037551402,4567,-118.1462,33.94119
06037604001,4241,-118.35684,33.88396
06037650604,5647,-118.34911,33.83974
06037700802,3892,-118.38226,34.06848
06037183702,2669,-118.18628,34.1049
06037402304,3925,-117.76343,34.06106
06037402903,4324,-117.73373,34.03909
06037402904,3606,-117.73469,34.02755
06037461901,4609,-118.14915,34.15305
06037462002,3801,-118.14836,34.16332
06037462202,3348,-118.13692,34.14864
06037108101,2324,-118.54155,34.27835
06037113102,2971,-118.56831,34.26531
06037115403,3245,-118.53171,34.2259
06037188201,3378,-118.27534,34.11196
06037189102,3316,-118.28841,34.11354
06037406701,3112,-117.94557,34.05662
06037407801,4789,-117.92102,34.03044
06037500404,4767,-118.07376,34.01364
06037128102,4874,-118.44435,34.19008
06037128802,4673,-118.45525,34.1686
06037117201,4514,-118.47014,34.2428
06037119201,3866,-118.44122,34.24607
06037120103,3123,-118.45187,34.22994
06037121102,2846,-118.38134,34.24154
06037122122,2750,-118.37348,34.22036
06037124103,1857,-118.38341,34.18849
06037310202,4945,-118.29541,34.18748
06037310601,6085,-118.32721,34.19362
06037400404,4458,-117.82285,34.15786
06037104404,3082,-118.42795,34.26446
06037106407,2909,-118.43655,34.31058
06037106408,3440,-118.44007,34.31328
06037125402,4076,-118.37451,34.15676
06037134001,3708,-118.59065,34.20199
06037141102,3023,-118.4339,34.14963
06037211201,2538,-118.29847,34.07453
06037211703,4716,-118.31159,34.06714
06037212101,3146,-118.29414,34.0627
06037212502,3363,-118.30662,34.05887
06037215101,2614,-118.3543,34.06393
06037219901,4651,-118.36075,34.02927
06037221303,2384,-118.30842,34.04583
06037234901,3103,-118.32865,33.98302
06037236204,3210,-118.34893,34.01439
06037237202,4414,-118.31003,33.98503
06037239501,3835,-118.26297,33.97305
06037241201,3105,-118.2857,33.9409
06037430301,4406,-117.98189,34.17135
06037132502,4252,-118.54767,34.1905
06037431502,4243,-118.01931,34.10167
06037502801,6347,-118.08904,33.94029
06037553504,5320,-118.15652,33.90813
06037554405,3328,-118.12122,33.87384
06037183401,2226,-118.20917,34.12189
06037186201,3085,-118.22113,34.12158
06037186203,2751,-118.21561,34.11501
06037191902,2961,-118.33859,34.08441
06037262604,6116,-118.54084,34.05178
06037267404,3403,-118.4607,34.04581
06037127604,3194,-118.47979,34.19929
06037127712,3894,-118.47018,34.19728
06037131702,3602,-118.54872,34.20489
06037132101,4330,-118.49566,34.19161
06037134424,2862,-118.65508,34.21418
06037137103,4951,-118.60156,34.17421
06037139402,2782,-118.55437,34.16774
06037183221,2901,-118.19108,34.12436
06071001707,5567,-117.6603,34.04647
06071000403,4672,-117.7125,34.03909
06071000201,5356,-117.69409,34.08855
06071000108,5060,-117.73953,33.97154
06071001702,5774,-117.67534,34.04436
06071000904,3927,-117.64214,34.08999
06071001809,4503,-117.60424,34.02326
06071001804,6458,-117.64581,34.02501
06071001704,5086,-117.66027,34.03629
06071002606,7171,-117.47896,34.04091
06071002602,7248,-117.49681,34.04145
06071002501,5613,-117.48002,34.07474
06071000808,6173,-117.63977,34.11316
06071002107,5212,-117.586,34.09864
06071001200,4728,-117.64618,34.07976
06071001103,4113,-117.65583,34.07974
06071000501,6885,-117.70679,34.02418
06071001803,3240,-117.61525,34.04079
06071009119,5761,-117.45291,34.42372
06071002016,3787,-117.60834,34.11295
06071000903,4383,-117.63977,34.09604
06071002101,4379,-117.6242,34.09769
06071001503,3751,-117.63288,34.06572
06071002023,5314,-117.59377,34.12989
06071002035,7441,-117.56065,34.12028
06065047902,6414,-117.55669,33.82644
06071002042,2553,-117.50583,34.155029999999996
06071001910,2231,-117.6219,34.00832
06071002403,5128,-117.48001,34.09247
06071000308,3678,-117.71112,34.04859
06071000306,3419,-117.69959,34.06244
06071000119,4687,-117.70218,33.97731
06071002047,3682,-117.53457,34.11187
06071002050,5760,-117.55194,34.11224
06071001909,2869,-117.63049,33.97012
06065040617,7275,-117.57142,33.98037
06071000121,8633,-117.67689,33.9259
06071002044,4696,-117.53816,34.12886
06071002314,6558,-117.4797,34.13601
06071002310,5229,-117.45926,34.12864
06111008502,3647,-118.73925,34.32837
06037920339,8114,-118.62202,34.4135
06037276605,2093,-118.43398,33.95652
06037550801,4684,-118.13865,33.95158
06037500100,3729,-117.94344,33.96086
06037502603,3407,-118.09359,33.96421
06037460001,1609,-118.08446000000001,34.17683
06037403326,2606,-117.85827,33.99683
06037234002,2977,-118.31929,34.01127
06037980033,89,-118.22156,33.75786
06037408703,6069,-117.89099,33.96109
06037980036,616,-118.06717,34.03719
06037578000,7189,-118.22207,33.7989
06037670102,4041,-118.3214,33.7868
06037543705,3624,-118.26751,33.81457
06037139506,2767,-118.52581,34.16851
06037571201,3775,-118.1337,33.83502
06037602202,3112,-118.36431,33.92798
06037297502,2508,-118.29633,33.7143
06037293206,3330,-118.30408,33.8231
06037577900,5481,-118.19518,33.82514
06037650801,4126,-118.33195,33.82614
06037620703,3666,-118.38223,33.86237
06037543203,4873,-118.23284,33.87668
06037620801,4372,-118.38301,33.88008
06037460002,3283,-118.07279,34.17026
06037125321,3049,-118.36506,34.16671
06037133102,3376,-118.54039,34.18627
06037131022,3491,-118.54001,34.21197
06037571505,2969,-118.17219,33.84654
06037603902,3288,-118.35683,33.89279
06037541003,4863,-118.27368,33.88316
06037402503,3984,-117.76517,34.04694
06037209202,1234,-118.26012,34.05519
06037980017,1192,-118.45615,34.05735
06037536201,3583,-118.17352,33.92291
06037502604,3662,-118.09482,33.95764
06037276102,3310,-118.37195,33.97556
06037276101,3787,-118.37849,33.97484
06037113239,2259,-118.60062,34.23321
06037403327,2813,-117.83472,34.01506
06037407802,3336,-117.9358,34.02661
06037226701,2969,-118.26605,34.01757
06037406300,5796,-117.87809,34.05925
06037542105,4743,-118.19897,33.89425
06037602301,6188,-118.36578,33.90683
06037503103,4774,-118.04155,33.92782
06037602106,5693,-118.35685,33.91956
06037503402,4631,-118.00076,33.94073
06037502005,4382,-118.03413,33.95152
06037462500,6157,-118.1056,34.16693
06037601202,3832,-118.35694,33.94961
06037408626,4356,-117.91959,33.98487
06037501501,2411,-118.02356,34.00209
06037408137,4493,-117.88365,34.00926
06037800202,6044,-118.68612,34.11133
06037406000,5496,-117.90333,34.08989
06037480202,2518,-118.09752,34.11057
06037404501,2720,-117.92253,34.11078
06037431100,7140,-117.99571,34.13396
06037430902,5175,-118.01598,34.13706
06037480101,4107,-118.07371,34.10885
06037461300,6533,-118.10641,34.17302
06037408301,6101,-117.99398,34.04328
06037980034,110,-118.03675,33.89952
06037604200,6255,-118.33071,33.93145
06037602201,4552,-118.37201,33.92184
06037603706,3624,-118.32877,33.89784
06037500203,4188,-117.98535,33.9451
06037920343,4297,-118.50719,34.37121
06037267405,2838,-118.46735,34.04116
06037407201,3251,-117.96547,34.03544
06037482801,4193,-118.11328,34.03617
06037267101,3142,-118.42884,34.05097
06037920340,3208,-118.54054,34.38727
06037113324,2072,-118.58637,34.25361
06037101221,3444,-118.29215,34.25392
06037261103,1880,-118.38723,34.11751
06037433803,3037,-118.04344,34.03989
06037265522,2090,-118.44091,34.05611
06037406801,4993,-117.95358,34.06355
06037433505,4486,-118.04833000000001,34.05986
06037265307,3190,-118.44831,34.06032
06037265702,2879,-118.42785,34.06531
06037433103,6692,-118.05909,34.06782
06037208002,4113,-118.25633,34.06554
06037199002,2913,-118.22069,34.08085
06037207304,2124,-118.2515,34.0463
06037481403,2933,-118.08821,34.08296
06037481404,3934,-118.09516,34.08248
06037189801,2302,-118.3618,34.09967
06037189906,2746,-118.34683,34.09703
06037143401,4632,-118.41386,34.15348
06037143301,3236,-118.38785,34.1552
06037670603,1872,-118.38425,33.75209
06037400209,4775,-117.7575,34.133540000000004
06037267503,2112,-118.45364,34.0418
06037190302,2283,-118.31785,34.10417
06037464101,2770,-118.11453,34.12373
06037404203,3899,-117.88574,34.1251
06037185102,2990,-118.21251,34.10481
06037113425,4020,-118.59078,34.23266
06037603901,4013,-118.35682,33.89961
06037551802,4373,-118.11788,33.91166
06037602601,4784,-118.31779,33.91273
06037670702,5555,-118.32593,33.7513
06037543321,6034,-118.25085,33.86513
06037135204,4791,-118.64922,34.18971
06037460101,5846,-118.11584,34.19138
06037134907,2953,-118.59402,34.18994
06037103401,2516,-118.3213,34.25637
06037108203,3577,-118.56266,34.2927
06037236001,4422,-118.36111,34.01388
06037236205,3403,-118.3522,34.01531
06037206051,2591,-118.23254,34.02957
06037275604,10520,-118.41725,33.97524
06037602003,4759,-118.33938,33.93475
06037294620,4034,-118.24768,33.7883
06037294830,3838,-118.26774,33.77261
06037576402,4705,-118.17417,33.77897
06037576200,7148,-118.18668,33.77264
06037430721,3536,-118.04268,34.13785
06037272100,4332,-118.44173,34.0046
06037113231,2254,-118.6572,34.22738
06037300800,7100,-118.21751,34.1851
06037277400,3,-118.37435,33.94785
06059032043,3775,-117.57036,33.58952
06059032036,3495,-117.65555,33.61682
06059052415,3933,-117.69671,33.63966
06059074405,6091,-117.86025,33.75147
06059032020,5540,-117.6449,33.60479
06037270200,3487,-118.38054,34.03312
06037701601,4175,-118.48064,34.0387
06037430723,4643,-118.05859,34.13034
06037430102,4636,-117.9798,34.12773
06111008002,4712,-118.73052,34.26769
06111008304,5487,-118.6615,34.26929
06037432902,3358,-118.06018,34.07806
06037463800,3953,-118.17641,34.13509
06037108104,1692,-118.54676,34.29457
06037201120,4395,-118.1645,34.09382
06037194200,3596,-118.37373,34.10395
06037191410,3924,-118.28812,34.08872
06037201301,3409,-118.18664,34.08847
06037185310,2724,-118.22274,34.09235
06037143602,4740,-118.38711,34.14491
06037137501,4662,-118.57703,34.16505
06037302202,4933,-118.24839,34.14014
06037301701,2852,-118.27402,34.15953
06037127400,5529,-118.47626,34.21029
06037920110,3098,-118.54785,34.44634
06037920042,7762,-118.47813,34.3939
06037401902,5747,-117.72671,34.09975
06037401001,3051,-117.85279,34.14154
06037123203,3508,-118.38996,34.19491
06037120400,6614,-118.43216,34.2183
06037910807,6092,-118.40882,34.44096
06037402702,6354,-117.72704,34.06484
06071009202,1856,-117.55074,34.27428
06071012700,4000,-117.55875,34.04815
06071002109,6303,-117.56919,34.07375
06065040809,3508,-117.55632,33.89321
06065041403,4566,-117.46076,33.89627
06065040703,2800,-117.53162,33.94507
06037541700,6278,-118.20213,33.91757
06037542000,5358,-118.2033,33.90512
06037125310,4941,-118.36674,34.16852
06037602002,3007,-118.3406,33.92761
06037501700,4114,-118.01984,33.96131
06037106603,2998,-118.51601,34.31539
06037117303,3647,-118.49158,34.22567
06037552200,6474,-118.07463,33.90897
06037432202,4212,-118.06982000000001,34.08633
06037500600,5438,-118.08906,34.00725
06037433602,2858,-118.07592,34.05898
06037433302,1701,-118.01137,34.06132
06037532302,4452,-118.17523,34.00919
06037535605,4042,-118.21657,33.94839
06037535902,6236,-118.19581,33.93911
06037533201,2602,-118.20812,33.98171
06037235202,4765,-118.32976,33.97182
06037541603,2748,-118.22013,33.91379
06037228710,4245,-118.25429,33.99989
06037702801,5272,-118.41117,34.01144
06037541802,5293,-118.18621,33.91007
06037700801,4941,-118.39482,34.07484
06037800204,4595,-118.6581,34.14584
06037621104,6786,-118.3957,33.8577
06037980009,52,-118.30515,34.13625
06037542103,4019,-118.19645,33.9011
06037670328,4485,-118.41557,33.77344
06037117407,3482,-118.47029,34.2301
06037123901,4621,-118.39414,34.18555
06037310501,3788,-118.34291,34.19746
06037127805,3514,-118.45745,34.19144
06037141202,2922,-118.44278,34.14762
06059062658,5410,-117.85664,33.61854
06059076001,7901,-117.86928,33.78327
06059062655,5156,-117.79391,33.62454
06059021832,6735,-117.81891,33.92798
06059087302,6021,-117.91036,33.83395
06059076105,4697,-117.87035,33.79328
06059076002,1994,-117.86579,33.77446
06037461501,3508,-118.13682,34.17518
06037463602,5728,-118.14593,34.14323
06037189101,2589,-118.2885,34.1036
06037195902,1848,-118.27924,34.08624
06037208401,3832,-118.26913,34.06376
06037407602,3732,-117.94433,34.03167
06037501803,4687,-118.04039,33.97019
06037219902,3878,-118.36712,34.03146
06037237102,3625,-118.28373,33.98647
06037431501,4281,-118.03306,34.10022
06037186302,5190,-118.22959,34.11343
06037262501,3741,-118.52025,34.04902
06037278001,2687,-118.40261,33.95649
06037296901,4148,-118.29457,33.73016
06037195202,3194,-118.27914,34.10212
06037213202,3679,-118.30451,34.04903
06037297300,2306,-118.31351,33.72057
06037401303,2235,-117.81017,34.07286
06037241001,4525,-118.26724,33.92894
06037460401,1063,-118.18137,34.21716
06037535001,4152,-118.25314,33.97298
06037430901,4459,-118.01062,34.13989
06037102104,3906,-118.34867,34.21637
06037302004,4175,-118.23881,34.14903
06037650901,5976,-118.31886,33.83522
06059021813,107,-117.81404,33.85749
06059062649,3562,-117.75413,33.59934
06065040405,5386,-117.46846,33.99111
06065040816,2408,-117.53042,33.90293
06037430502,7114,-118.05321000000001,34.15953
06037400206,5184,-117.71172,34.12874
06037480704,4843,-118.15396,34.10728
06037432201,4235,-118.08284,34.08798
06037480302,4380,-118.12186,34.10117
06037222002,4648,-118.31327,34.02187
06037239802,5103,-118.26295,33.9615
06037262706,3537,-118.52586,34.03886
06037577504,1393,-118.12729,33.75123
06037296402,2971,-118.30427,33.74572
06037535002,3318,-118.2466,33.97276
06037531000,5109,-118.17392,34.04105
06037226420,5026,-118.25707,34.02179
06037204700,4632,-118.21208,34.0316
06059075810,3045,-117.814,33.80919
06059052424,4761,-117.67721,33.64584
06059099514,5362,-118.05829,33.71874
06059021919,2841,-117.76927,33.84977
06059088905,5115,-117.96797,33.75131
06059074803,8526,-117.90986,33.73807
06059075100,9883,-117.87876,33.75582
06037571900,5769,-118.18229,33.83321
06037572301,3840,-118.22248,33.81843
06037294120,2324,-118.24809,33.794
06037574100,5251,-118.12353,33.81449
06037212701,2487,-118.31925,34.05456
06037104108,5829,-118.40347,34.27175
06037620305,6114,-118.41247,33.89313
06037218600,2820,-118.34313,34.03658
06059086405,6986,-117.89683,33.84357
06059086502,6053,-117.90971,33.84726
06059011601,7497,-117.92865,33.86147
06037554521,5987,-118.09956,33.87285
06037552602,4132,-118.06412,33.89121
06037542502,4310,-118.22513,33.89063
06037106642,3316,-118.50642,34.28551
06037600902,6798,-118.35281,33.97123
06059052522,4236,-117.82157,33.6795
06059062643,7333,-117.83188,33.59379
06059062630,1667,-117.79382,33.64731
06059063902,6881,-117.91364,33.67894
06059063500,4938,-117.93353,33.61885
06037480304,4263,-118.13103,34.0959
06059021830,5714,-117.76478,33.87838
06059087802,7431,-117.99764,33.81071
06059076102,8150,-117.89034,33.78499
06059087704,4780,-117.95451,33.80868
06037980024,226,-118.48683,34.17317
06037651304,4987,-118.38234,33.81191
06037273800,2933,-118.45022,33.99367
06037553902,5977,-118.15349,33.88379
06037261102,4072,-118.42575,34.11131
06037551700,6340,-118.14798,33.9173
06037500800,5333,-118.08641,33.98414
06037237900,3726,-118.31119,33.97092
06037576601,4770,-118.17922,33.76631
06037533703,4022,-118.17536,33.98468
06037234600,5106,-118.3272,33.9926
06037232110,3336,-118.28931,33.99918
06037120108,5263,-118.45626,34.23109
06037320202,5693,-118.43434,34.28956
06037104703,2572,-118.39967,34.25607
06037188202,2460,-118.27902,34.11624
06037190202,3568,-118.3355,34.10355
06037481500,4344,-118.11262,34.08313
06037128602,3422,-118.43561,34.17023
06037530006,4295,-118.11392,34.02072
06037188100,4070,-118.2715,34.13785
06071001001,5069,-117.67547,34.07967
06037213201,4330,-118.3046,34.05289
06037530102,4994,-118.11555,34.01499
06037265304,3855,-118.45088,34.06733
06037552001,4041,-118.09517,33.91095
06037183701,3838,-118.18899,34.10843
06037189202,2775,-118.29655,34.11182
06037267901,3293,-118.41366,34.05617
06037532303,4364,-118.14698,34.00464
06037273100,3597,-118.45925,34.00457
06037573201,4606,-118.18555,33.8024
06037574902,5192,-118.13798,33.78994
06037187102,4083,-118.23926,34.10098
06037183520,3450,-118.20161,34.11043
06037143500,5197,-118.4061,34.14702
06037139200,5519,-118.52467,34.17567
06037137504,1920,-118.57363,34.14696
06065041410,3059,-117.53438,33.87972
06037920332,1950,-118.51286,34.3816
06037920031,4850,-118.49373,34.38992
06037920028,8017,-118.48783,34.43707
06037401601,5593,-117.76189,34.11599
06071000824,5305,-117.65591,34.10154
06071000117,6736,-117.7551,33.97575
06037139301,4692,-118.55598,34.17899
06037920303,1593,-118.59691,34.3155
06037128400,4516,-118.45875,34.17803
06037108102,3795,-118.55505,34.28069
06037432601,6374,-118.01386,34.08253
06037482303,5482,-118.09897,34.06877
06037530101,5333,-118.09992,34.01241
06037214100,4111,-118.33927,34.07523
06037405201,5392,-117.95212,34.08503
06037482101,4771,-118.13461,34.05717
06037209820,2732,-118.27822,34.04718
06037403404,2389,-117.85273,34.02909
06037262400,3242,-118.5111,34.08807
06037531201,4855,-118.18624,34.02978
06037228600,4882,-118.26085,34.00277
06037204600,3740,-118.21705,34.03549
06037203500,2751,-118.22085,34.05412
06037408402,6070,-117.99618,34.01183
06037702300,6603,-118.4564,34.01876
06037221710,2596,-118.28777,34.0348
06037199300,3545,-118.19827,34.09056
06037220100,2437,-118.36583,34.02475
06037431900,3652,-118.06009,34.1115
06059076204,5009,-117.86209,33.81484
06059087401,5110,-117.91457,33.82824
06059011602,6248,-117.90344,33.86136
06059021912,4430,-117.74673,33.80882
06059021823,4054,-117.78153,33.89668
06037115101,5112,-118.51124,34.23927
06037113232,4297,-118.60945,34.22742
06037106111,4331,-118.40741,34.31838
06037310703,5126,-118.30094,34.17652
06071001600,5289,-117.62833,34.05819
06037504002,5327,-118.02431,33.90903
06037651002,4741,-118.32395,33.8145
06037620701,6991,-118.38093,33.8695
06037670003,6163,-118.32269,33.79424
06037572202,3848,-118.195,33.80883
06037570901,5747,-118.10899,33.85154
06037570902,3653,-118.12101,33.85398
06037603702,4993,-118.33515,33.88597
06037554700,4503,-118.07758,33.8831
06037552400,2518,-118.04785,33.89753
06037554519,3489,-118.05694,33.85194
06037554002,6135,-118.13402,33.89094
06059088902,5132,-117.9463,33.76153
06059001708,3736,-117.94961,33.90508
06059001602,5034,-117.90189,33.89058
06059110014,5242,-118.06324,33.80167
06059110202,7874,-118.01523,33.82501
06059099502,647,-118.06562,33.75074
06059110102,5791,-118.04253,33.83942
06059110402,5342,-117.99791,33.8377
06059001303,5626,-117.95046,33.92121
06059110301,6966,-118.02859,33.85263
06059099603,6433,-118.03318,33.74706
06059099415,5168,-118.0324,33.69773
06059099701,6270,-117.98532,33.74914
06059074106,6330,-117.91592,33.70617
06059099247,3142,-117.9331,33.74197
06059099237,3565,-117.96669,33.6614
06059099229,6745,-117.93847,33.70086
06059099225,3500,-117.95025,33.71984
06059063004,6202,-117.88061,33.63158
06059062622,4437,-117.72229,33.61994
06059052519,4217,-117.8163,33.67384
06059062629,2709,-117.8219,33.63931
06059063807,4950,-117.92844,33.66527
06059063601,3794,-117.94197,33.64883
06059075604,7568,-117.78892,33.77697
06059032015,6730,-117.68609,33.60897
06059052410,5391,-117.72064,33.64079
06059042320,5879,-117.70825,33.5729
06059032046,5949,-117.58073,33.57927
06059062648,3181,-117.73546,33.60969
06037403325,5306,-117.81021,33.96592
06037602302,5300,-118.37451,33.90426
06037501600,6863,-118.0092,33.97796
06037408135,3899,-117.89835,34.017
06037409000,7033,-117.80468,34.047110000000004
06037434003,4093,-118.02416,34.04612
06037403500,1828,-117.84771,34.0617
06037430724,5252,-118.05974,34.1264
06037406103,8353,-117.89012,34.08087
06065041915,7451,-117.50411,33.75253
06037183222,3303,-118.19845,34.12804
06037462201,3711,-118.13697,34.15591
06037192001,2574,-118.34635,34.0844
06037408140,3775,-117.90337,34.00961
06037128601,4379,-118.43998,34.17867
06037234902,4238,-118.33302,33.98119
06037433304,4595,-118.02084,34.07035
06037267902,4002,-118.41994,34.04771
06037208302,4560,-118.26205,34.06283
06037216401,4165,-118.37992,34.05597
06037294302,4513,-118.2784,33.78534
06037194101,3236,-118.35282,34.11236
06071002313,6874,-117.46127,34.114
06071000120,7649,-117.70276,33.96641
06071000819,5518,-117.63161,34.12604
06071001311,3652,-117.5984,34.0848
06037551102,5451,-118.1175,33.926
06037800504,2261,-118.66728,34.05562
06037910809,2337,-118.40857,34.40439
06037650401,4450,-118.33667,33.84467
06037111401,2406,-118.49681,34.2533
06037231301,2797,-118.3018,34.0138
06037502901,5449,-118.03938,33.94624
06037270101,2002,-118.39501,34.02805
06037206301,2074,-118.24755999999999,34.04392
06037206202,3035,-118.24033,34.04712
06037271803,3039,-118.41037,34.01947
06037530603,4440,-118.1737,34.0525
06037482404,2901,-118.08621,34.04629
06037403601,7102,-117.8645,34.07494
06037432502,3431,-118.00166,34.09574
06037480602,4183,-118.15965,34.11831
06037300601,5346,-118.24343,34.21606
06037550301,4147,-118.10469,33.92494
06037139704,2624,-118.51193,34.14301
06037800336,2934,-118.74192,34.12404
06037143605,1945,-118.36406,34.14075
06037311602,5254,-118.3441,34.15174
06037670101,3394,-118.3131,33.78293
06037543607,5502,-118.28135,33.81361
06037297501,2483,-118.30344,33.71248
06037125102,2280,-118.39212,34.16166
06037300602,3580,-118.23207,34.20328
06037292001,4791,-118.29758,33.84982
06037550501,3604,-118.10117,33.95258
06037113238,5182,-118.60172,34.22202
06037980035,623,-117.9626,34.01742
06037103201,4676,-118.32401,34.26601
06037408213,5875,-117.90033,33.99121
06037980028,11,-118.40403,33.93468
06037980023,19,-118.62899,34.23329
06111007512,6264,-118.69498,34.24729
06059052534,2299,-117.78572,33.72475
06059052436,6080,-117.75686,33.72603
06059052439,9926,-117.73102,33.67215
06059062656,3449,-117.78728,33.58402
06065040620,7702,-117.58005,33.96448
06065047901,5122,-117.55649,33.83726
06071002043,6295,-117.53211,34.155029999999996
06071002503,3573,-117.45806,34.08116
06071002039,5997,-117.4602,34.16459
06037125404,3133,-118.37299,34.16191
06037135205,2342,-118.6625,34.19377
06037113424,3613,-118.55793,34.22732
06037602513,1590,-118.33518,33.91834
06037577800,5085,-118.09634,33.93205
06059052530,5630,-117.81618,33.69039
06059032065,6160,-117.61841,33.59604
06059001710,4728,-117.96921,33.89825
06071002112,3347,-117.55995,34.09199
06071002504,4010,-117.4668,34.07752
06059074802,6348,-117.89926,33.74432
06059099242,3570,-117.98046,33.71874
06059099222,5102,-117.96778,33.73578
06059062702,4515,-117.86903,33.59515
06059062642,2849,-117.86177,33.60581
06059075403,7707,-117.83947,33.75087
06059052524,8020,-117.79761,33.72984
06059032047,4545,-117.64645,33.65616
06059032038,6439,-117.6491,33.59471
06059074407,6024,-117.84221,33.73811
06037670405,2957,-118.37468,33.76824
06071000122,3194,-117.7214,33.91819
06071000118,4846,-117.78873,33.97795
06071001703,5478,-117.66105,34.02465
06037920121,10332,-118.56996,34.44796
06037502700,7682,-118.07205,33.95506
06071002207,5918,-117.52967,34.09112
06071002028,5507,-117.58247,34.11035
06071009109,5922,-117.53955,34.41243
06037209106,2632,-118.26745,34.05432
06037401706,4522,-117.75236,34.10331
06037185101,2830,-118.20663,34.10262
06037464102,3989,-118.12399,34.11889
06037553201,3756,-118.1272,33.90695
06037800101,5476,-118.61889,34.13578
06037574202,2206,-118.14267,33.80103
06037573401,1575,-118.18262,33.81119
06037106510,5791,-118.48528,34.32432
06037542402,3127,-118.21307,33.87976
06037542602,5608,-118.22647,33.90099
06037601401,5012,-118.36986,33.95934
06037800206,3047,-118.66953,34.16283
06037297002,3657,-118.30447,33.73272
06037577605,4799,-118.12461,33.76817
06037408705,5355,-117.87849,33.98157
06037408627,2818,-117.92605,33.97561
06037122200,4064,-118.35829,34.21442
06037128910,4384,-118.45909,34.16062
06037534900,6241,-118.23674,33.96897
06037237600,4112,-118.28386,33.97694
06037232800,4034,-118.27716,33.99124
06037535400,3595,-118.23666,33.95488
06037534302,3662,-118.17463,33.95909
06037575300,4545,-118.18503,33.78758
06037575902,5622,-118.1952,33.77379
06037574901,3829,-118.12555,33.79202
06037101300,4269,-118.27112,34.24587
06065041904,4950,-117.60822,33.87742
06065040402,4243,-117.49063,33.97448
06037701801,5973,-118.46416,34.02767
06037432402,6040,-118.03043,34.08539
06037300400,5948,-118.256,34.22868
06037201302,3882,-118.18479,34.09777
06037191500,4980,-118.29609,34.0876
06037190901,4016,-118.31248,34.09416
06037137301,2238,-118.63261,34.17688
06037302301,3804,-118.26302,34.14436
06037920040,5045,-118.425,34.43755
06037920330,4166,-118.56339,34.40395
06037269700,4025,-118.38696,34.03604
06037121900,3921,-118.38342,34.21859
06037111201,3609,-118.51049,34.2753
06037920334,6363,-118.55932,34.38683
06037106403,3704,-118.44149,34.30619
06037267502,3217,-118.46251,34.03788
06037406500,7397,-117.91681,34.06683
06037209520,2648,-118.27695,34.05056
06037402102,5118,-117.74484,34.08547
06037228220,4458,-118.25194,34.00658
06037408623,3065,-117.93704,33.99562
06037201110,2332,-118.17403,34.09575
06059086303,11758,-117.88936,33.81132
06059110607,4537,-117.99608,33.88099
06059088301,6561,-117.94643,33.79612
06059088104,4924,-117.99158,33.78609
06059087102,6613,-117.95234,33.83806
06059021802,7826,-117.81565,33.89132
06059076103,9182,-117.90182,33.78349
06059075505,3763,-117.82556,33.74273
06059032014,6039,-117.7,33.61588
06059032053,8242,-117.62215,33.61285
06059086801,3593,-117.98051,33.84938
06037238400,4632,-118.30899,33.95614
06037540501,6411,-118.21943,33.92397
06037239330,2979,-118.26298,33.97683
06037534001,5132,-118.14717,33.96734
06037234800,3561,-118.32208,33.98255
06037670500,1739,-118.3485,33.76034
06037194500,2347,-118.36932,34.07838
06037218300,5206,-118.35976,34.04126
06037700901,3863,-118.38663,34.06214
06037430302,5831,-118.00069,34.15648
06037670701,6524,-118.31373,33.76189
06037650101,5771,-118.3178,33.86732
06037573402,6827,-118.17435,33.80034
06037570304,5007,-118.19258,33.85727
06037191710,2576,-118.31845,34.08709
06037192520,4326,-118.30251,34.07991
06037300702,5725,-118.26568,34.1899
06037401304,5683,-117.81574,34.08426
06037573601,6441,-118.13378,33.82637
06037408136,3832,-117.87711,34.0084
06037700300,5754,-118.37261,34.0912
06037186401,2991,-118.24442,34.11822
06037181500,3653,-118.19358,34.13487
06037138000,4575,-118.5926,34.14813
06037572201,6141,-118.19494,33.81675
06037400603,5514,-117.92061,34.15172
06037553000,4866,-118.10401,33.89295
06037600704,3010,-118.32421,33.95457
06059063908,5732,-117.8854,33.6798
06059099251,5771,-117.95001,33.70723
06059063101,2935,-117.8838,33.66308
06059062645,6033,-117.8383,33.61784
06059062641,5399,-117.72638,33.60173
06059063603,6450,-117.94154,33.63181
06037231601,2254,-118.30236,34.00667
06037267201,2865,-118.44017,34.04427
06037207901,3645,-118.26485,34.04217
06037206201,2647,-118.2439,34.04779
06037216201,2701,-118.34737,34.05892
06037189907,2434,-118.35173,34.0962
06037401801,4000,-117.70898,34.11159
06037103402,4075,-118.30832,34.25726
06037920048,6307,-118.47785,34.42005
06037800337,3373,-118.71277,34.13733
06037139705,3643,-118.49257,34.1421
06037293204,3119,-118.3015,33.83092
06037310705,2387,-118.30846,34.17931
06037603008,3186,-118.29495,33.89815
06037403328,5936,-117.83857,33.99538
06037403703,4809,-117.8456,34.0928
06037139502,3118,-118.52878,34.16492
06037402703,4880,-117.72414,34.07862
06037228320,3023,-118.26343,34.00744
06037232702,3932,-118.28375,33.99121
06037228720,4394,-118.24994,34.00018
06037702400,4677,-118.38471,34.02634
06037294820,3346,-118.26557,33.7798
06037574500,6533,-118.10116,33.78362
06037980021,56,-118.38358,34.26568
06037542104,3475,-118.19043,33.90145
06065041812,3488,-117.56398,33.86479
06037540800,6321,-118.25982,33.91639
06037530500,4270,-118.16589,34.03879
06037482522,4455,-118.09414,34.04175
06037406101,3583,-117.89016,34.09132
06059021816,4895,-117.7946,33.87637
06059087805,7065,-117.98013,33.81028
06059088402,4679,-117.91931,33.78887
06059099703,5884,-117.98515,33.73492
06059074806,4765,-117.89157,33.73676
06037221900,4917,-118.28992,34.02647
06037701701,3543,-118.47211,34.03244
06037219500,1783,-118.34034,34.01984
06037502200,6477,-118.07313,33.97839
06037600601,2571,-118.32205,33.94185
06037500202,4982,-117.9981,33.96065
06037403324,6516,-117.81426,33.98222
06059076205,7297,-117.84871,33.80576
06037242000,4459,-118.2502,33.93907
06037500900,5602,-118.07982,33.99374
06059032028,3610,-117.67514,33.62137
06065040403,5646,-117.49355,33.99143
06059021828,4123,-117.70819,33.88503
06059021825,3119,-117.75568,33.89742
06059110004,4852,-118.02241,33.77807
06059099906,4941,-118.03561,33.76409
06059021924,4622,-117.68575,33.81279
06037275313,3321,-118.43435,33.98535
06037650606,4502,-118.35876,33.8407
06037621005,5547,-118.40173,33.87031
06037541401,3848,-118.2347,33.91535
06065040812,3419,-117.54937,33.92274
06037128801,3805,-118.46496,34.16889
06037185203,2651,-118.23273,34.1006
06037404504,5087,-117.90341,34.11167
06037186403,2521,-118.24033,34.11147
06037408005,5269,-117.89418,34.04793
06037269906,3037,-118.40316,34.02591
06065041415,4530,-117.48779,33.85527
06065041601,2899,-117.57139,33.87524
06037211804,3247,-118.30661,34.06716
06037236203,3743,-118.34531,34.01765
06037240401,5493,-118.28573,33.95043
06037143603,2482,-118.37059000000001,34.14424
06037192002,2550,-118.35504,34.08367
06037408629,3005,-117.96202,33.97935
06037500403,4025,-118.06405,34.00902
06037480002,3416,-118.08649,34.121339999999996
06037533504,3848,-118.19308,33.98552
06037216301,1374,-118.36829,34.06097
06037980022,0,-118.48525,34.29974
06037104500,3151,-118.42575,34.25551
06037404902,3832,-117.97901,34.08558
06037500300,3024,-118.03749,34.01737
06037920329,6723,-118.55019,34.4115
06037404000,4545,-117.88583,34.11409
06071000105,6087,-117.73635,33.99183
06071002206,6654,-117.58431,34.02632
06037404302,2388,-117.90347,34.11794
06037113322,4251,-118.57202,34.2546
06037461400,2939,-118.12439,34.17323
06071012201,9002,-117.66583,33.99149
06037503502,4297,-118.00166,33.93256
06037124203,2450,-118.37466,34.17753
06037101122,3728,-118.29149,34.26732
06037400605,7161,-117.89953,34.14694
06037670417,2866,-118.37067,33.77632
06037294421,2794,-118.29695,33.78885
06059110401,5704,-117.99364,33.85253
06059099802,5225,-117.99395,33.75569
06059063906,5947,-117.90513,33.65799
06059099223,5430,-117.95904,33.73582
06059062647,4863,-117.70833,33.60177
06071000205,4853,-117.68738,34.08071
06059032048,5505,-117.62839,33.65149
06059074602,8002,-117.86366,33.73699
06059052532,6488,-117.7721,33.67513
06059062653,6694,-117.74436,33.63627
06059099419,3960,-118.00191,33.69527
06059042333,4970,-117.68496,33.56688
06037554900,7069,-118.07569,33.85981
06037980011,140,-118.21428,33.78513
06037536202,3949,-118.16413,33.91578
06037408503,6329,-117.98268,33.98452
06037234302,2597,-118.32522,34.00718
06037980018,30,-118.15373,33.81484
06037270102,2186,-118.3975,34.02514
06037267202,3470,-118.43435,34.04769
06037214505,1817,-118.34876,34.06817
06037432002,5358,-118.05962,34.10307
06037920047,6676,-118.45183,34.41165
06037408628,5146,-117.94228,33.98298
06037480012,4917,-118.07470000000001,34.11922
06059001604,4284,-117.92319,33.90965
06065040618,10472,-117.53556,34.00286
06037134720,5011,-118.56881,34.20416
06037133000,4424,-118.55788,34.1974
06037269800,3386,-118.39661,34.03291
06037212900,3721,-118.32112,34.04964
06037405400,4858,-117.92979,34.09301
06037265301,13527,-118.44637,34.0713
06037265303,4012,-118.45352,34.06751
06037211420,3479,-118.30294,34.07195
06037124903,3630,-118.40087,34.16661
06037185204,1977,-118.22319,34.10249
06037194102,3462,-118.36785,34.11605
06037127711,3434,-118.47011,34.18756
06037214503,3495,-118.35516,34.06725
06037186202,1985,-118.22508,34.12029
06037275500,5307,-118.4138,33.99286
06037211921,2447,-118.2929,34.0664
06037226001,2632,-118.25173,34.02474
06037134905,5219,-118.58416,34.18388
06037920044,2737,-118.51641,34.44301
06037920114,6331,-118.55879,34.43203
06037651401,2585,-118.33412,33.78625
06059052438,6784,-117.69904,33.67439
06037920326,7212,-118.61338,34.36284
06065040616,11213,-117.57875,33.94449
06065048100,6631,-117.60029,33.82073
06059052437,7679,-117.73346,33.75466
06037400207,4706,-117.77181,34.14292
06037701201,4228,-118.49377,34.04273
06037211202,2693,-118.29411,34.07453
06037570404,3509,-118.19471,33.87863
06037201602,2686,-118.1671,34.0758
06037543306,6778,-118.24078,33.83208
06037540700,3544,-118.24635,33.92604
06037430400,4393,-118.02661,34.16363
06037480703,3410,-118.15927,34.10683
06037920013,7801,-118.51734,34.43239
06037301300,2070,-118.27282,34.17662
06037123800,5757,-118.40085,34.18116
06037401311,6909,-117.81475,34.10863
06037543000,4684,-118.25844,33.89036
06037530302,6375,-118.14841,34.02793
06037431200,6202,-117.99688,34.12367
06037431400,3898,-118.01029,34.11249
06111008401,5332,-118.70961,34.2889
06037543201,3687,-118.23445,33.88633
06037141201,4289,-118.44268,34.15254
06037480303,3806,-118.13771,34.09409
06037189904,2502,-118.34684,34.10003
06037702502,4320,-118.37822,34.01227
06037541500,5675,-118.22666,33.9135
06037609900,1804,-118.29969,33.74077
06037301601,5952,-118.28863,34.16413
06037463500,5523,-118.12678,34.13783
06037201503,3059,-118.17341,34.08566
06037402405,2959,-117.79349,34.06917
06037186100,4678,-118.22884,34.12844
06037143902,2979,-118.41781,34.13802
06037670416,4074,-118.40545,33.75639
06037800506,2954,-118.60464,34.05888
06037104321,3009,-118.41819,34.27158
06037530007,6651,-118.08855,34.02621
06037500402,4566,-118.07697,34.00237
06037239320,3441,-118.27174,33.97809
06037576700,4153,-118.16046,33.76493
06037533901,5864,-118.15525,33.97317
06037181000,6132,-118.20444,34.14404
06037406413,7129,-117.89894,34.06516
06037217101,2520,-118.35476,34.04688
06037481203,6375,-118.08097,34.09648
06037239502,3697,-118.26296,33.96931
06037240902,3304,-118.26216,33.9351
06037103202,2026,-118.34223,34.27383
06037670418,4207,-118.37916,33.78644
06037191302,2192,-118.28911,34.0977
06037265410,1592,-118.46187,34.06545
06037296902,3987,-118.2973,33.73511
06037237201,3546,-118.29911,33.98582
06037297602,3579,-118.29039,33.71698
06037531702,4564,-118.1604,34.01626
06037192620,3260,-118.29605,34.07767
06059001902,2750,-117.95474,33.86213
06037124700,5343,-118.41743,34.16306
06037407002,3566,-117.9901,34.0536
06059099903,5600,-118.01166,33.76751
06059021922,4953,-117.7397,33.85891
06059063103,2763,-117.89982,33.64587
06059042307,7263,-117.69045,33.59936
06037123304,4518,-118.40615,34.1978
06037128303,3876,-118.45308,34.18208
06037501400,3826,-118.04637,33.98097
06037408303,4383,-118.0017,34.03554
06037122000,5289,-118.41907,34.21777
06059032031,3580,-117.64986,33.64382
06111008303,3887,-118.68534,34.2698
06037404402,5042,-117.92163,34.12397
06037920342,3011,-118.51805,34.37648
06037408725,5940,-117.89417,33.98114
06037408722,4385,-117.90306,33.97041
06037143101,2142,-118.35339,34.14816
06037670604,5356,-118.36036,33.7426
06059074003,3760,-117.86224,33.70369
06037543704,3284,-118.27337,33.81369
06037293203,3337,-118.30645,33.8332
06037570504,3903,-118.17938,33.87097
06037602602,3339,-118.32215,33.90557
06037216800,3566,-118.3708,34.05454
06037480802,3079,-118.15274,34.08379
06037224200,2385,-118.27651,34.0409
06037123010,4253,-118.37468,34.20328
06037109500,4524,-118.4398,34.27377
06037482001,2719,-118.15887,34.05487
06037195300,3070,-118.2832,34.09864
06037221220,3143,-118.29608,34.04257
06037400602,4817,-117.90906,34.13985
06037481902,3297,-118.15029,34.06605
06037191201,4072,-118.29614,34.09968
06037143901,4319,-118.40008,34.13304
06037224020,3231,-118.26729,34.03079
06037530203,3357,-118.12639,34.02717
06037920312,5933,-118.5294,34.35773
06037920038,2629,-118.44649,34.4248
06037460200,5561,-118.13754,34.20125
06037432602,4504,-118.00531,34.08119
06037482701,4096,-118.14171,34.03995
06037211701,2733,-118.31847,34.06709
06037531701,5498,-118.15209,34.02169
06037408401,4377,-117.98019,34.01728
06037224600,3501,-118.27181,34.02214
06037218500,2810,-118.35052,34.03726
06059086406,4498,-117.87607,33.84346
06059001401,5493,-117.94174,33.94158
06059021822,9750,-117.79821,33.90514
06059087806,5552,-117.97166,33.80883
06059110005,3182,-118.0365,33.78032
06037192420,3645,-118.31134,34.08007
06059075518,9171,-117.8237,33.70888
06037127104,4140,-118.43559,34.20619
06059087504,7109,-117.90087,33.79709
06037554512,6583,-118.05521,33.87841
06037576801,4286,-118.16412,33.77006
06037571800,3229,-118.19903,33.83659
06037555212,4680,-118.06763,33.8288
06037553300,3530,-118.13959,33.90316
06037543400,4132,-118.27132,33.85133
06037602402,6812,-118.35681,33.90883
06037276000,6674,-118.38724,33.97053
06037432901,4202,-118.07103,34.07821
06037432802,5540,-118.05308,34.07925
06037551201,3673,-118.14478,33.92878
06037533602,5024,-118.19659,33.97717
06037540203,5135,-118.20495,33.92716
06037111303,4429,-118.51283,34.26121
06037231603,2737,-118.29371,34.00686
06037550502,4248,-118.10917,33.94994
06037980001,28,-118.35956,34.20024
06037403408,6022,-117.88105,34.02437
06037433200,6088,-118.03838,34.06845
06037535102,4557,-118.24957,33.95851
06037700200,6602,-118.36519,34.09309
06037208001,2494,-118.25615,34.05999
06037404806,5937,-117.96847,34.07116
06037190702,1420,-118.33592,34.09616
06037190102,2737,-118.34139,34.09797
06059099416,4883,-118.04583,33.71746
06059075504,4103,-117.82832,33.75435
06037123510,4938,-118.42776,34.19655
06037134710,5183,-118.57915,34.20585
06037204820,2055,-118.20581,34.02388
06037573002,3484,-118.19155,33.79349
06037553802,6601,-118.17386,33.88768
06037577200,5750,-118.14869,33.76284
06037132900,3538,-118.53114,34.18525
06059062611,4012,-117.83197,33.66417
06037573300,4068,-118.17743,33.7957
06037432102,5976,-118.05849,34.09227
06037201504,2254,-118.17416,34.08149
06037405002,2971,-117.949,34.10324
06037403000,6757,-117.75596,34.03605
06037228500,5376,-118.2696,34.0034
06037533701,3207,-118.18203,33.98826
06037701202,3498,-118.48982,34.03392
06037199802,2144,-118.21039,34.07281
06071002406,2646,-117.46244,34.10051
06037127803,5076,-118.45309,34.19755
06037221602,2693,-118.29218,34.03851
06037278102,2958,-118.44916,33.96218
06071002204,6141,-117.50646,34.06894
06037533300,3172,-118.20249,33.99159
06037120010,2892,-118.46244,34.21698
06037651221,3412,-118.35536,33.82214
06037502602,4377,-118.1032,33.96536
06037535503,2370,-118.21429,33.95654
06037294610,4025,-118.25825,33.78819
06037269909,2243,-118.40999,34.02547
06037402504,2902,-117.75414,34.04773
06037115203,2793,-118.53174,34.24461
06037141305,2986,-118.46302,34.15611
06037231902,3166,-118.27947,33.99838
06037402404,2303,-117.82211,34.05521
06037134423,3338,-118.63444,34.21446
06037294900,3871,-118.27687,33.77349
06037183101,3659,-118.18085,34.12136
06037212303,3486,-118.29352,34.06023
06037221302,4330,-118.31149,34.04194
06059088203,5013,-117.95862,33.78494
06059099226,3862,-117.93287,33.72002
06059011720,6727,-117.87851,33.8575
06059099216,4272,-117.94819,33.68033
06037551203,3737,-118.13978,33.92251
06059011718,3291,-117.84837,33.89262
06037195802,2744,-118.27709,34.07545
06037575101,4568,-118.16219,33.78792
06071001901,5493,-117.66305,34.00835
06037555107,5729,-118.06554,33.84057
06037406602,4978,-117.9324,34.05474
06037271703,3191,-118.41424,34.02519
06037553202,3620,-118.11424,33.90494
06037400208,1559,-117.7735,34.12808
06037106646,3367,-118.49558,34.27857
06037120104,2327,-118.4514,34.22563
06037408631,5023,-117.9583,33.99928
06037576903,3814,-118.15676,33.78164
06037408006,3750,-117.90114,34.03669
06059099235,5314,-117.98444,33.69036
06037310900,6999,-118.33145,34.18017
06037277000,5637,-118.40108,33.97125
06037197500,3973,-118.25709,34.07349
06037502303,8396,-118.07674,33.96709
06071002040,5159,-117.47085,34.16616
06071002029,5860,-117.56719,34.13153
06037571202,4459,-118.13367,33.84494
06037602801,4391,-118.30027,33.92781
06037190101,1832,-118.34205,34.10223
06111008501,4751,-118.7352,34.28938
06065041602,3245,-117.55068,33.87369
06071002048,3950,-117.53451,34.11791
06037203300,2280,-118.20724,34.05917
06037701702,3326,-118.48411,34.02275
06037220000,5420,-118.34057,34.0276
06059086407,6758,-117.86326,33.84374
06037403320,5503,-117.79383,34.00597
06037231720,5060,-118.28407,34.00921
06037228800,5709,-118.24328,33.99891
06037601802,3896,-118.35043,33.94002
06037800334,3749,-118.74441,34.15552
06111007405,5822,-118.73194,34.19431
06037134302,3746,-118.6208,34.21545
06037109700,4389,-118.48065,34.26116
06037482201,3808,-118.12213,34.05819
06059001901,2714,-117.96371,33.86328
06059110104,6077,-118.04133,33.82802
06059001704,8120,-117.95605,33.88671
06059099902,4592,-118.02083,33.76742
06071002609,3577,-117.47116,34.05747
06059087002,7457,-117.97178,33.82629
06059110115,3555,-118.04183,33.85822
06059099408,4354,-118.03718,33.7208
06059021916,3665,-117.7936,33.83992
06059042334,5118,-117.70576,33.56086
06059052527,8244,-117.79351,33.70891
06037503901,2799,-118.00624,33.88998
06037650603,3904,-118.36943,33.84581
06037570701,6993,-118.14859,33.85209
06059088106,4951,-117.99146,33.7775
06037553901,6709,-118.1514,33.89283
06037541801,5529,-118.19463,33.91185
06037601302,6785,-118.36328,33.96987
06059099245,2954,-117.98425,33.67587
06059063102,6932,-117.89388,33.6579
06059062614,25232,-117.84086,33.644
06059063701,5886,-117.92844,33.64886
06037119340,3600,-118.4519,34.23428
06037311300,3874,-118.34241,34.17308
06071000817,4021,-117.68309000000001,34.11595
06071001312,5865,-117.6063,34.07943
